NCM;DESCRICAO
01;ANIMAIS VIVOS.
0101;CAVALOS, ASININOS E MUARES, VIVOS.
01012;- CAVALOS:
01012100;-- REPRODUTORES DE RA A PURA
01012900;-- OUTROS
01013000;- ASININOS
01019000;- OUTROS
0102;ANIMAIS VIVOS DA ESP CIE BOVINA.
01022;- BOVINOS DOM STICOS:
010221;-- REPRODUTORES DE RA A PURA
01022110;PRENHES OU COM CRIA AO P
01022190;OUTROS
010229;-- OUTROS
0102291;PARA REPRODU  O
01022911;PRENHES OU COM CRIA AO P
01022919;OUTROS
01022990;OUTROS
01023;- B FALOS:
010231;-- REPRODUTORES DE RA A PURA
01023110;PRENHES OU COM CRIA AO P
01023190;OUTROS
010239;-- OUTROS
0102391;PARA REPRODU  O
01023911;PRENHES OU COM CRIA AO P
01023919;OUTROS
01023990;OUTROS
01029000;- OUTROS
0103;ANIMAIS VIVOS DA ESP CIE SU NA.
01031000;- REPRODUTORES DE RA A PURA
01039;- OUTROS:
01039100;-- DE PESO INFERIOR A 50 KG
01039200;-- DE PESO IGUAL OU SUPERIOR A 50 KG
0104;ANIMAIS VIVOS DAS ESP CIES OVINA E CAPRINA.
010410;- OVINOS
0104101;REPRODUTORES DE RA A PURA
01041011;PRENHES OU COM CRIA AO P
01041019;OUTROS
01041090;OUTROS
010420;- CAPRINOS
01042010;REPRODUTORES DE RA A PURA
01042090;OUTROS
0105;AVES DA ESP CIE GALLUS DOMESTICUS, PATOS, GANSOS, PERUS, PERUAS E GALINHAS-D'ANGOLA (PINTADAS), DAS ESP CIES DOM STICAS, VIVOS.
01051;- DE PESO N O SUPERIOR A 185 G:
010511;-- AVES DA ESP CIE GALLUS DOMESTICUS
01051110;DE LINHAS PURAS OU H BRIDAS, PARA REPRODU  O
01051190;OUTROS
01051200;-- PERUAS E PERUS
01051300;-- PATOS
01051400;-- GANSOS
01051500;-- GALINHAS-D'ANGOLA (PINTADAS)
01059;- OUTROS:
01059400;-- AVES DA ESP CIE GALLUS DOMESTICUS
01059900;-- OUTROS
0106;OUTROS ANIMAIS VIVOS.
01061;- MAM FEROS:
01061100;-- PRIMATAS
01061200;"-- BALEIAS, GOLFINHOS E BOTOS (MAM FEROS DA ORDEM CETACEA); PEIXES-BOI (MANATINS) E DUGONGOS (MAM FEROS DA ORDEM SIRENIA); OT RIAS E FOCAS, LE ES-MARINHOS E MORSAS (MAM FEROS DA SUBORDEM PINNIPEDIA)"
01061300;-- CAMELOS E OUTROS CAMEL DEOS (CAMELIDAE)
01061400;-- COELHOS E LEBRES
01061900;-- OUTROS
01062000;- R PTEIS (INCLUINDO AS SERPENTES E AS TARTARUGAS MARINHAS)
01063;- AVES:
01063100;-- AVES DE RAPINA
01063200;-- PSITACIFORMES (INCLUINDO OS PAPAGAIOS, OS PERIQUITOS, AS ARARAS E AS CATATUAS)
010633;"-- AVESTRUZES; EMUS (DROMAIUS NOVAEHOLLANDIAE)"
01063310;AVESTRUZES (STRUTHIO CAMELUS), PARA REPRODU  O
01063390;OUTROS
01063900;-- OUTRAS
01064;- INSETOS:
01064100;-- ABELHAS
01064900;-- OUTROS
01069000;- OUTROS
02;CARNES E MIUDEZAS, COMEST VEIS.
0201;CARNES DE ANIMAIS DA ESP CIE BOVINA, FRESCAS OU REFRIGERADAS.
02011000;- CARCA AS E MEIAS-CARCA AS
020120;- OUTRAS PE AS N O DESOSSADAS
02012010;QUARTOS DIANTEIROS
02012020;QUARTOS TRASEIROS
02012090;OUTRAS
02013000;- DESOSSADAS
0202;CARNES DE ANIMAIS DA ESP CIE BOVINA, CONGELADAS.
02021000;- CARCA AS E MEIAS-CARCA AS
020220;- OUTRAS PE AS N O DESOSSADAS
02022010;QUARTOS DIANTEIROS
02022020;QUARTOS TRASEIROS
02022090;OUTRAS
02023000;- DESOSSADAS
0203;CARNES DE ANIMAIS DA ESP CIE SU NA, FRESCAS, REFRIGERADAS OU CONGELADAS.
02031;- FRESCAS OU REFRIGERADAS:
02031100;-- CARCA AS E MEIAS-CARCA AS
02031200;-- PERNAS, P S E RESPECTIVOS PEDA OS, N O DESOSSADOS
02031900;-- OUTRAS
02032;- CONGELADAS:
02032100;-- CARCA AS E MEIAS-CARCA AS
02032200;-- PERNAS, P S E RESPECTIVOS PEDA OS, N O DESOSSADOS
02032900;-- OUTRAS
0204;CARNES DE ANIMAIS DAS ESP CIES OVINA OU CAPRINA, FRESCAS, REFRIGERADAS OU CONGELADAS.
02041000;- CARCA AS E MEIAS-CARCA AS DE CORDEIRO, FRESCAS OU REFRIGERADAS
02042;- OUTRAS CARNES DE ANIMAIS DA ESP CIE OVINA, FRESCAS OU REFRIGERADAS:
02042100;-- CARCA AS E MEIAS-CARCA AS
02042200;-- OUTRAS PE AS N O DESOSSADAS
02042300;-- DESOSSADAS
02043000;- CARCA AS E MEIAS-CARCA AS DE CORDEIRO, CONGELADAS
02044;- OUTRAS CARNES DE ANIMAIS DA ESP CIE OVINA, CONGELADAS:
02044100;-- CARCA AS E MEIAS-CARCA AS
02044200;-- OUTRAS PE AS N O DESOSSADAS
02044300;-- DESOSSADAS
02045000;- CARNES DE ANIMAIS DA ESP CIE CAPRINA
02050000;CARNES DE ANIMAIS DAS ESP CIES CAVALAR, ASININA E MUAR, FRESCAS, REFRIGERADAS OU CONGELADAS.
0206;MIUDEZAS COMEST VEIS DE ANIMAIS DAS ESP CIES BOVINA, SU NA, OVINA, CAPRINA, CAVALAR, ASININA E MUAR, FRESCAS, REFRIGERADAS OU CONGELADAS.
02061000;- DA ESP CIE BOVINA, FRESCAS OU REFRIGERADAS
02062;- DA ESP CIE BOVINA, CONGELADAS:
02062100;-- L NGUAS
02062200;-- F GADOS
020629;-- OUTRAS
02062910;RABOS
02062990;OUTROS
02063000;- DA ESP CIE SU NA, FRESCAS OU REFRIGERADAS
02064;- DA ESP CIE SU NA, CONGELADAS:
02064100;-- F GADOS
02064900;-- OUTRAS
02068000;- OUTRAS, FRESCAS OU REFRIGERADAS
02069000;- OUTRAS, CONGELADAS
0207;CARNES E MIUDEZAS, COMEST VEIS, FRESCAS, REFRIGERADAS OU CONGELADAS, DAS AVES DA POSI  O 01.05.
02071;- DE AVES DA ESP CIE GALLUS DOMESTICUS:
02071100;-- N O CORTADAS EM PEDA OS, FRESCAS OU REFRIGERADAS
020712;-- N O CORTADAS EM PEDA OS, CONGELADAS
02071210;COM MIUDEZAS
02071220;SEM MIUDEZAS
02071300;-- PEDA OS E MIUDEZAS, FRESCOS OU REFRIGERADOS
020714;-- PEDA OS E MIUDEZAS, CONGELADOS
0207141;PEDA OS N O DESOSSADOS
02071411;PEITOS
02071412;COXAS COM SOBRECOXAS
02071413;ASAS
02071419;OUTROS
0207142;PEDA OS DESOSSADOS
02071421;PEITOS, COXAS E SOBRECOXAS, FORMANDO UMA S  PE A
02071422;PEITOS
02071423;COXAS COM SOBRECOXAS
02071424;CARNE MECANICAMENTE SEPARADA
02071429;OUTROS
0207143;MIUDEZAS
02071431;F GADOS
02071432;MOELAS
02071433;CORA  ES
02071434;P S E PATAS
02071439;OUTRAS
02072;- DE PERUAS E DE PERUS:
02072400;-- N O CORTADAS EM PEDA OS, FRESCAS OU REFRIGERADAS
02072500;-- N O CORTADAS EM PEDA OS, CONGELADAS
02072600;-- PEDA OS E MIUDEZAS, FRESCOS OU REFRIGERADOS
02072700;-- PEDA OS E MIUDEZAS, CONGELADOS
02074;- DE PATOS:
02074100;-- N O CORTADAS EM PEDA OS, FRESCAS OU REFRIGERADAS
02074200;-- N O CORTADAS EM PEDA OS, CONGELADAS
02074300;-- F GADOS GORDOS (FOIES GRAS), FRESCOS OU REFRIGERADOS
02074400;-- OUTRAS, FRESCAS OU REFRIGERADAS
02074500;-- OUTRAS, CONGELADAS
02075;- DE GANSOS:
02075100;-- N O CORTADAS EM PEDA OS, FRESCAS OU REFRIGERADAS
02075200;-- N O CORTADAS EM PEDA OS, CONGELADAS
02075300;-- F GADOS GORDOS (FOIES GRAS), FRESCOS OU REFRIGERADOS
02075400;-- OUTRAS, FRESCAS OU REFRIGERADAS
02075500;-- OUTRAS, CONGELADAS
02076000;- DE GALINHAS-D'ANGOLA (PINTADAS)
0208;OUTRAS CARNES E MIUDEZAS COMEST VEIS, FRESCAS, REFRIGERADAS OU CONGELADAS.
02081000;- DE COELHOS OU LEBRES
02083000;- DE PRIMATAS
02084000;"- DE BALEIAS, GOLFINHOS E BOTOS (MAM FEROS DA ORDEM CETACEA); DE PEIXES-BOI (MANATINS) E DUGONGOS (MAM FEROS DA ORDEM SIRENIA); DE OT RIAS E FOCAS, LE ES-MARINHOS E MORSAS (MAM FEROS DA SUBORDEM PINNIPEDIA)"
02085000;- DE R PTEIS (INCLUINDO AS SERPENTES E AS TARTARUGAS MARINHAS)
02086000;- DE CAMELOS E OUTROS CAMEL DEOS (CAMELIDAE)
02089000;- OUTRAS
0209;TOUCINHO SEM PARTES MAGRAS, GORDURAS DE PORCO E DE AVES, N O FUNDIDAS NEM EXTRA DAS DE OUTRO MODO, FRESCOS, REFRIGERADOS, CONGELADOS, SALGADOS OU EM SALMOURA, SECOS OU DEFUMADOS (FUMADOS).
020910;- DE PORCO
0209101;TOUCINHO
02091011;FRESCO, REFRIGERADO OU CONGELADO
02091019;OUTROS
0209102;GORDURA
02091021;FRESCA, REFRIGERADA OU CONGELADA
02091029;OUTRAS
02099000;- OUTROS
0210;"CARNES E MIUDEZAS, COMEST VEIS, SALGADAS OU EM SALMOURA, SECAS OU DEFUMADAS (FUMADAS); FARINHAS E P S, COMEST VEIS, DE CARNES OU DE MIUDEZAS."
02101;- CARNES DA ESP CIE SU NA:
02101100;-- PERNAS, P S E RESPECTIVOS PEDA OS, N O DESOSSADOS
02101200;-- TOUCINHOS ENTREMEADOS (BARRIGAS (ENTREMEADAS)*) E SEUS PEDA OS
02101900;-- OUTRAS
02102000;- CARNES DA ESP CIE BOVINA
02109;- OUTRAS, INCLUINDO AS FARINHAS E P S, COMEST VEIS, DE CARNES OU DE MIUDEZAS:
02109100;-- DE PRIMATAS
02109200;"-- DE BALEIAS, GOLFINHOS E BOTOS (MAM FEROS DA ORDEM CETACEA); DE PEIXES-BOI (MANATINS) E DUGONGOS (MAM FEROS DA ORDEM SIRENIA); DE OT RIAS E FOCAS, LE ES-MARINHOS E MORSAS (MAM FEROS DA SUBORDEM PINNIPEDIA)"
02109300;-- DE R PTEIS (INCLUINDO AS SERPENTES E AS TARTARUGAS MARINHAS)
021099;-- OUTRAS
0210991;CARNES DE AVES DA POSI  O 01.05
02109911;DE GALOS E DE GALINHAS
02109919;OUTRAS
02109920;CARNES DA ESP CIE OVINA
02109930;CARNES DA ESP CIE CAVALAR
02109940;MIUDEZAS COMEST VEIS
02109990;OUTRAS
03;PEIXES E CRUST CEOS, MOLUSCOS E OUTROS INVERTEBRADOS AQU TICOS.
0301;PEIXES VIVOS.
03011;- PEIXES ORNAMENTAIS:
030111;-- DE  GUA DOCE
03011110;ARUAN  (OSTEOGLOSSUM BICIRRHOSUM)
03011190;OUTROS
03011900;-- OUTROS
03019;- OUTROS PEIXES VIVOS:
030191;-- TRUTAS (SALMO TRUTTA, ONCORHYNCHUS MYKISS, ONCORHYNCHUS CLARKI, ONCORHYNCHUS AGUABONITA, ONCORHYNCHUS GILAE, ONCORHYNCHUS APACHE E ONCORHYNCHUS CHRYSOGASTER)
03019110;PARA REPRODU  O
03019190;OUTRAS
030192;-- ENGUIAS (ANGUILLA SPP.)
03019210;PARA REPRODU  O
03019290;OUTRAS
030193;-- CARPAS (CYPRINUS SPP., CARASSIUS SPP., CTENOPHARYNGODON IDELLUS, HYPOPHTHALMICHTHYS SPP., CIRRHINUS SPP., MYLOPHARYNGODON PICEUS, CATLA CATLA, LABEO SPP., OSTEOCHILUS HASSELTI, LEPTOBARBUS HOEVENI, MEGALOBRAMA SPP.)
03019310;PARA REPRODU  O
03019390;OUTRAS
030194;-- ATUNS-AZUIS (ATUNS) (THUNNUS THYNNUS, THUNNUS ORIENTALIS)
03019410;PARA REPRODU  O
03019490;OUTRAS
030195;-- ATUM-AZUL DO SUL (ATUM) (THUNNUS MACCOYII)
03019510;PARA REPRODU  O
03019590;OUTROS
030199;-- OUTROS
0301991;PARA REPRODU  O
03019911;"TIL PIAS (TILAPIA SPP., OREOCHROMIS SPP., SAROTHERODON SPP., DANAKILIA SPP.; SEUS H BRIDOS)"
03019912;ESTURJ ES (ACIPENSER BAERII, ACIPENSER GUELDENSTAEDTII, ACIPENSER PERSICUS, ACIPENSER STELLATUS)
03019919;OUTROS
0301999;OUTROS
03019991;"TIL PIAS (TILAPIA SPP., OREOCHROMIS SPP., SAROTHERODON SPP., DANAKILIA SPP.; SEUS H BRIDOS)"
03019992;ESTURJ ES (ACIPENSER BAERII, ACIPENSER GUELDENSTAEDTII, ACIPENSER PERSICUS, ACIPENSER STELLATUS)
03019999;OUTROS
0302;PEIXES FRESCOS OU REFRIGERADOS, EXCETO OS FIL S (FILETES) DE PEIXES E OUTRA CARNE DE PEIXES DA POSI  O 03.04.
03021;- SALMON DEOS, EXCETO SUBPRODUTOS COMEST VEIS DE PEIXES DAS SUBPOSI  ES 0302.91 A 0302.99:
03021100;-- TRUTAS (SALMO TRUTTA, ONCORHYNCHUS MYKISS, ONCORHYNCHUS CLARKI, ONCORHYNCHUS AGUABONITA, ONCORHYNCHUS GILAE, ONCORHYNCHUS APACHE E ONCORHYNCHUS CHRYSOGASTER)
03021300;-- SALM ES-DO-PAC FICO (ONCORHYNCHUS NERKA, ONCORHYNCHUS GORBUSCHA, ONCORHYNCHUS KETA, ONCORHYNCHUS TSCHAWYTSCHA, ONCORHYNCHUS KISUTCH, ONCORHYNCHUS MASOU E ONCORHYNCHUS RHODURUS)
03021400;-- SALM O-DO-ATL NTICO (SALMO SALAR) E SALM O-DO-DAN BIO (HUCHO HUCHO)
03021900;-- OUTROS
03022;- PEIXES CHATOS (PLEURONECTIDAE, BOTHIDAE, CYNOGLOSSIDAE, SOLEIDAE, SCOPHTHALMIDAE E CITHARIDAE), EXCETO SUBPRODUTOS COMEST VEIS DE PEIXES DAS SUBPOSI  ES 0302.91 A 0302.99:
03022100;-- LINGUADOS-GIGANTES (ALABOTES*) (REINHARDTIUS HIPPOGLOSSOIDES, HIPPOGLOSSUS HIPPOGLOSSUS, HIPPOGLOSSUS STENOLEPIS)
03022200;-- SOLHA (PLEURONECTES PLATESSA)
03022300;-- LINGUADOS (SOLEA SPP.)
03022400;-- PREGADO (PSETTA MAXIMA)
03022900;-- OUTROS
03023;- ATUNS (DO G NERO THUNNUS), BONITO-LISTRADO (GAIADO*) (KATSUWONUS PELAMIS), EXCETO SUBPRODUTOS COMEST VEIS DE PEIXES DAS SUBPOSI  ES 0302.91 A 0302.99:
03023100;-- ALBACORA-BRANCA (ATUM) (THUNNUS ALALUNGA)
03023200;-- ALBACORA-LAJE (ATUM) (THUNNUS ALBACARES)
03023300;-- BONITO-LISTRADO (GAIADO*) (KATSUWONUS PELAMIS)
03023400;-- ALBACORA-BANDOLIM (ATUM) (THUNNUS OBESUS)
03023500;-- ATUNS-AZUIS (ATUNS) (THUNNUS THYNNUS, THUNNUS ORIENTALIS)
03023600;-- ATUM-AZUL DO SUL (ATUM) (THUNNUS MACCOYII)
03023900;-- OUTROS
03024;- ARENQUES (CLUPEA HARENGUS, CLUPEA PALLASII), ANCHOVAS (BIQUEIR ES*) (ENGRAULIS SPP.), SARDINHAS (SARDINA PILCHARDUS, SARDINOPS SPP., SARDINELLA SPP.) (SARDINHA (SARDINA PILCHARDUS) E SARDINELAS (SARDINOPS SPP., SARDINELLA SPP.)*), ANCHOVETA (ESPADILHA*) (SPRATTUS SPRATTUS), CAVALINHAS (SARDAS E CAVALAS*) (SCOMBER SCOMBRUS, SCOMBER AUSTRALASICUS, SCOMBER JAPONICUS), CAVALAS-DO- NDICO (RASTRELLIGER SPP.), SERRAS (SCOMBEROMORUS SPP.), CARAPAUS (TRACHURUS SPP.), XAR US (CARANX SPP.), BIJUPIR  (COBIA*) (RACHYCENTRON CANADUM), PAMPOS-PRATEADO (PAMPUS SPP.), AGULH O-DO-JAP O (COLOLABIS SAIRA), CHARROS (DECAPTERUS SPP.), CAPELIM (MALLOTUS VILLOSUS), ESPADARTE (XIPHIAS GLADIUS), MERMA-ORIENTAL (EUTHYNNUS AFFINIS), BONITOS (SARDA SPP.), ESPADINS, MARLINS, VELEIROS (ISTIOPHORIDAE), EXCETO SUBPRODUTOS COMEST VEIS DE PEIXES DAS SUBPOSI  ES 0302.91 A 0302.99:
03024100;-- ARENQUES (CLUPEA HARENGUS, CLUPEA PALLASII)
030242;-- ANCHOVAS (BIQUEIR ES*) (ENGRAULIS SPP.)
03024210;ANCHOITA (ENGRAULIS ANCHOITA)
03024290;OUTROS
03024300;-- SARDINHAS (SARDINA PILCHARDUS, SARDINOPS SPP., SARDINELLA SPP.) (SARDINHA (SARDINA PILCHARDUS) E SARDINELAS (SARDINOPS SPP., SARDINELLA SPP.)*), ANCHOVETA (ESPADILHA*) (SPRATTUS SPRATTUS)
03024400;-- CAVALINHAS (SARDAS E CAVALAS*) (SCOMBER SCOMBRUS, SCOMBER AUSTRALASICUS, SCOMBER JAPONICUS)
03024500;-- CARAPAUS (TRACHURUS SPP.)
03024600;-- BIJUPIR  (COBIA*) (RACHYCENTRON CANADUM)
03024700;-- ESPADARTE (XIPHIAS GLADIUS)
030249;-- OUTROS
03024910;ESPADINS, MARLINS, VELEIROS (ISTIOPHORIDAE)
03024990;OUTROS
03025;- PEIXES DAS FAM LIAS BREGMACEROTIDAE, EUCLICHTHYIDAE, GADIDAE, MACROURIDAE, MELANONIDAE, MERLUCCIIDAE, MORIDAE E MURAENOLEPIDIDAE, EXCETO SUBPRODUTOS COMEST VEIS DE PEIXES DAS SUBPOSI  ES 0302.91 A 0302.99:
03025100;-- BACALHAU-DO-ATL NTICO (GADUS MORHUA), BACALHAU-DA-GROEL NDIA (GADUS OGAC) E BACALHAU-DO-PAC FICO (GADUS MACROCEPHALUS)
03025200;-- HADOQUE (ARINCA*) (MELANOGRAMMUS AEGLEFINUS)
03025300;-- SAITHE (ESCAMUDO*) (POLLACHIUS VIRENS)
03025400;-- MERLUZAS (PESCADAS*) E ABR TEAS (MERLUCCIUS SPP., UROPHYCIS SPP.)
03025500;-- POLACA-DO-ALASCA (ESCAMUDO-DO-ALASCA*) (THERAGRA CHALCOGRAMMA)
03025600;-- VERDINHOS (MICROMESISTIUS POUTASSOU, MICROMESISTIUS AUSTRALIS)
03025900;-- OUTROS
03027;- TIL PIAS (OREOCHROMIS SPP.), BAGRES (PEIXES-GATO*) (PANGASIUS SPP., SILURUS SPP., CLARIAS SPP., ICTALURUS SPP.), CARPAS (CYPRINUS SPP., CARASSIUS SPP., CTENOPHARYNGODON IDELLUS, HYPOPHTHALMICHTHYS SPP., CIRRHINUS SPP., MYLOPHARYNGODON PICEUS, CATLA CATLA, LABEO SPP., OSTEOCHILUS HASSELTI, LEPTOBARBUS HOEVENI, MEGALOBRAMA SPP.), ENGUIAS (ANGUILLA SPP.), PERCA-DO-NILO (LATES NILOTICUS) E PEIXES CABE A-DE-SERPENTE (CHANNA SPP.), EXCETO SUBPRODUTOS COMEST VEIS DE PEIXES DAS SUBPOSI  ES 0302.91 A 0302.99:
03027100;-- TIL PIAS (OREOCHROMIS SPP.)
030272;-- BAGRES (PEIXES-GATO*) (PANGASIUS SPP., SILURUS SPP., CLARIAS SPP., ICTALURUS SPP.)
03027210;BAGRE AMERICANO (ICTALURUS PUNCTATUS)
03027290;OUTROS
03027300;-- CARPAS (CYPRINUS SPP., CARASSIUS SPP., CTENOPHARYNGODON IDELLUS, HYPOPHTHALMICHTHYS SPP., CIRRHINUS SPP., MYLOPHARYNGODON PICEUS, CATLA CATLA, LABEO SPP., OSTEOCHILUS HASSELTI, LEPTOBARBUS HOEVENI, MEGALOBRAMA SPP.)
03027400;-- ENGUIAS (ANGUILLA SPP.)
03027900;-- OUTROS
03028;- OUTROS PEIXES, EXCETO SUBPRODUTOS COMEST VEIS DE PEIXES DAS SUBPOSI  ES 0302.91 A 0302.99:
03028100;-- CA  O E OUTROS TUBAR ES
03028200;-- RAIAS (RAJIDAE)
030283;-- MERLUZA NEGRA E MERLUZA ANT RTICA (MARLONGAS*) (DISSOSTICHUS SPP.)
03028310;MERLUZA NEGRA (DISSOSTICHUS ELEGINOIDES)
03028320;MERLUZA ANT RTICA (DISSOSTICHUS MAWSONI)
03028400;-- ROBALOS (DICENTRARCHUS SPP.)
03028500;-- ESPAR DEOS (SPARIDAE)
030289;-- OUTROS
03028910;PARGO (LUTJANUS PURPUREUS)
0302892;CHERNE-POVEIRO (POLYPRION AMERICANUS), GAROUPAS (ACANTHISTIUS SPP.), ESTURJ O (ACIPENSER BAERII) E PEIXES-REI (ATHERINA SPP.)
03028921;CHERNE-POVEIRO (POLYPRION AMERICANUS)
03028922;GAROUPAS (ACANTHISTIUS SPP.)
03028923;ESTURJ O (ACIPENSER BAERII)
03028924;PEIXES-REI (ATHERINA SPP.)
0302893;"CURIMAT S (PROCHILODUS SPP.), TIL PIAS (TILAPIA SPP., SAROTHERODON SPP., DANAKILIA SPP.; SEUS H BRIDOS), SURUBINS (PSEUDOPLATYSTOMA SPP.), TRA RA (HOPLIAS MALABARICUS & H. CF. LACERDAE), PIAUS (LEPORINUS SPP.), TAINHAS (MUGIL SPP.), PIRARUCU (ARAPAIMA GIGAS) E PESCADAS (CYNOSCION SPP.)"
03028931;CURIMAT S (PROCHILODUS SPP.)
03028932;"TIL PIAS (TILAPIA SPP., SAROTHERODON SPP., DANAKILIA SPP.; SEUS H BRIDOS)"
03028933;SURUBINS (PSEUDOPLATYSTOMA SPP.)
03028934;TRA RA (HOPLIAS MALABARICUS & H. CF. LACERDAE)
03028935;PIAUS (LEPORINUS SPP.)
03028936;TAINHAS (MUGIL SPP.)
03028937;PIRARUCU (ARAPAIMA GIGAS)
03028938;PESCADAS (CYNOSCION SPP.)
0302894;PIRAMUTABA (BRACHYPLATYSTOMA VAILLANTII), DOURADA (BRACHYPLATYSTOMA FLAVICANS), PACU (PIARACTUS MESOPOTAMICUS), TAMBAQUI (COLOSSOMA MACROPOMUM) E TAMBACU (H BRIDO DE TAMBAQUI E PACU)
03028941;PIRAMUTABA (BRACHYPLATYSTOMA VAILLANTII)
03028942;DOURADA (BRACHYPLATYSTOMA FLAVICANS)
03028943;PACU (PIARACTUS MESOPOTAMICUS)
03028944;TAMBAQUI (COLOSSOMA MACROPOMUM)
03028945;TAMBACU (H BRIDO DE TAMBAQUI E PACU)
03028990;OUTROS
03029;- F GADOS, OVAS, G NADAS MASCULINAS, BARBATANAS, CABE AS, CAUDAS, BEXIGAS-NATAT RIAS E OUTROS SUBPRODUTOS COMEST VEIS DE PEIXES:
030291;-- F GADOS, OVAS E G NADAS MASCULINAS
03029110;OVAS DE TAINHAS (MUGIL SPP.)
03029190;OUTROS
03029200;-- BARBATANAS DE TUBAR O
03029900;-- OUTROS
0303;PEIXES CONGELADOS, EXCETO OS FIL S (FILETES) DE PEIXES E OUTRA CARNE DE PEIXES DA POSI  O 03.04.
03031;- SALMON DEOS, EXCETO SUBPRODUTOS COMEST VEIS DE PEIXES DAS SUBPOSI  ES 0303.91 A 0303.99:
03031100;-- SALM O-DO-PAC FICO (SALM O-VERMELHO) (ONCORHYNCHUS NERKA)
03031200;-- OUTROS SALM ES-DO-PAC FICO (ONCORHYNCHUS GORBUSCHA, ONCORHYNCHUS KETA, ONCORHYNCHUS TSCHAWYTSCHA, ONCORHYNCHUS KISUTCH, ONCORHYNCHUS MASOU E ONCORHYNCHUS RHODURUS)
03031300;-- SALM O-DO-ATL NTICO (SALMO SALAR) E SALM O-DO-DAN BIO (HUCHO HUCHO)
03031400;-- TRUTAS (SALMO TRUTTA, ONCORHYNCHUS MYKISS, ONCORHYNCHUS CLARKI, ONCORHYNCHUS AGUABONITA, ONCORHYNCHUS GILAE, ONCORHYNCHUS APACHE E ONCORHYNCHUS CHRYSOGASTER)
03031900;-- OUTROS
03032;- TIL PIAS (OREOCHROMIS SPP.), BAGRES (PEIXES-GATO*) (PANGASIUS SPP., SILURUS SPP., CLARIAS SPP., ICTALURUS SPP.), CARPAS (CYPRINUS SPP., CARASSIUS SPP., CTENOPHARYNGODON IDELLUS, HYPOPHTHALMICHTHYS SPP., CIRRHINUS SPP., MYLOPHARYNGODON PICEUS, CATLA CATLA, LABEO SPP., OSTEOCHILUS HASSELTI, LEPTOBARBUS HOEVENI, MEGALOBRAMA SPP.), ENGUIAS (ANGUILLA SPP.), PERCA-DO-NILO (LATES NILOTICUS) E PEIXES CABE A-DE-SERPENTE (CHANNA SPP.), EXCETO SUBPRODUTOS COMEST VEIS DE PEIXES DAS SUBPOSI  ES 0303.91 A 0303.99:
03032300;-- TIL PIAS (OREOCHROMIS SPP.)
030324;-- BAGRES (PEIXES-GATO*) (PANGASIUS SPP., SILURUS SPP., CLARIAS SPP., ICTALURUS SPP.)
03032410;BAGRE AMERICANO (ICTALURUS PUNCTATUS)
03032490;OUTROS
03032500;-- CARPAS (CYPRINUS SPP., CARASSIUS SPP., CTENOPHARYNGODON IDELLUS, HYPOPHTHALMICHTHYS SPP., CIRRHINUS SPP., MYLOPHARYNGODON PICEUS, CATLA CATLA, LABEO SPP., OSTEOCHILUS HASSELTI, LEPTOBARBUS HOEVENI, MEGALOBRAMA SPP.)
03032600;-- ENGUIAS (ANGUILLA SPP.)
03032900;-- OUTROS
03033;- PEIXES CHATOS (PLEURONECTIDAE, BOTHIDAE, CYNOGLOSSIDAE, SOLEIDAE, SCOPHTHALMIDAE E CITHARIDAE), EXCETO SUBPRODUTOS COMEST VEIS DE PEIXES DAS SUBPOSI  ES 0303.91 A 0303.99:
03033100;-- LINGUADOS-GIGANTES (ALABOTES*) (REINHARDTIUS HIPPOGLOSSOIDES, HIPPOGLOSSUS HIPPOGLOSSUS, HIPPOGLOSSUS STENOLEPIS)
03033200;-- SOLHA (PLEURONECTES PLATESSA)
03033300;-- LINGUADOS (SOLEA SPP.)
03033400;-- PREGADO (PSETTA MAXIMA)
03033900;-- OUTROS
03034;- ATUNS (DO G NERO THUNNUS), BONITO-LISTRADO (GAIADO*) (KATSUWONUS PELAMIS), EXCETO SUBPRODUTOS COMEST VEIS DE PEIXES DAS SUBPOSI  ES 0303.91 A 0303.99:
03034100;-- ALBACORA-BRANCA (ATUM) (THUNNUS ALALUNGA)
03034200;-- ALBACORA-LAJE (ATUM) (THUNNUS ALBACARES)
03034300;-- BONITO-LISTRADO (GAIADO*) (KATSUWONUS PELAMIS)
03034400;-- ALBACORA-BANDOLIM (ATUM) (THUNNUS OBESUS)
03034500;-- ATUNS-AZUIS (ATUNS) (THUNNUS THYNNUS, THUNNUS ORIENTALIS)
03034600;-- ATUM-AZUL DO SUL (ATUM) (THUNNUS MACCOYII)
03034900;-- OUTROS
03035;- ARENQUES (CLUPEA HARENGUS, CLUPEA PALLASII), ANCHOVAS (BIQUEIR ES*) (ENGRAULIS SPP.), SARDINHAS (SARDINA PILCHARDUS, SARDINOPS SPP., SARDINELLA SPP.) (SARDINHA (SARDINA PILCHARDUS) E SARDINELAS (SARDINOPS SPP., SARDINELLA SPP.)*), ANCHOVETA (ESPADILHA*) (SPRATTUS SPRATTUS), CAVALINHAS (SARDAS E CAVALAS*) (SCOMBER SCOMBRUS, SCOMBER AUSTRALASICUS, SCOMBER JAPONICUS), CAVALAS-DO- NDICO (RASTRELLIGER SPP.), SERRAS (SCOMBEROMORUS SPP.), CARAPAUS (TRACHURUS SPP.), XAR US (CARANX SPP.), BIJUPIR  (COBIA*) (RACHYCENTRON CANADUM), PAMPOS-PRATEADO (PAMPUS SPP.), AGULH O-DO-JAP O (COLOLABIS SAIRA), CHARROS (DECAPTERUS SPP.), CAPELIM (MALLOTUS VILLOSUS), ESPADARTE (XIPHIAS GLADIUS), MERMA-ORIENTAL (EUTHYNNUS AFFINIS), BONITOS (SARDA SPP.), ESPADINS, MARLINS, VELEIROS (ISTIOPHORIDAE), EXCETO SUBPRODUTOS COMEST VEIS DE PEIXES DAS SUBPOSI  ES 0303.91 A 0303.99:
03035100;-- ARENQUES (CLUPEA HARENGUS, CLUPEA PALLASII)
03035300;-- SARDINHAS (SARDINA PILCHARDUS, SARDINOPS SPP., SARDINELLA SPP.) (SARDINHA (SARDINA PILCHARDUS) E SARDINELAS (SARDINOPS SPP., SARDINELLA SPP.)*), ANCHOVETA (ESPADILHA*) (SPRATTUS SPRATTUS)
03035400;-- CAVALINHAS (SARDAS E CAVALAS*) (SCOMBER SCOMBRUS, SCOMBER AUSTRALASICUS, SCOMBER JAPONICUS)
03035500;-- CARAPAUS (TRACHURUS SPP.)
03035600;-- BIJUPIR  (COBIA*) (RACHYCENTRON CANADUM)
03035700;-- ESPADARTE (XIPHIAS GLADIUS)
030359;-- OUTROS
03035910;ESPADINS, MARLINS, VELEIROS (ISTIOPHORIDAE)
03035920;ANCHOITA (ENGRAULIS ANCHOITA)
03035990;OUTROS
03036;- PEIXES DAS FAM LIAS BREGMACEROTIDAE, EUCLICHTHYIDAE, GADIDAE, MACROURIDAE, MELANONIDAE, MERLUCCIIDAE, MORIDAE E MURAENOLEPIDIDAE, EXCETO SUBPRODUTOS COMEST VEIS DE PEIXES DAS SUBPOSI  ES 0303.91 A 0303.99:
03036300;-- BACALHAU-DO-ATL NTICO (GADUS MORHUA), BACALHAU-DA-GROEL NDIA (GADUS OGAC) E BACALHAU-DO-PAC FICO (GADUS MACROCEPHALUS)
03036400;-- HADOQUE (ARINCA*) (MELANOGRAMMUS AEGLEFINUS)
03036500;-- SAITHE (ESCAMUDO*) (POLLACHIUS VIRENS)
03036600;-- MERLUZAS (PESCADAS*) E ABR TEAS (MERLUCCIUS SPP., UROPHYCIS SPP.)
03036700;-- POLACA-DO-ALASCA (ESCAMUDO-DO-ALASCA*) (THERAGRA CHALCOGRAMMA)
03036800;-- VERDINHOS (MICROMESISTIUS POUTASSOU, MICROMESISTIUS AUSTRALIS)
030369;-- OUTROS
03036910;MERLUZA ROSADA (MACRURONUS MAGELLANICUS)
03036990;OUTROS
03038;- OUTROS PEIXES, EXCETO SUBPRODUTOS COMEST VEIS DE PEIXES DAS SUBPOSI  ES 0303.91 A 0303.99:
030381;-- CA  O E OUTROS TUBAR ES
0303811;TUBAR O-AZUL (PRIONACE GLAUCA)
03038111;INTEIRO
03038112;EVISCERADO, SEM CABE A E SEM BARBATANAS
03038113;EM PEDA OS, COM PELE
03038114;EM PEDA OS, SEM PELE
03038119;OUTROS
03038190;OUTROS
03038200;-- RAIAS (RAJIDAE)
030383;-- MERLUZA NEGRA E MERLUZA ANT RTICA (MARLONGAS*) (DISSOSTICHUS SPP.)
0303831;MERLUZA NEGRA (DISSOSTICHUS ELEGINOIDES)
03038311;EVISCERADAS, SEM CABE A E SEM CAUDA
03038319;OUTRAS
0303832;MERLUZA ANT RTICA (DISSOSTICHUS MAWSONI)
03038321;EVISCERADAS, SEM CABE A E SEM CAUDA
03038329;OUTRAS
03038400;-- ROBALOS (DICENTRARCHUS SPP.)
030389;-- OUTROS
03038910;CORVINA (MICROPOGONIAS FURNIERI)
03038920;PESCADAS (CYNOSCION SPP.)
0303893;PARGO (LUTJANUS PURPUREUS) E PEIXE-SAPO (LOPHIUS GASTROPHYSUS)
03038932;PARGO (LUTJANUS PURPUREUS)
03038933;PEIXE-SAPO (LOPHIUS GASTROPHYSUS)
0303894;CHERNE-POVEIRO (POLYPRION AMERICANUS), GAROUPAS (ACANTHISTIUS SPP.), TAINHAS (MUGIL SPP.), ESTURJ ES (ACIPENSER BAERII, ACIPENSER GUELDENSTAEDTII, ACIPENSER PERSICUS, ACIPENSER STELLATUS), PEIXES-REI (ATHERINA SPP.) E NOTOTENIAS (PATAGONOTOTHEN SPP.)
03038941;CHERNE-POVEIRO (POLYPRION AMERICANUS)
03038942;GAROUPAS (ACANTHISTIUS SPP.)
03038943;TAINHAS (MUGIL SPP.)
03038944;ESTURJ ES (ACIPENSER BAERII, ACIPENSER GUELDENSTAEDTII, ACIPENSER PERSICUS, ACIPENSER STELLATUS)
03038945;PEIXES-REI (ATHERINA SPP.)
03038946;NOTOTENIAS (PATAGONOTOTHEN SPP.)
0303895;"CURIMAT S (PROCHILODUS SPP.), TIL PIAS (TILAPIA SPP., SAROTHERODON SPP., DANAKILIA SPP.; SEUS H BRIDOS), SURUBINS (PSEUDOPLATYSTOMA SPP.), TRA RA (HOPLIAS MALABARICUS & H. CF. LACERDAE), PIAUS (LEPORINUS SPP.) E PIRARUCU (ARAPAIMA GIGAS)"
03038951;CURIMAT S (PROCHILODUS SPP.)
03038952;"TIL PIAS (TILAPIA SPP., SAROTHERODON SPP., DANAKILIA SPP.; SEUS H BRIDOS)"
03038953;SURUBINS (PSEUDOPLATYSTOMA SPP.)
03038954;TRA RA (HOPLIAS MALABARICUS & H. CF. LACERDAE)
03038955;PIAUS (LEPORINUS SPP.)
03038956;PIRARUCU (ARAPAIMA GIGAS)
0303896;PIRAMUTABA (BRACHYPLATYSTOMA VAILLANTII), DOURADA (BRACHYPLATYSTOMA FLAVICANS), PACU (PIARACTUS MESOPOTAMICUS), TAMBAQUI (COLOSSOMA MACROPOMUM) E TAMBACU (H BRIDO DE TAMBAQUI E PACU)
03038961;PIRAMUTABA (BRACHYPLATYSTOMA VAILLANTII)
03038962;DOURADA (BRACHYPLATYSTOMA FLAVICANS)
03038963;PACU (PIARACTUS MESOPOTAMICUS)
03038964;TAMBAQUI (COLOSSOMA MACROPOMUM)
03038965;TAMBACU (H BRIDO DE TAMBAQUI E PACU)
03038990;OUTROS
03039;- F GADOS, OVAS, G NADAS MASCULINAS, BARBATANAS, CABE AS, CAUDAS, BEXIGAS-NATAT RIAS E OUTROS SUBPRODUTOS COMEST VEIS DE PEIXES:
030391;-- F GADOS, OVAS E G NADAS MASCULINAS
03039110;OVAS DE TAINHAS (MUGIL SPP.)
03039190;OUTROS
03039200;-- BARBATANAS DE TUBAR O
030399;-- OUTROS
03039910;CABE AS DE MERLUZA NEGRA (DISSOSTICHUS ELEGINOIDES)
03039920;CABE AS DE MERLUZA ANT RTICA (DISSOSTICHUS MAWSONI)
03039990;OUTROS
0304;FIL S (FILETES) DE PEIXES E OUTRA CARNE DE PEIXES (MESMO PICADA), FRESCOS, REFRIGERADOS OU CONGELADOS.
03043;- FIL S (FILETES) DE TIL PIAS (OREOCHROMIS SPP.), BAGRES (PEIXES-GATO*) (PANGASIUS SPP., SILURUS SPP., CLARIAS SPP., ICTALURUS SPP.), CARPAS (CYPRINUS SPP., CARASSIUS SPP., CTENOPHARYNGODON IDELLUS, HYPOPHTHALMICHTHYS SPP., CIRRHINUS SPP., MYLOPHARYNGODON PICEUS, CATLA CATLA, LABEO SPP., OSTEOCHILUS HASSELTI, LEPTOBARBUS HOEVENI, MEGALOBRAMA SPP.), ENGUIAS (ANGUILLA SPP.), PERCA-DO-NILO (LATES NILOTICUS) E PEIXES CABE A-DE-SERPENTE (CHANNA SPP.), FRESCOS OU REFRIGERADOS:
03043100;-- TIL PIAS (OREOCHROMIS SPP.)
030432;-- BAGRES (PEIXES-GATO*) (PANGASIUS SPP., SILURUS SPP., CLARIAS SPP., ICTALURUS SPP.)
03043210;BAGRE AMERICANO (ICTALURUS PUNCTATUS)
03043290;OUTROS
03043300;-- PERCA-DO-NILO (LATES NILOTICUS)
03043900;-- OUTROS
03044;- FIL S (FILETES) DE OUTROS PEIXES, FRESCOS OU REFRIGERADOS:
03044100;-- SALM ES-DO-PAC FICO (ONCORHYNCHUS NERKA, ONCORHYNCHUS GORBUSCHA, ONCORHYNCHUS KETA, ONCORHYNCHUS TSCHAWYTSCHA, ONCORHYNCHUS KISUTCH, ONCORHYNCHUS MASOU E ONCORHYNCHUS RHODURUS), SALM O-DO-ATL NTICO (SALMO SALAR) E SALM O-DO-DAN BIO (HUCHO HUCHO)
03044200;-- TRUTAS (SALMO TRUTTA, ONCORHYNCHUS MYKISS, ONCORHYNCHUS CLARKI, ONCORHYNCHUS AGUABONITA, ONCORHYNCHUS GILAE, ONCORHYNCHUS APACHE E ONCORHYNCHUS CHRYSOGASTER)
03044300;-- PEIXES CHATOS (PLEURONECTIDAE, BOTHIDAE, CYNOGLOSSIDAE, SOLEIDAE, SCOPHTHALMIDAE E CITHARIDAE)
03044400;-- PEIXES DAS FAM LIAS BREGMACEROTIDAE, EUCLICHTHYIDAE, GADIDAE, MACROURIDAE, MELANONIDAE, MERLUCCIIDAE, MORIDAE E MURAENOLEPIDIDAE
03044500;-- ESPADARTE (XIPHIAS GLADIUS)
03044600;-- MERLUZA NEGRA E MERLUZA ANT RTICA (MARLONGAS*) (DISSOSTICHUS SPP.)
03044700;-- CA  O E OUTROS TUBAR ES
03044800;-- RAIAS (RAJIDAE)
030449;-- OUTROS
03044910;CHERNE-POVEIRO (POLYPRION AMERICANUS)
03044920;GAROUPAS (ACANTHISTIUS SPP.)
03044990;OUTROS
03045;- OUTROS, FRESCOS OU REFRIGERADOS:
03045100;-- TIL PIAS (OREOCHROMIS SPP.), BAGRES (PEIXES-GATO*) (PANGASIUS SPP., SILURUS SPP., CLARIAS SPP., ICTALURUS SPP.), CARPAS (CYPRINUS SPP., CARASSIUS SPP., CTENOPHARYNGODON IDELLUS, HYPOPHTHALMICHTHYS SPP., CIRRHINUS SPP., MYLOPHARYNGODON PICEUS, CATLA CATLA, LABEO SPP., OSTEOCHILUS HASSELTI, LEPTOBARBUS HOEVENI, MEGALOBRAMA SPP.), ENGUIAS (ANGUILLA SPP.), PERCA-DO-NILO (LATES NILOTICUS) E PEIXES CABE A-DE-SERPENTE (CHANNA SPP.)
03045200;-- SALMON DEOS
03045300;-- PEIXES DAS FAM LIAS BREGMACEROTIDAE, EUCLICHTHYIDAE, GADIDAE, MACROURIDAE, MELANONIDAE, MERLUCCIIDAE, MORIDAE E MURAENOLEPIDIDAE
03045400;-- ESPADARTE (XIPHIAS GLADIUS)
03045500;-- MERLUZA NEGRA E MERLUZA ANT RTICA (MARLONGAS*) (DISSOSTICHUS SPP.)
03045600;-- CA  O E OUTROS TUBAR ES
03045700;-- RAIAS (RAJIDAE)
03045900;-- OUTROS
03046;- FIL S (FILETES) DE TIL PIAS (OREOCHROMIS SPP.), BAGRES (PEIXES-GATO*) (PANGASIUS SPP., SILURUS SPP., CLARIAS SPP., ICTALURUS SPP.), CARPAS (CYPRINUS SPP., CARASSIUS SPP., CTENOPHARYNGODON IDELLUS, HYPOPHTHALMICHTHYS SPP., CIRRHINUS SPP., MYLOPHARYNGODON PICEUS, CATLA CATLA, LABEO SPP., OSTEOCHILUS HASSELTI, LEPTOBARBUS HOEVENI, MEGALOBRAMA SPP.), ENGUIAS (ANGUILLA SPP.), PERCA-DO-NILO (LATES NILOTICUS) E PEIXES CABE A-DE-SERPENTE (CHANNA SPP.), CONGELADOS:
03046100;-- TIL PIAS (OREOCHROMIS SPP.)
030462;-- BAGRES (PEIXES-GATO*) (PANGASIUS SPP., SILURUS SPP., CLARIAS SPP., ICTALURUS SPP.)
03046210;BAGRE AMERICANO (ICTALURUS PUNCTATUS)
03046290;OUTROS
03046300;-- PERCA-DO-NILO (LATES NILOTICUS)
03046900;-- OUTROS
03047;- FIL S (FILETES) DE PEIXES DAS FAM LIAS BREGMACEROTIDAE, EUCLICHTHYIDAE, GADIDAE, MACROURIDAE, MELANONIDAE, MERLUCCIIDAE, MORIDAE E MURAENOLEPIDIDAE, CONGELADOS:
03047100;-- BACALHAU-DO-ATL NTICO (GADUS MORHUA), BACALHAU-DA-GROEL NDIA (GADUS OGAC) E BACALHAU-DO-PAC FICO (GADUS MACROCEPHALUS)
03047200;-- HADOQUE (ARINCA*) (MELANOGRAMMUS AEGLEFINUS)
03047300;-- SAITHE (ESCAMUDO*) (POLLACHIUS VIRENS)
03047400;-- MERLUZAS (PESCADAS*) E ABR TEAS (MERLUCCIUS SPP., UROPHYCIS SPP.)
03047500;-- POLACA-DO-ALASCA (ESCAMUDO-DO-ALASCA*) (THERAGRA CHALCOGRAMMA)
03047900;-- OUTROS
03048;- FIL S (FILETES) DE OUTROS PEIXES, CONGELADOS:
03048100;-- SALM ES-DO-PAC FICO (ONCORHYNCHUS NERKA, ONCORHYNCHUS GORBUSCHA, ONCORHYNCHUS KETA, ONCORHYNCHUS TSCHAWYTSCHA, ONCORHYNCHUS KISUTCH, ONCORHYNCHUS MASOU E ONCORHYNCHUS RHODURUS), SALM O-DO-ATL NTICO (SALMO SALAR) E SALM O-DO-DAN BIO (HUCHO HUCHO)
03048200;-- TRUTAS (SALMO TRUTTA, ONCORHYNCHUS MYKISS, ONCORHYNCHUS CLARKI, ONCORHYNCHUS AGUABONITA, ONCORHYNCHUS GILAE, ONCORHYNCHUS APACHE E ONCORHYNCHUS CHRYSOGASTER)
03048300;-- PEIXES CHATOS (PLEURONECTIDAE, BOTHIDAE, CYNOGLOSSIDAE, SOLEIDAE, SCOPHTHALMIDAE E CITHARIDAE)
03048400;-- ESPADARTE (XIPHIAS GLADIUS)
030485;-- MERLUZA NEGRA E MERLUZA ANT RTICA (MARLONGAS*) (DISSOSTICHUS SPP.)
03048510;MERLUZA NEGRA (DISSOSTICHUS ELEGINOIDES)
03048520;MERLUZA ANT RTICA (DISSOSTICHUS MAWSONI)
03048600;-- ARENQUES (CLUPEA HARENGUS, CLUPEA PALLASII)
03048700;-- ATUNS (DO G NERO THUNNUS), BONITO-LISTRADO (GAIADO*) (KATSUWONUS PELAMIS)
030488;-- CA  O E OUTROS TUBAR ES, RAIAS (RAJIDAE)
03048810;TUBAR O-AZUL (PRIONACE GLAUCA)
03048890;OUTROS
030489;-- OUTROS
03048910;PARGO (LUTJANUS PURPUREUS)
03048920;CHERNE-POVEIRO (POLYPRION AMERICANUS)
03048930;GAROUPAS (ACANTHISTIUS SPP.)
03048990;OUTROS
03049;- OUTROS, CONGELADOS:
03049100;-- ESPADARTE (XIPHIAS GLADIUS)
030492;-- MERLUZA NEGRA E MERLUZA ANT RTICA (MARLONGAS*) (DISSOSTICHUS SPP.)
0304921;MERLUZA NEGRA (DISSOSTICHUS ELEGINOIDES)
03049211;BOCHECHAS (CHEEKS)
03049212;COLARES (COLLARS)
03049219;OUTROS
0304922;MERLUZA ANT RTICA (DISSOSTICHUS MAWSONI)
03049221;BOCHECHAS (CHEEKS)
03049222;COLARES (COLLARS)
03049229;OUTROS
03049300;-- TIL PIAS (OREOCHROMIS SPP.), BAGRES (PEIXES-GATO*) (PANGASIUS SPP., SILURUS SPP., CLARIAS SPP., ICTALURUS SPP.), CARPAS (CYPRINUS SPP., CARASSIUS SPP., CTENOPHARYNGODON IDELLUS, HYPOPHTHALMICHTHYS SPP., CIRRHINUS SPP., MYLOPHARYNGODON PICEUS, CATLA CATLA, LABEO SPP., OSTEOCHILUS HASSELTI, LEPTOBARBUS HOEVENI, MEGALOBRAMA SPP.), ENGUIAS (ANGUILLA SPP.), PERCA-DO-NILO (LATES NILOTICUS) E PEIXES CABE A-DE-SERPENTE (CHANNA SPP.)
03049400;-- POLACA-DO-ALASCA (ESCAMUDO-DO-ALASCA*) (THERAGRA CHALCOGRAMMA)
03049500;-- PEIXES DAS FAM LIAS BREGMACEROTIDAE, EUCLICHTHYIDAE, GADIDAE, MACROURIDAE, MELANONIDAE, MERLUCCIIDAE, MORIDAE E MURAENOLEPIDIDAE, EXCETO A POLACA-DO-ALASCA (ESCAMUDO-DO-ALASCA*) (THERAGRA CHALCOGRAMMA)
03049600;-- CA  O E OUTROS TUBAR ES
03049700;-- RAIAS (RAJIDAE)
03049900;-- OUTROS
0305;"PEIXES SECOS, SALGADOS OU EM SALMOURA; PEIXES DEFUMADOS (FUMADOS), MESMO COZIDOS ANTES OU DURANTE A DEFUMA  O."
030520;- F GADOS, OVAS E G NADAS MASCULINAS, DE PEIXES, SECOS, DEFUMADOS (FUMADOS), SALGADOS OU EM SALMOURA
03052010;OVAS DE TAINHAS (MUGIL SPP.)
03052090;OUTROS
03053;- FIL S (FILETES) DE PEIXES, SECOS, SALGADOS OU EM SALMOURA, MAS N O DEFUMADOS (FUMADOS):
03053100;-- TIL PIAS (OREOCHROMIS SPP.), BAGRES (PEIXES-GATO*) (PANGASIUS SPP., SILURUS SPP., CLARIAS SPP., ICTALURUS SPP.), CARPAS (CYPRINUS SPP., CARASSIUS SPP., CTENOPHARYNGODON IDELLUS, HYPOPHTHALMICHTHYS SPP., CIRRHINUS SPP., MYLOPHARYNGODON PICEUS, CATLA CATLA, LABEO SPP., OSTEOCHILUS HASSELTI, LEPTOBARBUS HOEVENI, MEGALOBRAMA SPP.), ENGUIAS (ANGUILLA SPP.), PERCA-DO-NILO (LATES NILOTICUS) E PEIXES CABE A-DE-SERPENTE (CHANNA SPP.)
030532;-- PEIXES DAS FAM LIAS BREGMACEROTIDAE, EUCLICHTHYIDAE, GADIDAE, MACROURIDAE, MELANONIDAE, MERLUCCIIDAE, MORIDAE E MURAENOLEPIDIDAE
03053210;BACALHAU-DO-ATL NTICO (GADUS MORHUA), BACALHAU-DA-GROEL NDIA (GADUS OGAC) E BACALHAU-DO-PAC FICO (GADUS MACROCEPHALUS)
03053220;SAITHE (POLLACHIUS VIRENS)
03053230;LING (MOLVA MOLVA) E ZARBO (BROSME BROSME)
03053290;OUTROS
03053900;-- OUTROS
03054;- PEIXES DEFUMADOS (FUMADOS), MESMO EM FIL S (FILETES), EXCETO SUBPRODUTOS COMEST VEIS DE PEIXES:
03054100;-- SALM ES-DO-PAC FICO (ONCORHYNCHUS NERKA, ONCORHYNCHUS GORBUSCHA, ONCORHYNCHUS KETA, ONCORHYNCHUS TSCHAWYTSCHA, ONCORHYNCHUS KISUTCH, ONCORHYNCHUS MASOU E ONCORHYNCHUS RHODURUS), SALM O-DO-ATL NTICO (SALMO SALAR) E SALM O-DO-DAN BIO (HUCHO HUCHO)
03054200;-- ARENQUES (CLUPEA HARENGUS, CLUPEA PALLASII)
03054300;-- TRUTAS (SALMO TRUTTA, ONCORHYNCHUS MYKISS, ONCORHYNCHUS CLARKI, ONCORHYNCHUS AGUABONITA, ONCORHYNCHUS GILAE, ONCORHYNCHUS APACHE E ONCORHYNCHUS CHRYSOGASTER)
03054400;-- TIL PIAS (OREOCHROMIS SPP.), BAGRES (PEIXES-GATO*) (PANGASIUS SPP., SILURUS SPP., CLARIAS SPP., ICTALURUS SPP.), CARPAS (CYPRINUS SPP., CARASSIUS SPP., CTENOPHARYNGODON IDELLUS, HYPOPHTHALMICHTHYS SPP., CIRRHINUS SPP., MYLOPHARYNGODON PICEUS, CATLA CATLA, LABEO SPP., OSTEOCHILUS HASSELTI, LEPTOBARBUS HOEVENI, MEGALOBRAMA SPP.), ENGUIAS (ANGUILLA SPP.), PERCA-DO-NILO (LATES NILOTICUS) E PEIXES CABE A-DE-SERPENTE (CHANNA SPP.)
030549;-- OUTROS
03054910;BACALHAU-DO-ATL NTICO (GADUS MORHUA), BACALHAU-DA-GROEL NDIA (GADUS OGAC) E BACALHAU-DO-PAC FICO (GADUS MACROCEPHALUS)
03054920;SAITHE (POLLACHIUS VIRENS), LING (MOLVA MOLVA) E ZARBO (BROSME BROSME)
03054990;OUTROS
03055;- PEIXES SECOS, EXCETO SUBPRODUTOS COMEST VEIS DE PEIXES, MESMO SALGADOS, MAS N O DEFUMADOS (FUMADOS):
03055100;-- BACALHAU-DO-ATL NTICO (GADUS MORHUA), BACALHAU-DA-GROEL NDIA (GADUS OGAC) E BACALHAU-DO-PAC FICO (GADUS MACROCEPHALUS)
03055200;-- TIL PIAS (OREOCHROMIS SPP.), BAGRES (PEIXES-GATO*) (PANGASIUS SPP., SILURUS SPP., CLARIAS SPP., ICTALURUS SPP.), CARPAS (CYPRINUS SPP., CARASSIUS SPP., CTENOPHARYNGODON IDELLUS, HYPOPHTHALMICHTHYS SPP., CIRRHINUS SPP., MYLOPHARYNGODON PICEUS, CATLA CATLA, LABEO SPP., OSTEOCHILUS HASSELTI, LEPTOBARBUS HOEVENI, MEGALOBRAMA SPP.), ENGUIAS (ANGUILLA SPP.), PERCA-DO-NILO (LATES NILOTICUS) E PEIXES CABE A-DE-SERPENTE (CHANNA SPP.)
030553;-- PEIXES DAS FAM LIAS BREGMACEROTIDAE, EUCLICHTHYIDAE, GADIDAE, MACROURIDAE, MELANONIDAE, MERLUCCIIDAE, MORIDAE E MURAENOLEPIDIDAE, EXCETO BACALHAU (GADUS MORHUA, GADUS OGAC, GADUS MACROCEPHALUS)
03055310;BACALHAU POLAR (BOREOGADUS SAIDA), SAITHE (POLLACHIUS VIRENS), LING (MOLVA MOLVA), LING AZUL (MOLVA DYPTERYGIA), ZARBO (BROSME BROSME), ABROTEA-DO-ALTO (UROPHYCIS BLENNOIDES) E HADOQUE (MELANOGRAMMUS AEGLEFINUS)
03055390;OUTROS
03055400;-- ARENQUES (CLUPEA HARENGUS, CLUPEA PALLASII), ANCHOVAS (BIQUEIR ES*) (ENGRAULIS SPP.), SARDINHAS (SARDINA PILCHARDUS, SARDINOPS SPP., SARDINELLA SPP.) (SARDINHA (SARDINA PILCHARDUS) E SARDINELAS (SARDINOPS SPP., SARDINELLA SPP.)*), ANCHOVETA (ESPADILHA*) (SPRATTUS SPRATTUS), CAVALINHAS (SARDAS E CAVALAS*) (SCOMBER SCOMBRUS, SCOMBER AUSTRALASICUS, SCOMBER JAPONICUS), CAVALAS-DO- NDICO (RASTRELLIGER SPP.), SERRAS (SCOMBEROMORUS SPP.), CARAPAUS (TRACHURUS SPP.), XAR US (CARANX SPP.), BIJUPIR  (COBIA*) (RACHYCENTRON CANADUM), PAMPOS-PRATEADO (PAMPUS SPP.), AGULH O-DO-JAP O (COLOLABIS SAIRA), CHARROS (DECAPTERUS SPP.), CAPELIM (MALLOTUS VILLOSUS), ESPADARTE (XIPHIAS GLADIUS), MERMA-ORIENTAL (EUTHYNNUS AFFINIS), BONITOS (SARDA SPP.), ESPADINS, MARLINS, VELEIROS (ISTIOPHORIDAE)
03055900;-- OUTROS
03056;- PEIXES SALGADOS, N O SECOS NEM DEFUMADOS (FUMADOS) E PEIXES EM SALMOURA, EXCETO SUBPRODUTOS COMEST VEIS DE PEIXES:
03056100;-- ARENQUES (CLUPEA HARENGUS, CLUPEA PALLASII)
03056200;-- BACALHAU-DO-ATL NTICO (GADUS MORHUA), BACALHAU-DA-GROEL NDIA (GADUS OGAC) E BACALHAU-DO-PAC FICO (GADUS MACROCEPHALUS)
03056300;-- ANCHOVAS (BIQUEIR ES*) (ENGRAULIS SPP.)
03056400;-- TIL PIAS (OREOCHROMIS SPP.), BAGRES (PEIXES-GATO*) (PANGASIUS SPP., SILURUS SPP., CLARIAS SPP., ICTALURUS SPP.), CARPAS (CYPRINUS SPP., CARASSIUS SPP., CTENOPHARYNGODON IDELLUS, HYPOPHTHALMICHTHYS SPP., CIRRHINUS SPP., MYLOPHARYNGODON PICEUS, CATLA CATLA, LABEO SPP., OSTEOCHILUS HASSELTI, LEPTOBARBUS HOEVENI, MEGALOBRAMA SPP.), ENGUIAS (ANGUILLA SPP.), PERCA-DO-NILO (LATES NILOTICUS) E PEIXES CABE A-DE-SERPENTE (CHANNA SPP.)
030569;-- OUTROS
03056910;SAITHE (POLLACHIUS VIRENS), LING (MOLVA MOLVA) E ZARBO (BROSME BROSME)
03056990;OUTROS
03057;- BARBATANAS, CABE AS, CAUDAS, BEXIGAS-NATAT RIAS E OUTROS SUBPRODUTOS COMEST VEIS DE PEIXES:
03057100;-- BARBATANAS DE TUBAR O
03057200;-- CABE AS, CAUDAS E BEXIGAS-NATAT RIAS, DE PEIXES
03057900;-- OUTROS
0306;"CRUST CEOS, MESMO COM CASCA, VIVOS, FRESCOS, REFRIGERADOS, CONGELADOS, SECOS, SALGADOS OU EM SALMOURA; CRUST CEOS, MESMO COM CASCA, DEFUMADOS (FUMADOS), MESMO COZIDOS ANTES OU DURANTE A DEFUMA  O; CRUST CEOS COM CASCA, COZIDOS EM  GUA OU VAPOR, MESMO REFRIGERADOS, CONGELADOS, SECOS, SALGADOS OU EM SALMOURA."
03061;- CONGELADOS:
030611;-- LAGOSTAS (PALINURUS SPP., PANULIRUS SPP., JASUS SPP.)
03061110;INTEIRAS
03061190;OUTRAS
03061200;-- LAVAGANTES (HOMARUS SPP.)
03061400;-- CARANGUEJOS
03061500;-- LAGOSTA NORUEGUESA (LAGOSTIM*) (NEPHROPS NORVEGICUS)
030616;-- CAMAR ES DE  GUA FRIA (PANDALUS SPP., CRANGON CRANGON)
03061610;INTEIROS
03061690;OUTROS
030617;-- OUTROS CAMAR ES
03061710;INTEIROS
03061790;OUTROS
030619;-- OUTROS
03061910;KRILL (EUPHAUSIA SUPERBA)
03061990;OUTROS
03063;- VIVOS, FRESCOS OU REFRIGERADOS:
03063100;-- LAGOSTAS (PALINURUS SPP., PANULIRUS SPP., JASUS SPP.)
03063200;-- LAVAGANTES (HOMARUS SPP.)
03063300;-- CARANGUEJOS
03063400;-- LAGOSTA NORUEGUESA (LAGOSTIM*) (NEPHROPS NORVEGICUS)
03063500;-- CAMAR ES DE  GUA FRIA (PANDALUS SPP., CRANGON CRANGON)
03063600;-- OUTROS CAMAR ES
030639;-- OUTROS
03063910;LAGOSTA DE  GUA DOCE (CHERAX QUADRICARINATUS)
03063990;OUTROS
03069;- OUTROS:
03069100;-- LAGOSTAS (PALINURUS SPP., PANULIRUS SPP., JASUS SPP.)
03069200;-- LAVAGANTES (HOMARUS SPP.)
03069300;-- CARANGUEJOS
03069400;-- LAGOSTA NORUEGUESA (LAGOSTIM*) (NEPHROPS NORVEGICUS)
03069500;-- CAMAR ES
030699;-- OUTROS
03069910;LAGOSTA DE  GUA DOCE (CHERAX QUADRICARINATUS)
03069990;OUTROS
0307;"MOLUSCOS, MESMO COM CONCHA, VIVOS, FRESCOS, REFRIGERADOS, CONGELADOS, SECOS, SALGADOS OU EM SALMOURA; MOLUSCOS, MESMO COM CONCHA, DEFUMADOS (FUMADOS), MESMO COZIDOS ANTES OU DURANTE A DEFUMA  O."
03071;- OSTRAS:
03071100;-- VIVAS, FRESCAS OU REFRIGERADAS
03071200;-- CONGELADAS
03071900;-- OUTRAS
03072;- VIEIRAS E OUTROS MOLUSCOS DA FAM LIA PECTINIDAE:
03072100;-- VIVOS, FRESCOS OU REFRIGERADOS
03072200;-- CONGELADOS
03072900;-- OUTROS
03073;- MEXILH ES (MYTILUS SPP., PERNA SPP.):
03073100;-- VIVOS, FRESCOS OU REFRIGERADOS
03073200;-- CONGELADOS
03073900;-- OUTROS
03074;"- S PIAS (CHOCOS*) (CHOCOS E CHOPOS*); LULAS (POTAS E LULAS*):"
03074200;-- VIVAS, FRESCAS OU REFRIGERADAS
030743;-- CONGELADAS
03074310;LULAS
03074320;S PIAS
03074900;-- OUTRAS
03075;- POLVOS (OCTOPUS SPP.):
03075100;-- VIVOS, FRESCOS OU REFRIGERADOS
03075200;-- CONGELADOS
03075900;-- OUTROS
03076000;- CARAC IS, EXCETO OS DO MAR
03077;- AM IJOAS, BERBIG ES E ARCAS (FAM LIAS ARCIDAE, ARCTICIDAE, CARDIIDAE, DONACIDAE, HIATELLIDAE, MACTRIDAE, MESODESMATIDAE, MYIDAE, SEMELIDAE, SOLECURTIDAE, SOLENIDAE, TRIDACNIDAE E VENERIDAE):
03077100;-- VIVOS, FRESCOS OU REFRIGERADOS
03077200;-- CONGELADOS
03077900;-- OUTROS
03078;- ABALONES (ORELHAS-DO-MAR*) (HALIOTIS SPP.) E ESTROMBOS (STROMBUS SPP.):
03078100;-- ABALONES (ORELHAS-DO-MAR*) (HALIOTIS SPP.) VIVOS, FRESCOS OU REFRIGERADOS
03078200;-- ESTROMBOS (STROMBUS SPP.) VIVOS, FRESCOS OU REFRIGERADOS
03078300;-- ABALONES (ORELHAS-DO-MAR*) (HALIOTIS SPP.) CONGELADOS
03078400;-- ESTROMBOS (STROMBUS SPP.) CONGELADOS
03078700;-- OUTROS ABALONES (ORELHAS-DO-MAR*) (HALIOTIS SPP.)
03078800;-- OUTROS ESTROMBOS (STROMBUS SPP.)
03079;- OUTROS:
03079100;-- VIVOS, FRESCOS OU REFRIGERADOS
03079200;-- CONGELADOS
03079900;-- OUTROS
0308;"INVERTEBRADOS AQU TICOS, EXCETO CRUST CEOS E MOLUSCOS, VIVOS, FRESCOS, REFRIGERADOS, CONGELADOS, SECOS, SALGADOS OU EM SALMOURA; INVERTEBRADOS AQU TICOS, EXCETO CRUST CEOS E MOLUSCOS, DEFUMADOS (FUMADOS), MESMO COZIDOS ANTES OU DURANTE A DEFUMA  O."
03081;- PEPINOS-DO-MAR (STICHOPUS JAPONICUS, HOLOTHUROIDEA):
03081100;-- VIVOS, FRESCOS OU REFRIGERADOS
03081200;-- CONGELADOS
03081900;-- OUTROS
03082;- OURI OS-DO-MAR (STRONGYLOCENTROTUS SPP., PARACENTROTUS LIVIDUS, LOXECHINUS ALBUS, ECHINUS ESCULENTUS):
03082100;-- VIVOS, FRESCOS OU REFRIGERADOS
03082200;-- CONGELADOS
03082900;-- OUTROS
03083000;- MEDUSAS ( GUAS-VIVAS) (RHOPILEMA SPP.)
03089000;- OUTROS
0309;FARINHAS, P S E PELLETS, DE PEIXE, CRUST CEOS, MOLUSCOS E DE OUTROS INVERTEBRADOS AQU TICOS, PR PRIOS PARA ALIMENTA  O HUMANA.
03091000;- DE PEIXE
03099000;- OUTROS
04;"LEITE E LATIC NIOS; OVOS DE AVES; MEL NATURAL; PRODUTOS COMEST VEIS DE ORIGEM ANIMAL, N O ESPECIFICADOS NEM COMPREENDIDOS NOUTROS CAP TULOS."
0401;LEITE E CREME DE LEITE (NATA), N O CONCENTRADOS NEM ADICIONADOS DE A  CAR OU DE OUTROS EDULCORANTES.
040110;- COM UM TEOR, EM PESO, DE MAT RIAS GORDAS, N O SUPERIOR A 1 %
04011010;LEITE UHT (ULTRA HIGH TEMPERATURE)
04011090;OUTROS
040120;- COM UM TEOR, EM PESO, DE MAT RIAS GORDAS, SUPERIOR A 1 %, MAS N O SUPERIOR A 6 %
04012010;LEITE UHT (ULTRA HIGH TEMPERATURE)
04012090;OUTROS
040140;- COM UM TEOR, EM PESO, DE MAT RIAS GORDAS, SUPERIOR A 6 %, MAS N O SUPERIOR A 10 %
04014010;LEITE
0401402;CREME DE LEITE (NATA)
04014021;UHT (ULTRA HIGH TEMPERATURE)
04014029;OUTROS
040150;- COM UM TEOR, EM PESO, DE MAT RIAS GORDAS, SUPERIOR A 10 %
04015010;LEITE
0401502;CREME DE LEITE (NATA)
04015021;UHT (ULTRA HIGH TEMPERATURE)
04015029;OUTROS
0402;LEITE E CREME DE LEITE (NATA), CONCENTRADOS OU ADICIONADOS DE A  CAR OU DE OUTROS EDULCORANTES.
040210;- EM P , GR NULOS OU OUTRAS FORMAS S LIDAS, COM UM TEOR, EM PESO, DE MAT RIAS GORDAS, N O SUPERIOR A 1,5 %
04021010;COM UM TEOR DE ARS NIO, CHUMBO OU COBRE, CONSIDERADOS ISOLADAMENTE, INFERIOR A 5 PPM
04021090;OUTROS
04022;- EM P , GR NULOS OU OUTRAS FORMAS S LIDAS, COM UM TEOR, EM PESO, DE MAT RIAS GORDAS, SUPERIOR A 1,5 %:
040221;-- SEM ADI  O DE A  CAR OU DE OUTROS EDULCORANTES
04022110;LEITE INTEGRAL
04022120;LEITE PARCIALMENTE DESNATADO
04022130;CREME DE LEITE (NATA)
040229;-- OUTROS
04022910;LEITE INTEGRAL
04022920;LEITE PARCIALMENTE DESNATADO
04022930;CREME DE LEITE (NATA)
04029;- OUTROS:
04029100;-- SEM ADI  O DE A  CAR OU DE OUTROS EDULCORANTES
04029900;-- OUTROS
0403;"IOGURTE; LEITELHO, LEITE E CREME DE LEITE (NATA) COALHADOS, QUEFIR E OUTROS LEITES E CREMES DE LEITE (NATAS) FERMENTADOS OU ACIDIFICADOS, MESMO CONCENTRADOS OU ADICIONADOS DE A  CAR OU DE OUTROS EDULCORANTES, OU AROMATIZADOS OU ADICIONADOS DE FRUTA OU DE CACAU."
04032000;- IOGURTE
04039000;- OUTROS
0404;"SORO DE LEITE, MESMO CONCENTRADO OU ADICIONADO DE A  CAR OU DE OUTROS EDULCORANTES; PRODUTOS CONSTITU DOS POR COMPONENTES NATURAIS DO LEITE, MESMO ADICIONADOS DE A  CAR OU DE OUTROS EDULCORANTES, N O ESPECIFICADOS NEM COMPREENDIDOS NOUTRAS POSI  ES."
04041000;- SORO DE LEITE, MODIFICADO OU N O, MESMO CONCENTRADO OU ADICIONADO DE A  CAR OU DE OUTROS EDULCORANTES
04049000;- OUTROS
0405;"MANTEIGA E OUTRAS MAT RIAS GORDAS PROVENIENTES DO LEITE; PASTA DE ESPALHAR (BARRAR) DE PRODUTOS PROVENIENTES DO LEITE."
04051000;- MANTEIGA
04052000;- PASTA DE ESPALHAR (BARRAR) DE PRODUTOS PROVENIENTES DO LEITE
040590;- OUTRAS
04059010;LEO BUT RICO DE MANTEIGA (BUTTER OIL)
04059090;OUTRAS
0406;QUEIJOS E REQUEIJ O.
040610;- QUEIJOS FRESCOS (N O CURADOS), INCLUINDO O QUEIJO DE SORO DE LEITE, E O REQUEIJ O
04061010;MOZARELA
04061090;OUTROS
04062000;- QUEIJOS RALADOS OU EM P , DE QUALQUER TIPO
04063000;- QUEIJOS FUNDIDOS, EXCETO RALADOS OU EM P
04064000;- QUEIJOS DE PASTA MOFADA (AZUL) E OUTROS QUEIJOS QUE APRESENTEM VEIOS OBTIDOS UTILIZANDO PENICILLIUM ROQUEFORTI
040690;- OUTROS QUEIJOS
04069010;COM UM TEOR DE UMIDADE INFERIOR A 36,0 %, EM PESO (MASSA DURA)
04069020;COM UM TEOR DE UMIDADE IGUAL OU SUPERIOR A 36,0 % E INFERIOR A 46,0 %, EM PESO (MASSA SEMIDURA)
04069030;COM UM TEOR DE UMIDADE IGUAL OU SUPERIOR A 46,0 % E INFERIOR A 55,0 %, EM PESO (MASSA MACIA)
04069090;OUTROS
0407;OVOS DE AVES, COM CASCA, FRESCOS, CONSERVADOS OU COZIDOS.
04071;- OVOS FERTILIZADOS DESTINADOS   INCUBA  O:
04071100;-- DE AVES DA ESP CIE GALLUS DOMESTICUS
04071900;-- OUTROS
04072;- OUTROS OVOS FRESCOS:
04072100;-- DE AVES DA ESP CIE GALLUS DOMESTICUS
04072900;-- OUTROS
04079000;- OUTROS
0408;OVOS DE AVES, SEM CASCA, E GEMAS DE OVOS, FRESCOS, SECOS, COZIDOS EM  GUA OU VAPOR, MOLDADOS, CONGELADOS OU CONSERVADOS DE OUTRO MODO, MESMO ADICIONADOS DE A  CAR OU DE OUTROS EDULCORANTES.
04081;- GEMAS DE OVOS:
04081100;-- SECAS
04081900;-- OUTRAS
04089;- OUTROS:
04089100;-- SECOS
04089900;-- OUTROS
04090000;MEL NATURAL.
0410;INSETOS E OUTROS PRODUTOS COMEST VEIS DE ORIGEM ANIMAL, N O ESPECIFICADOS NEM COMPREENDIDOS NOUTRAS POSI  ES.
04101000;- INSETOS
04109000;- OUTROS
05;OUTROS PRODUTOS DE ORIGEM ANIMAL, N O ESPECIFICADOS NEM COMPREENDIDOS NOUTROS CAP TULOS.
05010000;"CABELO EM BRUTO, MESMO LAVADO OU DESENGORDURADO; DESPERD CIOS DE CABELO."
0502;"CERDAS DE PORCO OU DE JAVALI; PELOS DE TEXUGO E OUTROS PELOS PARA ESCOVAS, PINC IS E ARTIGOS SEMELHANTES; DESPERD CIOS DESTAS CERDAS E PELOS."
050210;- CERDAS DE PORCO OU DE JAVALI E SEUS DESPERD CIOS
0502101;CERDAS DE PORCO
05021011;LAVADAS, ALVEJADAS OU DESENGORDURADAS, MESMO TINTAS
05021019;OUTRAS
05021090;OUTROS
050290;- OUTROS
05029010;PELOS
05029020;DESPERD CIOS
050400;TRIPAS, BEXIGAS E EST MAGOS, DE ANIMAIS, INTEIROS OU EM PEDA OS, EXCETO DE PEIXES, FRESCOS, REFRIGERADOS, CONGELADOS, SALGADOS OU EM SALMOURA, SECOS OU DEFUMADOS (FUMADOS).
0504001;TRIPAS
05040011;DE BOVINOS
05040012;DE OVINOS
05040013;DE SU NOS
05040019;OUTRAS
05040090;OUTROS
0505;"PELES E OUTRAS PARTES DE AVES, COM AS SUAS PENAS OU PENUGEM, PENAS E PARTES DE PENAS (MESMO APARADAS), PENUGEM, EM BRUTO OU SIMPLESMENTE LIMPAS, DESINFETADAS OU PREPARADAS TENDO EM VISTA A SUA CONSERVA  O; P S E DESPERD CIOS DE PENAS OU DE PARTES DE PENAS."
05051000;"- PENAS DO TIPO UTILIZADO PARA ENCHIMENTO OU ESTOFAMENTO; PENUGEM"
05059000;- OUTROS
0506;"OSSOS E N CLEOS C RNEOS, EM BRUTO, DESENGORDURADOS OU SIMPLESMENTE PREPARADOS (MAS N O CORTADOS EM FORMA DETERMINADA), ACIDULADOS OU DEGELATINADOS; P S E DESPERD CIOS DESTAS MAT RIAS."
05061000;- OSSE NA E OSSOS ACIDULADOS
05069000;- OUTROS
0507;"MARFIM, CARAPA AS DE TARTARUGA, BARBAS, INCLUINDO AS FRANJAS, DE BALEIA OU DE OUTROS MAM FEROS MARINHOS, CHIFRES, GALHADAS, CASCOS, UNHAS, GARRAS E BICOS, EM BRUTO OU SIMPLESMENTE PREPARADOS, MAS N O CORTADOS EM FORMA DETERMINADA; P S E DESPERD CIOS DESTAS MAT RIAS."
05071000;"- MARFIM; P  E DESPERD CIOS DE MARFIM"
05079000;- OUTROS
05080000;"CORAL E MAT RIAS SEMELHANTES, EM BRUTO OU SIMPLESMENTE PREPARADOS, MAS N O TRABALHADOS DE OUTRO MODO; CONCHAS E CARAPA AS DE MOLUSCOS, CRUST CEOS OU DE EQUINODERMES E OSSOS DE S PIAS (CHOCOS*) (CHOCOS E CHOPOS*), EM BRUTO OU SIMPLESMENTE PREPARADOS, MAS N O CORTADOS EM FORMA DETERMINADA, SEUS P S E DESPERD CIOS."
051000;"MBAR-CINZENTO, CAST REO, ALG LIA E ALM SCAR; CANT RIDAS; B LIS, MESMO SECA; GL NDULAS E OUTRAS SUBST NCIAS DE ORIGEM ANIMAL UTILIZADAS NA PREPARA  O DE PRODUTOS FARMAC UTICOS, FRESCAS, REFRIGERADAS, CONGELADAS OU PROVISORIAMENTE CONSERVADAS DE OUTRO MODO."
05100010;P NCREAS DE BOVINO
05100090;OUTROS
0511;"PRODUTOS DE ORIGEM ANIMAL, N O ESPECIFICADOS NEM COMPREENDIDOS NOUTRAS POSI  ES; ANIMAIS MORTOS DOS CAP TULOS 1 OU 3, IMPR PRIOS PARA ALIMENTA  O HUMANA."
05111000;- S MEN DE BOVINO
05119;- OUTROS:
051191;"-- PRODUTOS DE PEIXES OU CRUST CEOS, MOLUSCOS OU DE OUTROS INVERTEBRADOS AQU TICOS; ANIMAIS MORTOS DO CAP TULO 3"
05119110;OVAS DE PEIXE FECUNDADAS, PARA REPRODU  O
05119190;OUTROS
051199;-- OUTROS
05119910;EMBRI ES DE ANIMAIS
05119920;S MEN ANIMAL
05119930;OVOS DE BICHO-DA-SEDA
0511999;OUTROS
05119991;CRINAS E SEUS DESPERD CIOS, MESMO EM MANTAS, MESMO COM SUPORTE
05119999;OUTROS
06;PLANTAS VIVAS E PRODUTOS DE FLORICULTURA.
0601;"BULBOS, TUB RCULOS, RA ZES TUBEROSAS, CORMOS, COROAS E RIZOMAS, EM REPOUSO VEGETATIVO, EM VEGETA  O OU EM FLOR; MUDAS, PLANTAS E RA ZES DE CHIC RIA, EXCETO AS RA ZES DA POSI  O 12.12."
06011000;- BULBOS, TUB RCULOS, RA ZES TUBEROSAS, CORMOS, COROAS E RIZOMAS, EM REPOUSO VEGETATIVO
06012000;"- BULBOS, TUB RCULOS, RA ZES TUBEROSAS, CORMOS, COROAS E RIZOMAS, EM VEGETA  O OU EM FLOR; MUDAS, PLANTAS E RA ZES DE CHIC RIA"
0602;"OUTRAS PLANTAS VIVAS (INCLUINDO AS SUAS RA ZES), ESTACAS E ENXERTOS; MIC LIOS DE COGUMELOS."
06021000;- ESTACAS N O ENRAIZADAS E ENXERTOS
06022000;-  RVORES, ARBUSTOS E SILVADOS, DE FRUTA, ENXERTADOS OU N O
06023000;- RODODENDROS E AZALEIAS, ENXERTADOS OU N O
06024000;- ROSEIRAS, ENXERTADAS OU N O
060290;- OUTROS
06029010;MIC LIOS DE COGUMELOS
0602902;MUDAS DE PLANTAS ORNAMENTAIS
06029021;DE ORQU DEA
06029029;OUTRAS
0602908;OUTRAS MUDAS
06029081;DE CANA-DE-A  CAR
06029082;DE VIDEIRA
06029083;DE CAF
06029089;OUTRAS
06029090;OUTRAS
0603;FLORES E BOT ES DE FLORES, CORTADOS, PARA BUQU S (RAMOS*) OU PARA ORNAMENTA  O, FRESCOS, SECOS, BRANQUEADOS, TINGIDOS, IMPREGNADOS OU PREPARADOS DE OUTRO MODO.
06031;- FRESCOS:
06031100;-- ROSAS
06031200;-- CRAVOS
06031300;-- ORQU DEAS
06031400;-- CRIS NTEMOS
06031500;-- L RIOS (LILIUM SPP.)
06031900;-- OUTROS
06039000;- OUTROS
0604;FOLHAGEM, FOLHAS, RAMOS E OUTRAS PARTES DE PLANTAS, SEM FLORES NEM BOT ES DE FLORES, E ERVAS, MUSGOS E L QUENES, PARA BUQU S (RAMOS DE FLORES*) OU PARA ORNAMENTA  O, FRESCOS, SECOS, BRANQUEADOS, TINGIDOS, IMPREGNADOS OU PREPARADOS DE OUTRO MODO.
06042000;- FRESCOS
06049000;- OUTROS
07;PRODUTOS HORT COLAS, PLANTAS, RA ZES E TUB RCULOS, COMEST VEIS.
0701;BATATAS, FRESCAS OU REFRIGERADAS.
07011000;- BATATA-SEMENTE
07019000;- OUTRAS
07020000;TOMATES, FRESCOS OU REFRIGERADOS.
0703;CEBOLAS, CHALOTAS, ALHOS, ALHOS-PORROS E OUTROS PRODUTOS HORT COLAS ALI CEOS, FRESCOS OU REFRIGERADOS.
070310;- CEBOLAS E CHALOTAS
0703101;CEBOLAS
07031011;PARA SEMEADURA (SEMENTEIRA)
07031019;OUTRAS
0703102;CHALOTAS
07031021;PARA SEMEADURA (SEMENTEIRA)
07031029;OUTRAS
070320;- ALHOS
07032010;PARA SEMEADURA (SEMENTEIRA)
07032090;OUTROS
070390;- ALHOS-PORROS E OUTROS PRODUTOS HORT COLAS ALI CEOS
07039010;PARA SEMEADURA (SEMENTEIRA)
07039090;OUTROS
0704;COUVES, COUVE-FLOR, REPOLHO OU COUVE FRISADA, COUVE-R BANO E PRODUTOS COMEST VEIS SEMELHANTES DO G NERO BRASSICA, FRESCOS OU REFRIGERADOS.
07041000;- COUVE-FLOR E BR COLIS
07042000;- COUVE-DE-BRUXELAS
07049000;- OUTROS
0705;ALFACE (LACTUCA SATIVA) E CHIC RIAS (CICHORIUM SPP.), FRESCAS OU REFRIGERADAS.
07051;- ALFACE:
07051100;-- REPOLHUDA
07051900;-- OUTRA
07052;- CHIC RIAS:
07052100;-- END VIA (CICHORIUM INTYBUS VAR. FOLIOSUM)
07052900;-- OUTRAS
0706;CENOURAS, NABOS, BETERRABAS PARA SALADA, CERCEFI, AIPO-R BANO, RABANETES E RA ZES COMEST VEIS SEMELHANTES, FRESCOS OU REFRIGERADOS.
07061000;- CENOURAS E NABOS
07069000;- OUTROS
07070000;PEPINOS E PEPININHOS (CORNICHONS), FRESCOS OU REFRIGERADOS.
0708;LEGUMES DE VAGEM, MESMO COM VAGEM, FRESCOS OU REFRIGERADOS.
07081000;- ERVILHAS (PISUM SATIVUM)
07082000;- FEIJ ES (VIGNA SPP., PHASEOLUS SPP.)
07089000;- OUTROS LEGUMES DE VAGEM
0709;OUTROS PRODUTOS HORT COLAS, FRESCOS OU REFRIGERADOS.
07092000;- ASPARGOS
07093000;- BERINJELAS
07094000;- AIPO, EXCETO AIPO-R BANO
07095;- COGUMELOS E TRUFAS:
07095100;-- COGUMELOS DO G NERO AGARICUS
07095200;-- COGUMELOS DO G NERO BOLETUS
07095300;-- COGUMELOS DO G NERO CANTHARELLUS
07095400;-- SHITAKE (LENTINUS EDODES)
07095500;-- MATSUTAKE (TRICHOLOMA MATSUTAKE, TRICHOLOMA MAGNIVELARE, TRICHOLOMA ANATOLICUM, TRICHOLOMA DULCIOLENS, TRICHOLOMA CALIGATUM)
07095600;-- TRUFAS (TUBER SPP.)
07095900;-- OUTROS
07096000;- PIMENT ES (PIMENTOS) E PIMENTAS DO G NERO CAPSICUM OU DO G NERO PIMENTA
07097000;- ESPINAFRES, ESPINAFRES-DA-NOVA-ZEL NDIA E ESPINAFRES GIGANTES
07099;- OUTROS:
07099100;-- ALCACHOFRAS
07099200;-- AZEITONAS
07099300;-- AB BORAS, ABOBRINHAS (CURGETES*) E CABA AS (CUCURBITA SPP.)
070999;-- OUTROS
0709991;MILHO DOCE
07099911;PARA SEMEADURA (SEMENTEIRA)
07099919;OUTROS
07099990;OUTROS
0710;PRODUTOS HORT COLAS, N O COZIDOS OU COZIDOS EM  GUA OU VAPOR, CONGELADOS.
07101000;- BATATAS
07102;- LEGUMES DE VAGEM, MESMO COM VAGEM:
07102100;-- ERVILHAS (PISUM SATIVUM)
07102200;-- FEIJ ES (VIGNA SPP., PHASEOLUS SPP.)
07102900;-- OUTROS
07103000;- ESPINAFRES, ESPINAFRES-DA-NOVA-ZEL NDIA E ESPINAFRES GIGANTES
07104000;- MILHO DOCE
07108000;- OUTROS PRODUTOS HORT COLAS
07109000;- MISTURAS DE PRODUTOS HORT COLAS
0711;PRODUTOS HORT COLAS CONSERVADOS TRANSITORIAMENTE, MAS IMPR PRIOS PARA ALIMENTA  O NESSE ESTADO.
071120;- AZEITONAS
07112010;COM  GUA SALGADA
07112020;COM  GUA SULFURADA OU ADICIONADA DE OUTRAS SUBST NCIAS
07112090;OUTRAS
07114000;- PEPINOS E PEPININHOS (CORNICHONS)
07115;- COGUMELOS E TRUFAS:
07115100;-- COGUMELOS DO G NERO AGARICUS
07115900;-- OUTROS
07119000;"- OUTROS PRODUTOS HORT COLAS; MISTURAS DE PRODUTOS HORT COLAS"
0712;PRODUTOS HORT COLAS SECOS, MESMO CORTADOS EM PEDA OS OU FATIAS, OU AINDA TRITURADOS OU EM P , MAS SEM QUALQUER OUTRO PREPARO.
07122000;- CEBOLAS
07123;- COGUMELOS, ORELHAS-DE-JUDAS (AURICULARIA SPP.), TREMELAS (TREMELLA SPP.) E TRUFAS:
07123100;-- COGUMELOS DO G NERO AGARICUS
07123200;-- ORELHAS-DE-JUDAS (AURICULARIA SPP.)
07123300;-- TREMELAS (TREMELLA SPP.)
07123400;-- SHITAKE (LENTINUS EDODES)
07123900;-- OUTROS
071290;"- OUTROS PRODUTOS HORT COLAS; MISTURAS DE PRODUTOS HORT COLAS"
07129020;ALHO
07129090;OUTROS
0713;LEGUMES DE VAGEM, SECOS, EM GR O, MESMO PELADOS OU PARTIDOS.
071310;- ERVILHAS (PISUM SATIVUM)
07131010;PARA SEMEADURA (SEMENTEIRA)
07131090;OUTRAS
071320;- GR O-DE-BICO
07132010;PARA SEMEADURA (SEMENTEIRA)
07132090;OUTROS
07133;- FEIJ ES (VIGNA SPP., PHASEOLUS SPP.):
071331;-- FEIJ ES DAS ESP CIES VIGNA MUNGO (L.) HEPPER OU VIGNA RADIATA (L.) WILCZEK
07133110;PARA SEMEADURA (SEMENTEIRA)
07133190;OUTROS
071332;-- FEIJ O-ADZUKI (PHASEOLUS OU VIGNA ANGULARIS)
07133210;PARA SEMEADURA (SEMENTEIRA)
07133290;OUTROS
071333;-- FEIJ O COMUM (PHASEOLUS VULGARIS)
0713331;PRETO
07133311;PARA SEMEADURA (SEMENTEIRA)
07133319;OUTROS
0713332;BRANCO
07133321;PARA SEMEADURA (SEMENTEIRA)
07133329;OUTROS
0713339;OUTROS
07133391;PARA SEMEADURA (SEMENTEIRA)
07133399;OUTROS
071334;-- FEIJ O-BAMBARA (VIGNA SUBTERRANEA OU VOANDZEIA SUBTERRANEA)
07133410;PARA SEMEADURA (SEMENTEIRA)
07133490;OUTROS
071335;-- FEIJ O-FRADINHO (VIGNA UNGUICULATA)
07133510;PARA SEMEADURA (SEMENTEIRA)
07133590;OUTROS
071339;-- OUTROS
07133910;PARA SEMEADURA (SEMENTEIRA)
07133990;OUTROS
071340;- LENTILHAS
07134010;PARA SEMEADURA (SEMENTEIRA)
07134090;OUTRAS
071350;- FAVAS (VICIA FABA VAR. MAJOR) E FAVA FORRAGEIRA (VICIA FABA VAR. EQUINA, VICIA FABA VAR. MINOR)
07135010;PARA SEMEADURA (SEMENTEIRA)
07135090;OUTRAS
071360;- FEIJ O-GUANDO (ERVILHA-DE-ANGOLA) (CAJANUS CAJAN)
07136010;PARA SEMEADURA (SEMENTEIRA)
07136090;OUTROS
071390;- OUTROS
07139010;PARA SEMEADURA (SEMENTEIRA)
07139090;OUTROS
0714;"RA ZES DE MANDIOCA, DE ARARUTA E DE SALEPO, TUPINAMBOS, BATATAS-DOCES E RA ZES OU TUB RCULOS SEMELHANTES, COM ELEVADO TEOR DE F CULA OU DE INULINA, FRESCOS, REFRIGERADOS, CONGELADOS OU SECOS, MESMO CORTADOS EM PEDA OS OU EM PELLETS; MEDULA DE SAGUEIRO."
07141000;- RA ZES DE MANDIOCA
07142000;- BATATAS-DOCES
07143000;- INHAMES (DIOSCOREA SPP.)
07144000;- TAROS (INHAMES-BRANCOS) (COLOCASIA SPP.)
07145000;- MANGARITOS (ORELHAS-DE-ELEFANTE*) (XANTHOSOMA SPP.)
07149000;- OUTROS
08;"FRUTA; CASCAS DE CITROS (CITRINOS) E DE MEL ES."
0801;COCOS, CASTANHA-DO-BRASIL (CASTANHA-DO-PAR ) E CASTANHA-DE-CAJU, FRESCOS OU SECOS, MESMO COM CASCA OU PELADOS.
08011;- COCOS:
08011100;-- DESSECADOS
08011200;-- NA CASCA INTERNA (ENDOCARPO)
08011900;-- OUTROS
08012;- CASTANHA-DO-BRASIL (CASTANHA-DO-PAR ):
08012100;-- COM CASCA
08012200;-- SEM CASCA
08013;- CASTANHA-DE-CAJU:
08013100;-- COM CASCA
08013200;-- SEM CASCA
0802;OUTRA FRUTA DE CASCA RIJA, FRESCA OU SECA, MESMO COM CASCA OU PELADA.
08021;- AM NDOAS:
08021100;-- COM CASCA
08021200;-- SEM CASCA
08022;- AVEL S (CORYLUS SPP.):
08022100;-- COM CASCA
08022200;-- SEM CASCA
08023;- NOZES:
08023100;-- COM CASCA
08023200;-- SEM CASCA
08024;- CASTANHAS (CASTANEA SPP.):
08024100;-- COM CASCA
08024200;-- SEM CASCA
08025;- PIST CIOS:
08025100;-- COM CASCA
08025200;-- SEM CASCA
08026;- NOZES-MACAD MIA:
08026100;-- COM CASCA
08026200;-- SEM CASCA
08027000;- NOZES-DE-COLA (COLA SPP.)
08028000;- NOZES-DE-ARECA (NOZES DE B TELE)
08029;- OUTRA:
08029100;-- PINH ES, COM CASCA
08029200;-- PINH ES, SEM CASCA
08029900;-- OUTRA
0803;BANANAS, INCLUINDO AS BANANAS-DA-TERRA (BANANAS-P O*) (PL TANOS*), FRESCAS OU SECAS.
08031000;- BANANAS-DA-TERRA (BANANAS-P O*) (PL TANOS*)
08039000;- OUTRAS
0804;T MARAS, FIGOS, ABACAXIS (ANANASES), ABACATES, GOIABAS, MANGAS E MANGOST ES, FRESCOS OU SECOS.
080410;- T MARAS
08041010;FRESCAS
08041020;SECAS
080420;- FIGOS
08042010;FRESCOS
08042020;SECOS
08043000;- ABACAXIS (ANANASES)
08044000;- ABACATES
080450;- GOIABAS, MANGAS E MANGOST ES
08045010;GOIABAS
08045020;MANGAS
08045030;MANGOST ES
0805;CITROS (CITRINOS), FRESCOS OU SECOS.
08051000;- LARANJAS
08052;"- MANDARINAS (INCLUINDO AS TANGERINAS E AS SATSUMAS); CLEMENTINAS, WILKINGS E CITROS (CITRINOS) H BRIDOS SEMELHANTES:"
08052100;-- MANDARINAS (INCLUINDO AS TANGERINAS E AS SATSUMAS)
08052200;-- CLEMENTINAS
08052900;-- OUTROS
08054000;- TORANJAS E POMELOS
08055000;- LIM ES (CITRUS LIMON, CITRUS LIMONUM) E LIMAS (CITRUS AURANTIFOLIA, CITRUS LATIFOLIA)
08059000;- OUTROS
0806;UVAS FRESCAS OU SECAS (PASSAS).
08061000;- FRESCAS
08062000;- SECAS (PASSAS)
0807;MEL ES, MELANCIAS E MAM ES (PAPAIAS), FRESCOS.
08071;- MEL ES E MELANCIAS:
08071100;-- MELANCIAS
08071900;-- OUTROS
08072000;- MAM ES (PAPAIAS)
0808;MA  S, PERAS E MARMELOS, FRESCOS.
08081000;- MA  S
08083000;- PERAS
08084000;- MARMELOS
0809;DAMASCOS, CEREJAS, P SSEGOS (INCLUINDO AS NECTARINAS), AMEIXAS E ABRUNHOS, FRESCOS.
08091000;- DAMASCOS
08092;- CEREJAS:
08092100;-- GINJAS (PRUNUS CERASUS)
08092900;-- OUTRAS
080930;- P SSEGOS, INCLUINDO AS NECTARINAS
08093010;P SSEGOS, EXCLUINDO AS NECTARINAS
08093020;NECTARINAS
08094000;- AMEIXAS E ABRUNHOS
0810;OUTRA FRUTA FRESCA.
08101000;- MORANGOS
08102000;- FRAMBOESAS, AMORAS, INCLUINDO AS SILVESTRES, E AMORAS-FRAMBOESAS
08103000;- GROSELHAS, INCLUINDO O CASSIS
08104000;- AIRELAS, MIRTILOS E OUTRA FRUTA DO G NERO VACCINIUM
08105000;- KIWIS (QUIVIS)
08106000;- DURI ES (DURIANGOS)
08107000;- CAQUIS (DI SPIROS)
081090;- OUTRA
0810901;CARAMBOLAS (AVERRHOA CARAMBOLA), ANONAS E OUTRAS FRUTAS DO G NERO ANNONA, JACAS (ARTOCARPUS HETEROPHYLLUS), LICHIAS (LITCHI CHINENSIS), MARACUJ S (PASSIFLORA EDULIS), PITAIAS (HYLOCEREUS SPP., SELENICEREUS UNDATUS) E TAMARINDOS (TAMARINDUS INDICA)
08109011;CARAMBOLAS (AVERRHOA CARAMBOLA)
08109012;ANONAS E OUTRAS FRUTAS DO G NERO ANNONA
08109013;JACAS (ARTOCARPUS HETEROPHYLLUS)
08109014;LECHIAS (LITCHI CHINENSIS)
08109015;MARACUJ S (PASSIFLORA EDULIS)
08109016;PITAIAS (HYLOCEREUS SPP., SELENICEREUS UNDATUS)
08109017;TAMARINDOS (TAMARINDUS INDICA)
08109090;OUTRA
0811;FRUTA, N O COZIDA OU COZIDA EM  GUA OU VAPOR, CONGELADA, MESMO ADICIONADA DE A  CAR OU DE OUTROS EDULCORANTES.
08111000;- MORANGOS
08112000;- FRAMBOESAS, AMORAS, INCLUINDO AS SILVESTRES, AMORAS-FRAMBOESAS E GROSELHAS
08119000;- OUTRA
0812;FRUTA CONSERVADA TRANSITORIAMENTE, MAS IMPR PRIA PARA ALIMENTA  O NESSE ESTADO.
08121000;- CEREJAS
08129000;- OUTRA
0813;"FRUTA SECA, EXCETO A DAS POSI  ES 08.01 A 08.06; MISTURAS DE FRUTA SECA OU DE FRUTA DE CASCA RIJA, DO PRESENTE CAP TULO."
08131000;- DAMASCOS
081320;- AMEIXAS
08132010;COM CARO O
08132020;SEM CARO O
08133000;- MA  S
081340;- OUTRA FRUTA
08134010;PERAS
08134090;OUTRA
08135000;- MISTURAS DE FRUTA SECA OU DE FRUTA DE CASCA RIJA, DO PRESENTE CAP TULO
08140000;CASCAS DE CITROS (CITRINOS), DE MEL ES OU DE MELANCIAS, FRESCAS, SECAS, CONGELADAS OU APRESENTADAS EM  GUA SALGADA, SULFURADA OU ADICIONADA DE OUTRAS SUBST NCIAS DESTINADAS A ASSEGURAR TRANSITORIAMENTE A SUA CONSERVA  O.
09;CAF , CH , MATE E ESPECIARIAS.
0901;"CAF , MESMO TORRADO OU DESCAFEINADO; CASCAS E PEL CULAS DE CAF ; SUCED NEOS DO CAF  QUE CONTENHAM CAF  EM QUALQUER PROPOR  O."
09011;- CAF  N O TORRADO:
090111;-- N O DESCAFEINADO
09011110;EM GR O
09011190;OUTROS
09011200;-- DESCAFEINADO
09012;- CAF  TORRADO:
09012100;-- N O DESCAFEINADO
09012200;-- DESCAFEINADO
09019000;- OUTROS
0902;CH , MESMO AROMATIZADO.
09021000;- CH  VERDE (N O FERMENTADO) EM EMBALAGENS IMEDIATAS DE CONTE DO N O SUPERIOR A 3 KG
09022000;- CH  VERDE (N O FERMENTADO) APRESENTADO DE QUALQUER OUTRA FORMA
09023000;- CH  PRETO (FERMENTADO) E CH  PARCIALMENTE FERMENTADO, EM EMBALAGENS IMEDIATAS DE CONTE DO N O SUPERIOR A 3 KG
09024000;- CH  PRETO (FERMENTADO) E CH  PARCIALMENTE FERMENTADO, APRESENTADOS DE QUALQUER OUTRA FORMA
090300;MATE.
09030010;SIMPLESMENTE CANCHEADO
09030090;OUTROS
0904;"PIMENTA DO G NERO PIPER; PIMENT ES (PIMENTOS) E PIMENTAS DO G NERO CAPSICUM OU DO G NERO PIMENTA, SECOS OU TRITURADOS OU EM P ."
09041;- PIMENTA DO G NERO PIPER:
09041100;-- N O TRITURADA NEM EM P
09041200;-- TRITURADA OU EM P
09042;- PIMENT ES (PIMENTOS) E PIMENTAS DO G NERO CAPSICUM OU DO G NERO PIMENTA:
09042100;-- SECOS, N O TRITURADOS NEM EM P
09042200;-- TRITURADOS OU EM P
0905;BAUNILHA.
09051000;- N O TRITURADA NEM EM P
09052000;- TRITURADA OU EM P
0906;CANELA E FLORES DE CANELEIRA.
09061;- N O TRITURADAS NEM EM P :
09061100;-- CANELA (CINNAMOMUM ZEYLANICUM BLUME)
09061900;-- OUTRAS
09062000;- TRITURADAS OU EM P
0907;CRAVO-DA- NDIA (FRUTOS, FLORES E PED NCULOS).
09071000;- N O TRITURADO NEM EM P
09072000;- TRITURADO OU EM P
0908;NOZ-MOSCADA, MACIS, AMOMOS E CARDAMOMOS.
09081;- NOZ-MOSCADA:
09081100;-- N O TRITURADA NEM EM P
09081200;-- TRITURADA OU EM P
09082;- MACIS:
09082100;-- N O TRITURADO NEM EM P
09082200;-- TRITURADO OU EM P
09083;- AMOMOS E CARDAMOMOS:
09083100;-- N O TRITURADOS NEM EM P
09083200;-- TRITURADOS OU EM P
0909;"SEMENTES DE ANIS (ERVA-DOCE), BADIANA (ANIS-ESTRELADO), FUNCHO, COENTRO, COMINHO OU ALCARAVIA; BAGAS DE ZIMBRO."
09092;- SEMENTES DE COENTRO:
09092100;-- N O TRITURADAS NEM EM P
09092200;-- TRITURADAS OU EM P
09093;- SEMENTES DE COMINHO:
09093100;-- N O TRITURADAS NEM EM P
09093200;-- TRITURADAS OU EM P
09096;"- SEMENTES DE ANIS (ERVA-DOCE), BADIANA (ANIS-ESTRELADO), FUNCHO OU ALCARAVIA; BAGAS DE ZIMBRO:"
090961;-- N O TRITURADAS NEM EM P
09096110;DE ANIS (ERVA-DOCE)
09096120;DE BADIANA (ANIS-ESTRELADO)
09096190;OUTRAS
090962;-- TRITURADAS OU EM P
09096210;DE ANIS (ERVA-DOCE)
09096220;DE BADIANA (ANIS-ESTRELADO)
09096290;OUTRAS
0910;GENGIBRE, A AFR O, C RCUMA, TOMILHO, LOURO, CARIL E OUTRAS ESPECIARIAS.
09101;- GENGIBRE:
09101100;-- N O TRITURADO NEM EM P
09101200;-- TRITURADO OU EM P
09102000;- A AFR O
09103000;- C RCUMA
09109;- OUTRAS ESPECIARIAS:
09109100;-- MISTURAS MENCIONADAS NA NOTA 1 B) DO PRESENTE CAP TULO
09109900;-- OUTRAS
10;CEREAIS.
1001;TRIGO E MISTURA DE TRIGO COM CENTEIO (M TEIL).
10011;- TRIGO DURO:
10011100;-- PARA SEMEADURA (SEMENTEIRA)
10011900;-- OUTROS
10019;- OUTROS:
10019100;-- PARA SEMEADURA (SEMENTEIRA)
10019900;-- OUTROS
1002;CENTEIO.
10021000;- PARA SEMEADURA (SEMENTEIRA)
10029000;- OUTROS
1003;CEVADA.
10031000;- PARA SEMEADURA (SEMENTEIRA)
100390;- OUTRAS
10039010;CERVEJEIRA
10039080;OUTRAS, EM GR O
10039090;OUTRAS
1004;AVEIA.
10041000;- PARA SEMEADURA (SEMENTEIRA)
10049000;- OUTRAS
1005;MILHO.
10051000;- PARA SEMEADURA (SEMENTEIRA)
100590;- OUTROS
10059010;EM GR O
10059090;OUTROS
1006;ARROZ.
100610;- ARROZ COM CASCA (ARROZ PADDY)
10061010;PARA SEMEADURA (SEMENTEIRA)
1006109;OUTROS
10061091;PARBOILIZADO
10061092;N O PARBOILIZADO
100620;- ARROZ DESCASCADO (ARROZ CARGO OU CASTANHO)
10062010;PARBOILIZADO
10062020;N O PARBOILIZADO
100630;- ARROZ SEMIBRANQUEADO OU BRANQUEADO, MESMO POLIDO OU BRUNIDO (GLACIADO*)
1006301;PARBOILIZADO
10063011;POLIDO OU BRUNIDO
10063019;OUTROS
1006302;N O PARBOILIZADO
10063021;POLIDO OU BRUNIDO
10063029;OUTROS
10064000;- ARROZ QUEBRADO (TRINCA DE ARROZ*)
1007;SORGO DE GR O.
10071000;- PARA SEMEADURA (SEMENTEIRA)
10079000;- OUTROS
1008;"TRIGO MOURISCO, PAIN O E ALPISTE; OUTROS CEREAIS."
100810;- TRIGO MOURISCO
10081010;PARA SEMEADURA (SEMENTEIRA)
10081090;OUTROS
10082;- PAIN O:
100821;-- PARA SEMEADURA (SEMENTEIRA)
10082110;MILHETO (PENNISETUM GLAUCUM)
10082190;OUTROS
100829;-- OUTROS
10082910;MILHETO (PENNISETUM GLAUCUM)
10082990;OUTROS
100830;- ALPISTE
10083010;PARA SEMEADURA (SEMENTEIRA)
10083090;OUTROS
100840;- MILH  (DIGITARIA SPP.)
10084010;PARA SEMEADURA (SEMENTEIRA)
10084090;OUTROS
100850;- QUINOA (CHENOPODIUM QUINOA)
10085010;PARA SEMEADURA (SEMENTEIRA)
10085090;OUTROS
100860;- TRITICALE
10086010;PARA SEMEADURA (SEMENTEIRA)
10086090;OUTROS
100890;- OUTROS CEREAIS
10089010;PARA SEMEADURA (SEMENTEIRA)
10089090;OUTROS
11;"PRODUTOS DA IND STRIA DE MOAGEM; MALTE; AMIDOS E F CULAS; INULINA; GL TEN DE TRIGO."
110100;FARINHAS DE TRIGO OU DE MISTURA DE TRIGO COM CENTEIO (M TEIL).
11010010;DE TRIGO
11010020;DE MISTURA DE TRIGO COM CENTEIO (M TEIL)
1102;FARINHAS DE CEREAIS, EXCETO DE TRIGO OU DE MISTURA DE TRIGO COM CENTEIO (M TEIL).
11022000;- FARINHA DE MILHO
11029000;- OUTRAS
1103;GRUMOS, S MOLAS E PELLETS, DE CEREAIS.
11031;- GRUMOS E S MOLAS:
11031100;-- DE TRIGO
11031300;-- DE MILHO
11031900;-- DE OUTROS CEREAIS
11032000;- PELLETS
1104;"GR OS DE CEREAIS TRABALHADOS DE OUTRO MODO (POR EXEMPLO, DESCASCADOS, ESMAGADOS, EM FLOCOS, EM P ROLAS, CORTADOS OU PARTIDOS), COM EXCLUS O DO ARROZ DA POSI  O 10.06; GERMES DE CEREAIS, INTEIROS, ESMAGADOS, EM FLOCOS OU MO DOS."
11041;- GR OS ESMAGADOS OU EM FLOCOS:
11041200;-- DE AVEIA
11041900;-- DE OUTROS CEREAIS
11042;- OUTROS GR OS TRABALHADOS (POR EXEMPLO, DESCASCADOS, EM P ROLAS, CORTADOS OU PARTIDOS):
11042200;-- DE AVEIA
11042300;-- DE MILHO
11042900;-- DE OUTROS CEREAIS
11043000;- GERMES DE CEREAIS, INTEIROS, ESMAGADOS, EM FLOCOS OU MO DOS
1105;FARINHA, S MOLA, P , FLOCOS, GR NULOS E PELLETS, DE BATATA.
11051000;- FARINHA, S MOLA E P
11052000;- FLOCOS, GR NULOS E PELLETS
1106;FARINHAS, S MOLAS E P S, DOS LEGUMES DE VAGEM, SECOS, DA POSI  O 07.13, DE SAGU OU DAS RA ZES OU TUB RCULOS DA POSI  O 07.14 E DOS PRODUTOS DO CAP TULO 8.
11061000;- DOS LEGUMES DE VAGEM, SECOS, DA POSI  O 07.13
11062000;- DE SAGU OU DAS RA ZES OU TUB RCULOS, DA POSI  O 07.14
11063000;- DOS PRODUTOS DO CAP TULO 8
1107;MALTE, MESMO TORRADO.
110710;- N O TORRADO
11071010;INTEIRO OU PARTIDO
11071020;MO DO OU EM FARINHA
110720;- TORRADO
11072010;INTEIRO OU PARTIDO
11072020;MO DO OU EM FARINHA
1108;"AMIDOS E F CULAS; INULINA."
11081;- AMIDOS E F CULAS:
11081100;-- AMIDO DE TRIGO
11081200;-- AMIDO DE MILHO
11081300;-- F CULA DE BATATA
11081400;-- F CULA DE MANDIOCA
11081900;-- OUTROS AMIDOS E F CULAS
11082000;- INULINA
11090000;GL TEN DE TRIGO, MESMO SECO.
12;"SEMENTES E FRUTOS OLEAGINOSOS; GR OS, SEMENTES E FRUTOS DIVERSOS; PLANTAS INDUSTRIAIS OU MEDICINAIS; PALHAS E FORRAGENS."
1201;SOJA, MESMO TRITURADA.
12011000;- PARA SEMEADURA (SEMENTEIRA)
12019000;- OUTRAS
1202;AMENDOINS N O TORRADOS NEM DE OUTRO MODO COZIDOS, MESMO DESCASCADOS OU TRITURADOS.
12023000;- PARA SEMEADURA (SEMENTEIRA)
12024;- OUTROS:
12024100;-- COM CASCA
12024200;-- DESCASCADOS, MESMO TRITURADOS
12030000;COPRA.
120400;LINHA A (SEMENTES DE LINHO), MESMO TRITURADA.
12040010;PARA SEMEADURA (SEMENTEIRA)
12040090;OUTRAS
1205;SEMENTES DE NABO SILVESTRE OU DE COLZA, MESMO TRITURADAS.
120510;- SEMENTES DE NABO SILVESTRE OU DE COLZA COM BAIXO TEOR DE  CIDO ER CICO
12051010;PARA SEMEADURA (SEMENTEIRA)
12051090;OUTRAS
120590;- OUTRAS
12059010;PARA SEMEADURA (SEMENTEIRA)
12059090;OUTRAS
120600;SEMENTES DE GIRASSOL, MESMO TRITURADAS.
12060010;PARA SEMEADURA (SEMENTEIRA)
12060090;OUTRAS
1207;OUTRAS SEMENTES E FRUTOS OLEAGINOSOS, MESMO TRITURADOS.
120710;- NOZES E AM NDOAS DE PALMA (PALMISTE) (COCONOTE)
12071010;PARA SEMEADURA (SEMENTEIRA)
12071090;OUTRAS
12072;- SEMENTES DE ALGOD O:
12072100;-- PARA SEMEADURA (SEMENTEIRA)
12072900;-- OUTRAS
120730;- SEMENTES DE R CINO (MAMONA)
12073010;PARA SEMEADURA (SEMENTEIRA)
12073090;OUTRAS
120740;- SEMENTES DE GERGELIM (S SAMO)
12074010;PARA SEMEADURA (SEMENTEIRA)
12074090;OUTRAS
120750;- SEMENTES DE MOSTARDA
12075010;PARA SEMEADURA (SEMENTEIRA)
12075090;OUTRAS
120760;- SEMENTES DE C RTAMO (CARTHAMUS TINCTORIUS)
12076010;PARA SEMEADURA (SEMENTEIRA)
12076090;OUTRAS
120770;- SEMENTES DE MEL O
12077010;PARA SEMEADURA (SEMENTEIRA)
12077090;OUTRAS
12079;- OUTROS:
120791;-- SEMENTES DE DORMIDEIRA (PAPOULA)
12079110;PARA SEMEADURA (SEMENTEIRA)
12079190;OUTRAS
120799;-- OUTROS
12079910;PARA SEMEADURA (SEMENTEIRA)
12079990;OUTROS
1208;FARINHAS DE SEMENTES OU DE FRUTOS OLEAGINOSOS, EXCETO FARINHA DE MOSTARDA.
12081000;- DE SOJA
12089000;- OUTRAS
1209;SEMENTES, FRUTOS E ESPOROS, PARA SEMEADURA (SEMENTEIRA).
12091000;- SEMENTES DE BETERRABA SACARINA
12092;- SEMENTES DE PLANTAS FORRAGEIRAS:
12092100;-- SEMENTES DE ALFAFA (LUZERNA)
12092200;-- SEMENTES DE TREVO (TRIFOLIUM SPP.)
12092300;-- SEMENTES DE FESTUCA
12092400;-- SEMENTES DE PASTO DOS PRADOS DE KENTUCKY (POA PRATENSIS L.)
12092500;-- SEMENTES DE AZEV M (LOLIUM MULTIFLORUM LAM., LOLIUM PERENNE L.)
12092900;-- OUTRAS
12093000;- SEMENTES DE PLANTAS HERB CEAS CULTIVADAS ESPECIALMENTE PELAS SUAS FLORES
12099;- OUTROS:
12099100;-- SEMENTES DE PRODUTOS HORT COLAS
12099900;-- OUTROS
1210;"CONES DE L PULO, FRESCOS OU SECOS, MESMO TRITURADOS OU MO DOS OU EM PELLETS; LUPULINA."
12101000;- CONES DE L PULO, N O TRITURADOS NEM MO DOS NEM EM PELLETS
121020;"- CONES DE L PULO, TRITURADOS OU MO DOS OU EM PELLETS; LUPULINA"
12102010;CONES DE L PULO
12102020;LUPULINA
1211;PLANTAS, PARTES DE PLANTAS, SEMENTES E FRUTOS, DAS ESP CIES UTILIZADAS PRINCIPALMENTE EM PERFUMARIA, MEDICINA OU COMO INSETICIDAS, PARASITICIDAS E SEMELHANTES, FRESCOS, REFRIGERADOS, CONGELADOS OU SECOS, MESMO CORTADOS, TRITURADOS OU EM P .
12112000;- RA ZES DE GINSENG
12113000;- COCA (FOLHA DE)
12114000;- PALHA DE DORMIDEIRA (PAPOULA)
12115000;-  FEDRA
12116000;- CASCA DE CEREJEIRA AFRICANA (PRUNUS AFRICANA)
121190;- OUTROS
12119010;OR GANO (ORIGANUM VULGARE)
12119090;OUTROS
1212;"ALFARROBA, ALGAS, BETERRABA SACARINA E CANA-DE-A  CAR, FRESCAS, REFRIGERADAS, CONGELADAS OU SECAS, MESMO EM P ; CARO OS E AM NDOAS DE FRUTOS E OUTROS PRODUTOS VEGETAIS (INCLUINDO AS RA ZES DE CHIC RIA N O TORRADAS, DA VARIEDADE CICHORIUM INTYBUS SATIVUM) UTILIZADOS PRINCIPALMENTE NA ALIMENTA  O HUMANA, N O ESPECIFICADOS NEM COMPREENDIDOS NOUTRAS POSI  ES."
12122;- ALGAS:
12122100;-- PR PRIAS PARA ALIMENTA  O HUMANA
12122900;-- OUTRAS
12129;- OUTROS:
12129100;-- BETERRABA SACARINA
12129200;-- ALFARROBA
12129300;-- CANA-DE-A  CAR
12129400;-- RA ZES DE CHIC RIA
121299;-- OUTROS
12129910;EST VIA (KA'A HE'?) (STEVIA REBAUDIANA)
12129990;OUTROS
12130000;PALHAS E CASCAS DE CEREAIS, EM BRUTO, MESMO PICADAS, MO DAS, PRENSADAS OU EM PELLETS.
1214;RUTABAGAS, BETERRABAS FORRAGEIRAS, RA ZES FORRAGEIRAS, FENO, ALFAFA (LUZERNA), TREVO, SANFENO, COUVES FORRAGEIRAS, TREMO O, ERVILHACA E PRODUTOS FORRAGEIROS SEMELHANTES, MESMO EM PELLETS.
12141000;- FARINHA E PELLETS, DE ALFAFA (LUZERNA)
12149000;- OUTROS
13;GOMAS, RESINAS E OUTROS SUCOS E EXTRATOS VEGETAIS.
1301;"GOMA-LACA; GOMAS, RESINAS, GOMAS-RESINAS E OLEORRESINAS (B LSAMOS, POR EXEMPLO), NATURAIS."
13012000;- GOMA-AR BICA
130190;- OUTROS
13019010;GOMA-LACA
13019090;OUTROS
1302;"SUCOS E EXTRATOS VEGETAIS; MAT RIAS P CTICAS, PECTINATOS E PECTATOS;  GAR- GAR E OUTROS PRODUTOS MUCILAGINOSOS E ESPESSANTES, DERIVADOS DOS VEGETAIS, MESMO MODIFICADOS."
13021;- SUCOS E EXTRATOS VEGETAIS:
130211;--  PIO
13021110;CONCENTRADOS DE PALHA DE PAPOULA
13021190;OUTROS
13021200;-- DE ALCA UZ (REGOLIZ)
13021300;-- DE L PULO
13021400;-- DE  FEDRA
130219;-- OUTROS
13021910;DE MAM O (CARICA PAPAYA), SECO
13021920;"DE SEMENTE DE TORANJA; DE SEMENTE DE POMELO"
13021930;DE GINKGO BILOBA, SECO
13021940;VALEPOTRIATOS
13021950;DE GINSENG
13021960;SILIMARINA
1302199;OUTROS
13021991;DE P RETRO OU DE RA ZES DE PLANTAS QUE CONTENHAM ROTENONA
13021999;OUTROS
130220;- MAT RIAS P CTICAS, PECTINATOS E PECTATOS
13022010;MAT RIAS P CTICAS (PECTINAS)
13022090;OUTROS
13023;- PRODUTOS MUCILAGINOSOS E ESPESSANTES, DERIVADOS DOS VEGETAIS, MESMO MODIFICADOS:
13023100;--  GAR- GAR
130232;-- PRODUTOS MUCILAGINOSOS E ESPESSANTES, DE ALFARROBA, DE SEMENTES DE ALFARROBA OU DE SEMENTES DE GUAR, MESMO MODIFICADOS
1302321;DE ALFARROBA OU DE SUAS SEMENTES
13023211;FARINHA DE ENDOSPERMA
13023219;OUTROS
13023220;DE SEMENTES DE GUAR
130239;-- OUTROS
13023910;CARRAGENINA (MUSGO-DE-IRLANDA)
13023990;OUTROS
14;MAT RIAS PARA ENTRAN AR E OUTROS PRODUTOS DE ORIGEM VEGETAL, N O ESPECIFICADOS NEM COMPREENDIDOS NOUTROS CAP TULOS.
1401;MAT RIAS VEGETAIS DAS ESP CIES PRINCIPALMENTE UTILIZADAS EM CESTARIA OU ESPARTARIA (POR EXEMPLO, BAMBUS, ROTINS, CANAS, JUNCOS, VIMES, R FIA, PALHA DE CEREAIS LIMPA, BRANQUEADA OU TINGIDA, CASCA DE T LIA).
14011000;- BAMBUS
14012000;- ROTINS
14019000;- OUTRAS
1404;PRODUTOS VEGETAIS N O ESPECIFICADOS NEM COMPREENDIDOS NOUTRAS POSI  ES.
140420;- L NTERES DE ALGOD O
14042010;EM BRUTO
14042090;OUTROS
140490;- OUTROS
14049010;MAT RIAS VEGETAIS DAS ESP CIES PRINCIPALMENTE UTILIZADAS NA FABRICA  O DE VASSOURAS, ESCOVAS, PINC IS E ARTIGOS SEMELHANTES (POR EXEMPLO, SORGO, PIA ABA, RAIZ DE GRAMA (RELVA), TAMPICO), MESMO EM TORCIDAS OU EM FEIXES
14049090;OUTROS
15;"GORDURAS E  LEOS ANIMAIS, VEGETAIS OU DE ORIGEM MICROBIANA E PRODUTOS DA SUA DISSOCIA  O; GORDURAS ALIMENT CIAS ELABORADAS; CERAS DE ORIGEM ANIMAL OU VEGETAL."
1501;GORDURAS DE PORCO (INCLUINDO A BANHA) E GORDURAS DE AVES, EXCETO AS DAS POSI  ES 02.09 OU 15.03.
15011000;- BANHA
15012000;- OUTRAS GORDURAS DE PORCO
15019000;- OUTRAS
1502;GORDURAS DE ANIMAIS DAS ESP CIES BOVINA, OVINA OU CAPRINA, EXCETO AS DA POSI  O 15.03.
150210;- SEBO
1502101;BOVINO
15021011;EM BRUTO
15021012;FUNDIDO (INCLUINDO O PREMIER JUS)
15021019;OUTROS
15021090;OUTROS
15029000;- OUTRAS
15030000;ESTEARINA SOLAR,  LEO DE BANHA DE PORCO, OLEOESTEARINA, OLEOMARGARINA E  LEO DE SEBO, N O EMULSIONADOS NEM MISTURADOS, NEM PREPARADOS DE OUTRO MODO.
1504;GORDURAS,  LEOS E RESPECTIVAS FRA  ES, DE PEIXES OU DE MAM FEROS MARINHOS, MESMO REFINADOS, MAS N O QUIMICAMENTE MODIFICADOS.
150410;-  LEOS DE F GADOS DE PEIXES E RESPECTIVAS FRA  ES
1504101;DE BACALHAU
15041011;LEO EM BRUTO
15041019;OUTROS
15041090;OUTROS
15042000;- GORDURAS E  LEOS DE PEIXES E RESPECTIVAS FRA  ES, EXCETO  LEOS DE F GADOS
15043000;- GORDURAS E  LEOS DE MAM FEROS MARINHOS E RESPECTIVAS FRA  ES
150500;SUARDA E SUBST NCIAS GORDAS DELA DERIVADAS, INCLUINDO A LANOLINA.
15050010;LANOLINA
15050090;OUTRAS
15060000;OUTRAS GORDURAS E  LEOS ANIMAIS, E RESPECTIVAS FRA  ES, MESMO REFINADOS, MAS N O QUIMICAMENTE MODIFICADOS.
1507;LEO DE SOJA E RESPECTIVAS FRA  ES, MESMO REFINADOS, MAS N O QUIMICAMENTE MODIFICADOS.
15071000;-  LEO EM BRUTO, MESMO DEGOMADO
150790;- OUTROS
1507901;REFINADO
15079011;EM RECIPIENTES COM CAPACIDADE INFERIOR OU IGUAL A 5 L
15079019;OUTROS
15079090;OUTROS
1508;LEO DE AMENDOIM E RESPECTIVAS FRA  ES, MESMO REFINADOS, MAS N O QUIMICAMENTE MODIFICADOS.
15081000;-  LEO EM BRUTO
15089000;- OUTROS
1509;AZEITE DE OLIVA (OLIVEIRA) E RESPECTIVAS FRA  ES, MESMO REFINADOS, MAS N O QUIMICAMENTE MODIFICADOS.
15092000;- AZEITE DE OLIVA (OLIVEIRA) EXTRA VIRGEM
15093000;- AZEITE DE OLIVA (OLIVEIRA) VIRGEM
15094000;- OUTROS AZEITES DE OLIVA (OLIVEIRA) VIRGENS
150990;- OUTROS
15099010;REFINADO
15099090;OUTROS
1510;OUTROS  LEOS E RESPECTIVAS FRA  ES, OBTIDOS EXCLUSIVAMENTE A PARTIR DE AZEITONAS, MESMO REFINADOS, MAS N O QUIMICAMENTE MODIFICADOS, E MISTURAS DESSES  LEOS OU FRA  ES COM  LEOS OU FRA  ES DA POSI  O 15.09.
15101000;-  LEO DE BAGA O DE AZEITONA EM BRUTO
15109000;- OUTROS
1511;LEO DE PALMA (DEND ) E RESPECTIVAS FRA  ES, MESMO REFINADOS, MAS N O QUIMICAMENTE MODIFICADOS.
15111000;-  LEO EM BRUTO
15119000;- OUTROS
1512;LEOS DE GIRASSOL, DE C RTAMO OU DE ALGOD O, E RESPECTIVAS FRA  ES, MESMO REFINADOS, MAS N O QUIMICAMENTE MODIFICADOS.
15121;-  LEOS DE GIRASSOL OU DE C RTAMO E RESPECTIVAS FRA  ES:
151211;--  LEOS EM BRUTO
15121110;DE GIRASSOL
15121120;DE C RTAMO
151219;-- OUTROS
1512191;DE GIRASSOL
15121911;REFINADO, EM RECIPIENTES COM CAPACIDADE INFERIOR OU IGUAL A 5 L
15121919;OUTROS
15121920;DE C RTAMO
15122;-  LEO DE ALGOD O E RESPECTIVAS FRA  ES:
15122100;--  LEO EM BRUTO, MESMO DESPROVIDO DE GOSSIPOL
151229;-- OUTROS
15122910;REFINADO
15122990;OUTROS
1513;LEOS DE COCO (COPRA), DE AM NDOA DE PALMA (PALMISTE) (COCONOTE) OU DE BABA U, E RESPECTIVAS FRA  ES, MESMO REFINADOS, MAS N O QUIMICAMENTE MODIFICADOS.
15131;-  LEO DE COCO (COPRA) E RESPECTIVAS FRA  ES:
15131100;--  LEO EM BRUTO
15131900;-- OUTROS
15132;-  LEOS DE AM NDOA DE PALMA (PALMISTE) (COCONOTE) OU DE BABA U, E RESPECTIVAS FRA  ES:
151321;--  LEOS EM BRUTO
1513211;DE AM NDOA DE PALMA (PALMISTE) (COCONOTE)
15132111;DE COCO MBOCAYA (ACROCOMIA TOTAI)
15132119;OUTROS
15132120;DE BABA U
151329;-- OUTROS
1513291;DE AM NDOA DE PALMA (PALMISTE) (COCONOTE)
15132911;DE COCO MBOCAYA (ACROCOMIA TOTAI)
15132919;OUTROS
15132920;DE BABA U
1514;LEOS DE NABO SILVESTRE, DE COLZA OU DE MOSTARDA, E RESPECTIVAS FRA  ES, MESMO REFINADOS, MAS N O QUIMICAMENTE MODIFICADOS.
15141;-  LEOS DE NABO SILVESTRE OU DE COLZA COM BAIXO TEOR DE  CIDO ER CICO, E RESPECTIVAS FRA  ES:
15141100;--  LEOS EM BRUTO
151419;-- OUTROS
15141910;REFINADOS
15141990;OUTROS
15149;- OUTROS:
15149100;--  LEOS EM BRUTO
151499;-- OUTROS
15149910;REFINADOS
15149990;OUTROS
1515;OUTRAS GORDURAS E  LEOS VEGETAIS (INCLUINDO O  LEO DE JOJOBA) OU DE ORIGEM MICROBIANA E RESPECTIVAS FRA  ES, FIXOS, MESMO REFINADOS, MAS N O QUIMICAMENTE MODIFICADOS.
15151;-  LEO DE LINHA A (SEMENTES DE LINHO) E RESPECTIVAS FRA  ES:
15151100;--  LEO EM BRUTO
15151900;-- OUTROS
15152;-  LEO DE MILHO E RESPECTIVAS FRA  ES:
15152100;--  LEO EM BRUTO
151529;-- OUTROS
15152910;REFINADO, EM RECIPIENTES COM CAPACIDADE INFERIOR OU IGUAL A 5 L
15152990;OUTROS
15153000;-  LEO DE R CINO (MAMONA) E RESPECTIVAS FRA  ES
15155000;-  LEO DE GERGELIM (S SAMO) E RESPECTIVAS FRA  ES
15156000;- GORDURAS E  LEOS DE ORIGEM MICROBIANA E RESPECTIVAS FRA  ES
151590;- OUTROS
15159010;LEO DE JOJOBA E RESPECTIVAS FRA  ES
1515902;LEO DE TUNGUE
15159021;EM BRUTO
15159022;REFINADO
15159090;OUTROS
1516;GORDURAS E  LEOS ANIMAIS, VEGETAIS OU DE ORIGEM MICROBIANA E RESPECTIVAS FRA  ES, PARCIAL OU TOTALMENTE HIDROGENADOS, INTERESTERIFICADOS, REESTERIFICADOS OU ELAIDINIZADOS, MESMO REFINADOS, MAS N O PREPARADOS DE OUTRO MODO.
15161000;- GORDURAS E  LEOS ANIMAIS E RESPECTIVAS FRA  ES
15162000;- GORDURAS E  LEOS VEGETAIS E RESPECTIVAS FRA  ES
15163000;- GORDURAS E  LEOS DE ORIGEM MICROBIANA E RESPECTIVAS FRA  ES
1517;"MARGARINA; MISTURAS OU PREPARA  ES ALIMENT CIAS DE GORDURAS OU DE  LEOS ANIMAIS, VEGETAIS OU DE ORIGEM MICROBIANA OU DE FRA  ES DAS DIFERENTES GORDURAS OU  LEOS DO PRESENTE CAP TULO, EXCETO AS GORDURAS E  LEOS ALIMENT CIOS E RESPECTIVAS FRA  ES DA POSI  O 15.16."
15171000;- MARGARINA, EXCETO A MARGARINA L QUIDA
151790;- OUTRAS
15179010;MISTURAS DE  LEOS REFINADOS, EM RECIPIENTES COM CAPACIDADE INFERIOR OU IGUAL A 5 L
15179090;OUTRAS
151800;"GORDURAS E  LEOS ANIMAIS, VEGETAIS OU DE ORIGEM MICROBIANA E RESPECTIVAS FRA  ES, COZIDOS, OXIDADOS, DESIDRATADOS, SULFURADOS, AERADOS (SOPRADOS*), ESTANDOLIZADOS OU MODIFICADOS QUIMICAMENTE POR QUALQUER OUTRO PROCESSO, COM EXCLUS O DOS DA POSI  O 15.16; MISTURAS OU PREPARA  ES N O ALIMENT CIAS, DE GORDURAS OU DE  LEOS ANIMAIS, VEGETAIS OU DE ORIGEM MICROBIANA OU DE FRA  ES DE DIFERENTES GORDURAS OU  LEOS DO PRESENTE CAP TULO, N O ESPECIFICADAS NEM COMPREENDIDAS NOUTRAS POSI  ES."
15180010;LEO VEGETAL EPOXIDADO
15180090;OUTROS
152000;"GLICEROL EM BRUTO;  GUAS E LIX VIAS, GLIC RICAS."
15200010;GLICEROL EM BRUTO
15200020;GUAS E LIX VIAS, GLIC RICAS
1521;CERAS VEGETAIS (EXCETO OS TRIGLICER DEOS), CERAS DE ABELHA OU DE OUTROS INSETOS E ESPERMACETE, MESMO REFINADOS OU CORADOS.
15211000;- CERAS VEGETAIS
152190;- OUTROS
1521901;CERA DE ABELHA
15219011;EM BRUTO
15219019;OUTRAS
15219090;OUTROS
15220000;"D GRAS; RES DUOS PROVENIENTES DO TRATAMENTO DAS SUBST NCIAS GORDAS OU DAS CERAS ANIMAIS OU VEGETAIS."
16;PREPARA  ES DE CARNE, PEIXES, CRUST CEOS, MOLUSCOS, OUTROS INVERTEBRADOS AQU TICOS OU DE INSETOS.
16010000;"ENCHIDOS E PRODUTOS SEMELHANTES, DE CARNE, MIUDEZAS, SANGUE OU DE INSETOS; PREPARA  ES ALIMENT CIAS   BASE DESSES PRODUTOS."
1602;OUTRAS PREPARA  ES E CONSERVAS DE CARNE, MIUDEZAS, SANGUE OU DE INSETOS.
16021000;- PREPARA  ES HOMOGENEIZADAS
16022000;- DE F GADOS DE QUAISQUER ANIMAIS
16023;- DE AVES DA POSI  O 01.05:
16023100;-- DE PERUAS E DE PERUS
160232;-- DE AVES DA ESP CIE GALLUS DOMESTICUS
16023210;COM CONTE DO DE CARNE OU DE MIUDEZAS IGUAL OU SUPERIOR A 57 %, EM PESO, N O COZIDAS
16023220;COM CONTE DO DE CARNE OU DE MIUDEZAS IGUAL OU SUPERIOR A 57 %, EM PESO, COZIDAS
16023230;COM CONTE DO DE CARNE OU DE MIUDEZAS IGUAL OU SUPERIOR A 25 % E INFERIOR A 57 %, EM PESO
16023290;OUTRAS
16023900;-- OUTRAS
16024;- DA ESP CIE SU NA:
16024100;-- PERNAS E RESPECTIVOS PEDA OS
16024200;-- P S E RESPECTIVOS PEDA OS
16024900;-- OUTRAS, INCLUINDO AS MISTURAS
16025000;- DA ESP CIE BOVINA
16029000;- OUTRAS, INCLUINDO AS PREPARA  ES DE SANGUE DE QUAISQUER ANIMAIS
16030000;EXTRATOS E SUCOS DE CARNE, PEIXES OU CRUST CEOS, MOLUSCOS OU DE OUTROS INVERTEBRADOS AQU TICOS.
1604;"PREPARA  ES E CONSERVAS DE PEIXES; CAVIAR E SEUS SUCED NEOS PREPARADOS A PARTIR DE OVAS DE PEIXE."
16041;- PEIXES INTEIROS OU EM PEDA OS, EXCETO PEIXES PICADOS:
16041100;-- SALM ES
16041200;-- ARENQUES
160413;-- SARDINHAS (SARDINHA E SARDINELAS*) E ANCHOVETA (ESPADILHA*)
16041310;SARDINHAS
16041390;OUTROS
160414;-- ATUNS, BONITO-LISTRADO (GAIADO*) E BONITOS (SARDA SPP.)
16041410;ATUNS
16041420;BONITO-LISTRADO
16041430;BONITO-CACHORRO
16041500;-- CAVALINHAS (SARDAS E CAVALAS*)
16041600;-- ANCHOVAS (BIQUEIR ES*)
16041700;-- ENGUIAS
16041800;-- BARBATANAS DE TUBAR O
16041900;-- OUTROS
160420;- OUTRAS PREPARA  ES E CONSERVAS DE PEIXES
16042010;DE ATUNS
16042020;DE BONITO-LISTRADO
16042030;DE SARDINHAS OU DE ANCHOVETA
16042090;OUTRAS
16043;- CAVIAR E SEUS SUCED NEOS:
16043100;-- CAVIAR
16043200;-- SUCED NEOS DO CAVIAR
1605;CRUST CEOS, MOLUSCOS E OUTROS INVERTEBRADOS AQU TICOS, PREPARADOS OU EM CONSERVAS.
16051000;- CARANGUEJOS
16052;- CAMAR ES:
16052100;-- N O ACONDICIONADOS EM RECIPIENTES HERMETICAMENTE FECHADOS
16052900;-- OUTROS
16053000;- LAVAGANTES
16054000;- OUTROS CRUST CEOS
16055;- MOLUSCOS:
16055100;-- OSTRAS
16055200;-- VIEIRAS, INCLUINDO A AMERICANA
16055300;-- MEXILH ES
16055400;-- S PIAS E LULAS (CHOCOS E LULAS*) (CHOCOS, CHOPOS, POTAS E LULAS*)
16055500;-- POLVOS
16055600;-- AM IJOAS, BERBIG ES E ARCAS
16055700;-- ABALONES (ORELHAS-DO-MAR*)
16055800;-- CARAC IS, EXCETO OS DO MAR
16055900;-- OUTROS
16056;- OUTROS INVERTEBRADOS AQU TICOS:
16056100;-- PEPINOS-DO-MAR
16056200;-- OURI OS-DO-MAR
16056300;-- MEDUSAS ( GUAS-VIVAS)
16056900;-- OUTROS
17;A  CARES E PRODUTOS DE CONFEITARIA.
1701;A  CARES DE CANA OU DE BETERRABA E SACAROSE QUIMICAMENTE PURA, NO ESTADO S LIDO.
17011;- A  CARES EM BRUTO SEM ADI  O DE AROMATIZANTES OU DE CORANTES:
17011200;-- DE BETERRABA
17011300;-- A  CAR DE CANA MENCIONADO NA NOTA DE SUBPOSI  O 2 DO PRESENTE CAP TULO
17011400;-- OUTROS A  CARES DE CANA
17019;- OUTROS:
17019100;-- ADICIONADOS DE AROMATIZANTES OU DE CORANTES
17019900;-- OUTROS
1702;"OUTROS A  CARES, INCLUINDO A LACTOSE, MALTOSE, GLICOSE E FRUTOSE (LEVULOSE), QUIMICAMENTE PURAS, NO ESTADO S LIDO; XAROPES DE A  CARES, SEM ADI  O DE AROMATIZANTES OU DE CORANTES; SUCED NEOS DO MEL, MESMO MISTURADOS COM MEL NATURAL; A  CARES E MELA OS CARAMELIZADOS."
17021;- LACTOSE E XAROPE DE LACTOSE:
17021100;-- QUE CONTENHAM, EM PESO, 99 % OU MAIS DE LACTOSE, EXPRESSO EM LACTOSE ANIDRA, CALCULADO SOBRE A MAT RIA SECA
17021900;-- OUTROS
17022000;- A  CAR E XAROPE, DE BORDO ( CER)
170230;- GLICOSE E XAROPE DE GLICOSE, QUE N O CONTENHAM FRUTOSE (LEVULOSE) OU QUE CONTENHAM, EM PESO, NO ESTADO SECO, MENOS DE 20 % DE FRUTOSE (LEVULOSE)
1702301;GLICOSE
17023011;QUIMICAMENTE PURA
17023019;OUTRA
17023020;XAROPE DE GLICOSE
170240;- GLICOSE E XAROPE DE GLICOSE, QUE CONTENHAM, EM PESO, NO ESTADO SECO, UM TEOR DE FRUTOSE (LEVULOSE) IGUAL OU SUPERIOR A 20 % E INFERIOR A 50 %, COM EXCE  O DO A  CAR INVERTIDO
17024010;GLICOSE
17024020;XAROPE DE GLICOSE
17025000;- FRUTOSE (LEVULOSE) QUIMICAMENTE PURA
170260;- OUTRA FRUTOSE (LEVULOSE) E XAROPE DE FRUTOSE (LEVULOSE), QUE CONTENHAM, EM PESO, NO ESTADO SECO, UM TEOR DE FRUTOSE (LEVULOSE) SUPERIOR A 50 %, COM EXCE  O DO A  CAR INVERTIDO
17026010;FRUTOSE (LEVULOSE)
17026020;XAROPE DE FRUTOSE (LEVULOSE)
17029000;- OUTROS, INCLUINDO O A  CAR INVERTIDO E OS OUTROS A  CARES E XAROPES DE A  CARES, QUE CONTENHAM, EM PESO, NO ESTADO SECO, 50 % DE FRUTOSE (LEVULOSE)
1703;MELA OS RESULTANTES DA EXTRA  O OU REFINA  O DO A  CAR.
17031000;- MELA OS DE CANA
17039000;- OUTROS
1704;PRODUTOS DE CONFEITARIA SEM CACAU (INCLUINDO O CHOCOLATE BRANCO).
17041000;- GOMAS DE MASCAR (PASTILHAS EL STICAS), MESMO REVESTIDAS DE A  CAR
170490;- OUTROS
17049010;CHOCOLATE BRANCO
17049020;CARAMELOS, CONFEITOS, DROPES, PASTILHAS, E PRODUTOS SEMELHANTES
17049090;OUTROS
18;CACAU E SUAS PREPARA  ES.
18010000;CACAU INTEIRO OU PARTIDO, EM BRUTO OU TORRADO.
18020000;CASCAS, PEL CULAS E OUTROS DESPERD CIOS DE CACAU.
1803;PASTA DE CACAU, MESMO DESENGORDURADA.
18031000;- N O DESENGORDURADA
18032000;- TOTAL OU PARCIALMENTE DESENGORDURADA
18040000;MANTEIGA, GORDURA E  LEO, DE CACAU.
18050000;CACAU EM P , SEM ADI  O DE A  CAR OU DE OUTROS EDULCORANTES.
1806;CHOCOLATE E OUTRAS PREPARA  ES ALIMENT CIAS QUE CONTENHAM CACAU.
18061000;- CACAU EM P , COM ADI  O DE A  CAR OU DE OUTROS EDULCORANTES
18062000;- OUTRAS PREPARA  ES EM BLOCOS OU EM BARRAS, DE PESO SUPERIOR A 2 KG, OU NO ESTADO L QUIDO, EM PASTA, EM P , GR NULOS OU FORMAS SEMELHANTES, EM RECIPIENTES OU EMBALAGENS IMEDIATAS DE CONTE DO SUPERIOR A 2 KG
18063;- OUTROS, EM TABLETES, BARRAS E PAUS:
180631;-- RECHEADOS
18063110;CHOCOLATE
18063120;OUTRAS PREPARA  ES
180632;-- N O RECHEADOS
18063210;CHOCOLATE
18063220;OUTRAS PREPARA  ES
18069000;- OUTROS
19;"PREPARA  ES   BASE DE CEREAIS, FARINHAS, AMIDOS, F CULAS OU LEITE; PRODUTOS DE PASTELARIA."
1901;"EXTRATOS DE MALTE; PREPARA  ES ALIMENT CIAS DE FARINHAS, GRUMOS, S MOLAS, AMIDOS, F CULAS OU DE EXTRATOS DE MALTE, QUE N O CONTENHAM CACAU OU QUE CONTENHAM MENOS DE 40 %, EM PESO, DE CACAU, CALCULADO SOBRE UMA BASE TOTALMENTE DESENGORDURADA, N O ESPECIFICADAS NEM COMPREENDIDAS NOUTRAS POSI  ES; PREPARA  ES ALIMENT CIAS DE PRODUTOS DAS POSI  ES 04.01 A 04.04, QUE N O CONTENHAM CACAU OU QUE CONTENHAM MENOS DE 5 %, EM PESO, DE CACAU, CALCULADO SOBRE UMA BASE TOTALMENTE DESENGORDURADA, N O ESPECIFICADAS NEM COMPREENDIDAS NOUTRAS POSI  ES."
190110;- PREPARA  ES PARA ALIMENTA  O DE LACTENTES E CRIAN AS DE TENRA IDADE, ACONDICIONADAS PARA VENDA A RETALHO
19011010;LEITE MODIFICADO
19011020;FARINHA L CTEA
19011030;BASE DE FARINHA, GRUMOS, S MOLA OU AMIDO
19011090;OUTRAS
190120;- MISTURAS E PASTAS PARA A PREPARA  O DE PRODUTOS DE PADARIA, PASTELARIA E DA IND STRIA DE BOLACHAS E BISCOITOS, DA POSI  O 19.05
19012010;MASSA PARA A PREPARA  O DE P O, SEM ADI  O DE GR OS OU SEMENTES INTEGRAIS, CONGELADA
19012020;MASSA PARA A PREPARA  O DE P O, COM ADI  O DE GR OS OU SEMENTES INTEGRAIS, CONGELADA
19012090;OUTRAS
190190;- OUTROS
19019010;EXTRATO DE MALTE
19019020;DOCE DE LEITE
19019090;OUTROS
1902;"MASSAS ALIMENT CIAS, MESMO COZIDAS OU RECHEADAS (DE CARNE OU DE OUTRAS SUBST NCIAS) OU PREPARADAS DE OUTRO MODO, TAIS COMO ESPAGUETE, MACARR O, ALETRIA, LASANHA, NHOQUE, RAVI LI E CANELONE; CUSCUZ, MESMO PREPARADO."
19021;- MASSAS ALIMENT CIAS N O COZIDAS, NEM RECHEADAS, NEM PREPARADAS DE OUTRO MODO:
19021100;-- QUE CONTENHAM OVOS
19021900;-- OUTRAS
19022000;- MASSAS ALIMENT CIAS RECHEADAS (MESMO COZIDAS OU PREPARADAS DE OUTRO MODO)
19023000;- OUTRAS MASSAS ALIMENT CIAS
19024000;- CUSCUZ
19030000;TAPIOCA E SEUS SUCED NEOS PREPARADOS A PARTIR DE F CULAS, EM FLOCOS, GRUMOS, GR OS, P ROLAS OU FORMAS SEMELHANTES.
1904;"PRODUTOS   BASE DE CEREAIS, OBTIDOS POR EXPANS O OU POR TORREFA  O (FLOCOS DE MILHO (CORN FLAKES), POR EXEMPLO); CEREAIS (EXCETO MILHO) EM GR OS OU SOB A FORMA DE FLOCOS OU DE OUTROS GR OS TRABALHADOS (COM EXCE  O DA FARINHA, DO GRUMO E DA S MOLA), PR -COZIDOS OU PREPARADOS DE OUTRO MODO, N O ESPECIFICADOS NEM COMPREENDIDOS NOUTRAS POSI  ES."
19041000;- PRODUTOS   BASE DE CEREAIS, OBTIDOS POR EXPANS O OU POR TORREFA  O
19042000;- PREPARA  ES ALIMENT CIAS OBTIDAS A PARTIR DE FLOCOS DE CEREAIS N O TORRADOS OU DE MISTURAS DE FLOCOS DE CEREAIS N O TORRADOS COM FLOCOS DE CEREAIS TORRADOS OU EXPANDIDOS
19043000;- TRIGO BULGUR
19049000;- OUTROS
1905;"PRODUTOS DE PADARIA, PASTELARIA OU DA IND STRIA DE BOLACHAS E BISCOITOS, MESMO ADICIONADOS DE CACAU; H STIAS, C PSULAS VAZIAS PARA MEDICAMENTOS, OBREIAS, PASTAS SECAS DE FARINHA, AMIDO OU F CULA, EM FOLHAS, E PRODUTOS SEMELHANTES."
19051000;- P O CROCANTE DENOMINADO KN CKEBROT
190520;- P O DE ESPECIARIAS
19052010;PANETONE
19052090;OUTROS
19053;"- BOLACHAS E BISCOITOS, ADICIONADOS DE EDULCORANTES; WAFFLES E WAFERS:"
19053100;-- BOLACHAS E BISCOITOS, ADICIONADOS DE EDULCORANTES
19053200;-- WAFFLES E WAFERS
19054000;- TORRADAS (TOSTAS), P O TORRADO E PRODUTOS SEMELHANTES TORRADOS
190590;- OUTROS
19059010;P O DE FORMA
19059020;BOLACHAS E BISCOITOS
19059090;OUTROS
20;PREPARA  ES DE PRODUTOS HORT COLAS, FRUTA OU DE OUTRAS PARTES DE PLANTAS.
2001;PRODUTOS HORT COLAS, FRUTA E OUTRAS PARTES COMEST VEIS DE PLANTAS, PREPARADOS OU CONSERVADOS EM VINAGRE OU EM  CIDO AC TICO.
20011000;- PEPINOS E PEPININHOS (CORNICHONS)
20019000;- OUTROS
2002;TOMATES PREPARADOS OU CONSERVADOS, EXCETO EM VINAGRE OU EM  CIDO AC TICO.
20021000;- TOMATES INTEIROS OU EM PEDA OS
20029000;- OUTROS
2003;COGUMELOS E TRUFAS, PREPARADOS OU CONSERVADOS, EXCETO EM VINAGRE OU EM  CIDO AC TICO.
20031000;- COGUMELOS DO G NERO AGARICUS
20039000;- OUTROS
2004;OUTROS PRODUTOS HORT COLAS PREPARADOS OU CONSERVADOS, EXCETO EM VINAGRE OU EM  CIDO AC TICO, CONGELADOS, COM EXCE  O DOS PRODUTOS DA POSI  O 20.06.
20041000;- BATATAS
20049000;- OUTROS PRODUTOS HORT COLAS E MISTURAS DE PRODUTOS HORT COLAS
2005;OUTROS PRODUTOS HORT COLAS PREPARADOS OU CONSERVADOS, EXCETO EM VINAGRE OU EM  CIDO AC TICO, N O CONGELADOS, COM EXCE  O DOS PRODUTOS DA POSI  O 20.06.
20051000;- PRODUTOS HORT COLAS HOMOGENEIZADOS
20052000;- BATATAS
20054000;- ERVILHAS (PISUM SATIVUM)
20055;- FEIJ ES (VIGNA SPP., PHASEOLUS SPP.):
20055100;-- FEIJ ES EM GR OS
20055900;-- OUTROS
20056000;- ASPARGOS
20057000;- AZEITONAS
20058000;- MILHO DOCE (ZEA MAYS VAR. SACCHARATA)
20059;- OUTROS PRODUTOS HORT COLAS E MISTURAS DE PRODUTOS HORT COLAS:
20059100;-- BROTOS (REBENTOS) DE BAMBU
20059900;-- OUTROS
20060000;PRODUTOS HORT COLAS, FRUTA, CASCAS DE FRUTA E OUTRAS PARTES DE PLANTAS, CONSERVADOS COM A  CAR (PASSADOS POR CALDA, GLA ADOS OU CRISTALIZADOS).
2007;DOCES, GELEIAS, MARMELADES, PUR S E PASTAS DE FRUTA, OBTIDOS POR COZIMENTO, MESMO COM ADI  O DE A  CAR OU DE OUTROS EDULCORANTES.
20071000;- PREPARA  ES HOMOGENEIZADAS
20079;- OUTROS:
20079100;-- DE CITROS (CITRINOS)
200799;-- OUTROS
20079910;GELEIAS E MARMELADES
2007992;PUR S
20079921;DE A A  (EUTERPE OLERACEA)
20079922;DE ACEROLA (MALPIGHIA SPP.)
20079923;DE BANANA (MUSA SPP.)
20079924;DE GOIABA (PSIDIUM GUAJAVA)
20079925;DE MANGA (MANGIFERA INDICA)
20079926;DE CUPUA U (THEOBROMA GRANDIFLORUM)
20079927;DE MAM O (PAPAIA) (CARICA PAPAYA L.)
20079929;OUTROS
20079990;OUTROS
2008;FRUTA E OUTRAS PARTES COMEST VEIS DE PLANTAS, PREPARADAS OU CONSERVADAS DE OUTRO MODO, MESMO COM ADI  O DE A  CAR OU DE OUTROS EDULCORANTES OU DE  LCOOL, N O ESPECIFICADAS NEM COMPREENDIDAS NOUTRAS POSI  ES.
20081;- FRUTA DE CASCA RIJA, AMENDOINS E OUTRAS SEMENTES, MESMO MISTURADOS ENTRE SI:
20081100;-- AMENDOINS
20081900;-- OUTROS, INCLUINDO AS MISTURAS
200820;- ABACAXIS (ANANASES)
20082010;EM  GUA EDULCORADA, INCLUINDO OS XAROPES
20082090;OUTROS
20083000;- CITROS (CITRINOS)
200840;- PERAS
20084010;EM  GUA EDULCORADA, INCLUINDO OS XAROPES
20084090;OUTRAS
20085000;- DAMASCOS
200860;- CEREJAS
20086010;EM  GUA EDULCORADA, INCLUINDO OS XAROPES
20086090;OUTRAS
200870;- P SSEGOS, INCLUINDO AS NECTARINAS
20087010;EM  GUA EDULCORADA, INCLUINDO OS XAROPES
20087020;POLPA COM VALOR BRIX IGUAL OU SUPERIOR A 20
20087090;OUTROS
20088000;- MORANGOS
20089;- OUTRAS, INCLUINDO AS MISTURAS, COM EXCLUS O DAS DA SUBPOSI  O 2008.19:
20089100;-- PALMITOS
20089300;"-- ARANDOS VERMELHOS (CRANBERRIES) (VACCINIUM MACROCARPON, VACCINIUM OXYCOCCOS); AIRELA VERMELHA (VACCINIUM VITIS-IDAEA)"
200897;-- MISTURAS
20089710;EM  GUA EDULCORADA, INCLUINDO OS XAROPES
20089790;OUTRAS
20089900;-- OUTRAS
2009;SUCOS (SUMOS) DE FRUTA (INCLUINDO OS MOSTOS DE UVAS E A  GUA DE COCO) OU DE PRODUTOS HORT COLAS, N O FERMENTADOS, SEM ADI  O DE  LCOOL, MESMO COM ADI  O DE A  CAR OU DE OUTROS EDULCORANTES.
20091;- SUCO (SUMO) DE LARANJA:
20091100;-- CONGELADO
20091200;-- N O CONGELADO, COM VALOR BRIX N O SUPERIOR A 20
20091900;-- OUTROS
20092;"- SUCO (SUMO) DE TORANJA; SUCO (SUMO) DE POMELO:"
20092100;-- COM VALOR BRIX N O SUPERIOR A 20
20092900;-- OUTROS
20093;- SUCO (SUMO) DE QUALQUER OUTRO CITRO (CITRINO):
20093100;-- COM VALOR BRIX N O SUPERIOR A 20
20093900;-- OUTROS
20094;- SUCO (SUMO) DE ABACAXI (ANAN S):
20094100;-- COM VALOR BRIX N O SUPERIOR A 20
20094900;-- OUTROS
20095000;- SUCO (SUMO) DE TOMATE
20096;- SUCO (SUMO) DE UVA (INCLUINDO OS MOSTOS DE UVAS):
20096100;-- COM VALOR BRIX N O SUPERIOR A 30
20096900;-- OUTROS
20097;- SUCO (SUMO) DE MA  :
20097100;-- COM VALOR BRIX N O SUPERIOR A 20
20097900;-- OUTROS
20098;- SUCO (SUMO) DE QUALQUER OUTRA FRUTA OU PRODUTO HORT COLA:
20098100;"-- SUCO (SUMO) DE ARANDO VERMELHO (CRANBERRY) (VACCINIUM MACROCARPON, VACCINIUM OXYCOCCOS); SUCO (SUMO) DE AIRELA VERMELHA (VACCINIUM VITIS-IDAEA)"
200989;-- OUTROS
2009891;SUCO (SUMO) DE P SSEGO, DE ACEROLA (MALPIGHIA SPP.) E DE MARACUJ  (PASSIFLORA EDULIS)
20098911;DE P SSEGO, COM VALOR BRIX IGUAL OU SUPERIOR A 60
20098912;DE ACEROLA (MALPIGHIA SPP.)
20098913;DE MARACUJ  (PASSIFLORA EDULIS)
20098919;OUTROS
2009892;GUA DE COCO (COCOS NUCIFERA)
20098921;COM VALOR BRIX N O SUPERIOR A 7,4
20098922;COM VALOR BRIX SUPERIOR A 7,4
20098990;OUTROS
20099000;- MISTURAS DE SUCOS (SUMOS)
21;PREPARA  ES ALIMENT CIAS DIVERSAS.
2101;"EXTRATOS, ESS NCIAS E CONCENTRADOS DE CAF , CH  OU MATE E PREPARA  ES   BASE DESTES PRODUTOS OU   BASE DE CAF , CH  OU MATE; CHIC RIA TORRADA E OUTROS SUCED NEOS TORRADOS DO CAF  E RESPECTIVOS EXTRATOS, ESS NCIAS E CONCENTRADOS."
21011;- EXTRATOS, ESS NCIAS E CONCENTRADOS DE CAF  E PREPARA  ES   BASE DESTES EXTRATOS, ESS NCIAS OU CONCENTRADOS OU   BASE DE CAF :
210111;-- EXTRATOS, ESS NCIAS E CONCENTRADOS
21011110;CAF  SOL VEL, MESMO DESCAFEINADO
21011190;OUTROS
21011200;-- PREPARA  ES   BASE DE EXTRATOS, ESS NCIAS OU CONCENTRADOS OU   BASE DE CAF
210120;- EXTRATOS, ESS NCIAS E CONCENTRADOS DE CH  OU DE MATE E PREPARA  ES   BASE DESTES EXTRATOS, ESS NCIAS OU CONCENTRADOS OU   BASE DE CH  OU DE MATE
21012010;DE CH
21012020;DE MATE
21013000;- CHIC RIA TORRADA E OUTROS SUCED NEOS TORRADOS DO CAF  E RESPECTIVOS EXTRATOS, ESS NCIAS E CONCENTRADOS
2102;"LEVEDURAS (VIVAS OU MORTAS); OUTROS MICRORGANISMOS MONOCELULARES MORTOS (EXCETO AS VACINAS DA POSI  O 30.02); P S PARA LEVEDAR, PREPARADOS."
210210;- LEVEDURAS VIVAS
21021010;SACCHAROMYCES BOULARDII
21021090;OUTRAS
21022000;"- LEVEDURAS MORTAS; OUTROS MICRORGANISMOS MONOCELULARES MORTOS"
21023000;- P S PARA LEVEDAR, PREPARADOS
2103;"PREPARA  ES PARA MOLHOS E MOLHOS PREPARADOS; CONDIMENTOS E TEMPEROS COMPOSTOS; FARINHA DE MOSTARDA E MOSTARDA PREPARADA."
210310;- MOLHO DE SOJA
21031010;EM EMBALAGENS IMEDIATAS DE CONTE DO INFERIOR OU IGUAL A 1 KG
21031090;OUTROS
210320;- KETCHUP E OUTROS MOLHOS DE TOMATE
21032010;EM EMBALAGENS IMEDIATAS DE CONTE DO INFERIOR OU IGUAL A 1 KG
21032090;OUTROS
210330;- FARINHA DE MOSTARDA E MOSTARDA PREPARADA
21033010;FARINHA DE MOSTARDA
2103302;MOSTARDA PREPARADA
21033021;EM EMBALAGENS IMEDIATAS DE CONTE DO INFERIOR OU IGUAL A 1 KG
21033029;OUTRAS
210390;- OUTROS
2103901;MAIONESE
21039011;EM EMBALAGENS IMEDIATAS DE CONTE DO INFERIOR OU IGUAL A 1 KG
21039019;OUTRA
2103902;CONDIMENTOS E TEMPEROS, COMPOSTOS
21039021;EM EMBALAGENS IMEDIATAS DE CONTE DO INFERIOR OU IGUAL A 1 KG
21039029;OUTROS
2103909;OUTROS
21039091;EM EMBALAGENS IMEDIATAS DE CONTE DO INFERIOR OU IGUAL A 1 KG
21039099;OUTROS
2104;"PREPARA  ES PARA CALDOS E SOPAS; CALDOS E SOPAS PREPARADOS; PREPARA  ES ALIMENT CIAS COMPOSTAS HOMOGENEIZADAS."
210410;"- PREPARA  ES PARA CALDOS E SOPAS; CALDOS E SOPAS PREPARADOS"
2104101;PREPARA  ES PARA CALDOS E SOPAS
21041011;EM EMBALAGENS IMEDIATAS DE CONTE DO INFERIOR OU IGUAL A 1 KG
21041019;OUTRAS
2104102;CALDOS E SOPAS PREPARADOS
21041021;EM EMBALAGENS IMEDIATAS DE CONTE DO INFERIOR OU IGUAL A 1 KG
21041029;OUTROS
21042000;- PREPARA  ES ALIMENT CIAS COMPOSTAS HOMOGENEIZADAS
210500;SORVETES (GELADOS*), MESMO QUE CONTENHAM CACAU.
21050010;EM EMBALAGENS IMEDIATAS DE CONTE DO INFERIOR OU IGUAL A 2 KG
21050090;OUTROS
2106;PREPARA  ES ALIMENT CIAS N O ESPECIFICADAS NEM COMPREENDIDAS NOUTRAS POSI  ES.
21061000;- CONCENTRADOS DE PROTE NAS E SUBST NCIAS PROTEICAS TEXTURIZADAS
210690;- OUTRAS
21069010;PREPARA  ES DO TIPO UTILIZADO PARA ELABORA  O DE BEBIDAS
2106902;P S, INCLUSIVE COM ADI  O DE A  CAR OU OUTRO EDULCORANTE, PARA A FABRICA  O DE PUDINS, CREMES, SORVETES, FLANS, GELATINAS OU PREPARA  ES SEMELHANTES
21069021;PARA A FABRICA  O DE PUDINS, EM EMBALAGENS IMEDIATAS DE CONTE DO INFERIOR OU IGUAL A 1 KG
21069029;OUTROS
21069030;SUPLEMENTOS ALIMENTARES
21069040;MISTURAS   BASE DE ASCORBATO DE S DIO E GLUCOSE PR PRIAS PARA EMBUTIDOS
21069050;GOMAS DE MASCAR, SEM A  CAR
21069060;CARAMELOS, CONFEITOS, PASTILHAS E PRODUTOS SEMELHANTES, SEM A  CAR
21069090;OUTRAS
22;BEBIDAS, L QUIDOS ALCO LICOS E VINAGRES.
2201;"GUAS, INCLUINDO AS  GUAS MINERAIS, NATURAIS OU ARTIFICIAIS, E AS  GUAS GASEIFICADAS, N O ADICIONADAS DE A  CAR OU DE OUTROS EDULCORANTES NEM AROMATIZADAS; GELO E NEVE."
22011000;-  GUAS MINERAIS E  GUAS GASEIFICADAS
22019000;- OUTROS
2202;GUAS, INCLUINDO AS  GUAS MINERAIS E AS  GUAS GASEIFICADAS, ADICIONADAS DE A  CAR OU DE OUTROS EDULCORANTES OU AROMATIZADAS E OUTRAS BEBIDAS N O ALCO LICAS, EXCETO SUCOS (SUMOS) DE FRUTA OU DE PRODUTOS HORT COLAS DA POSI  O 20.09.
22021000;-  GUAS, INCLUINDO AS  GUAS MINERAIS E AS  GUAS GASEIFICADAS, ADICIONADAS DE A  CAR OU DE OUTROS EDULCORANTES OU AROMATIZADAS
22029;- OUTRAS:
22029100;-- CERVEJA SEM  LCOOL
22029900;-- OUTRAS
22030000;CERVEJAS DE MALTE.
2204;"VINHOS DE UVAS FRESCAS, INCLUINDO OS VINHOS ENRIQUECIDOS COM  LCOOL; MOSTOS DE UVAS, EXCLUINDO OS DA POSI  O 20.09."
220410;- VINHOS ESPUMANTES E VINHOS ESPUMOSOS
22041010;TIPO CHAMPANHA (CHAMPAGNE)
22041090;OUTROS
22042;"- OUTROS VINHOS; MOSTOS DE UVAS CUJA FERMENTA  O TENHA SIDO IMPEDIDA OU INTERROMPIDA POR ADI  O DE  LCOOL:"
22042100;-- EM RECIPIENTES DE CAPACIDADE N O SUPERIOR A 2 L
220422;-- EM RECIPIENTES DE CAPACIDADE SUPERIOR A 2 L, MAS N O SUPERIOR A 10 L
2204221;VINHOS
22042211;EM RECIPIENTES DE CAPACIDADE N O SUPERIOR A 5 L
22042219;OUTROS
22042220;MOSTOS
220429;-- OUTROS
22042910;VINHOS
22042920;MOSTOS
22043000;- OUTROS MOSTOS DE UVAS
2205;VERMUTES E OUTROS VINHOS DE UVAS FRESCAS AROMATIZADOS POR PLANTAS OU SUBST NCIAS AROM TICAS.
22051000;- EM RECIPIENTES DE CAPACIDADE N O SUPERIOR A 2 L
22059000;- OUTROS
220600;"OUTRAS BEBIDAS FERMENTADAS (POR EXEMPLO, SIDRA, PERADA, HIDROMEL, SAQU ); MISTURAS DE BEBIDAS FERMENTADAS E MISTURAS DE BEBIDAS FERMENTADAS COM BEBIDAS N O ALCO LICAS, N O ESPECIFICADAS NEM COMPREENDIDAS NOUTRAS POSI  ES."
22060010;SIDRA
22060090;OUTRAS
2207;"LCOOL ET LICO N O DESNATURADO, COM UM TEOR ALCO LICO, EM VOLUME, IGUAL OU SUPERIOR A 80 % VOL.;  LCOOL ET LICO E AGUARDENTES, DESNATURADOS, COM QUALQUER TEOR ALCO LICO."
220710;-  LCOOL ET LICO N O DESNATURADO, COM UM TEOR ALCO LICO, EM VOLUME, IGUAL OU SUPERIOR A 80 % VOL.
22071010;COM UM TEOR DE  GUA INFERIOR OU IGUAL A 1 % VOL.
22071090;OUTROS
220720;-  LCOOL ET LICO E AGUARDENTES, DESNATURADOS, COM QUALQUER TEOR ALCO LICO
2207201;LCOOL ET LICO
22072011;COM UM TEOR DE  GUA INFERIOR OU IGUAL A 1 % VOL.
22072019;OUTROS
22072020;AGUARDENTE
2208;"LCOOL ET LICO N O DESNATURADO, COM UM TEOR ALCO LICO, EM VOLUME, INFERIOR A 80 % VOL.; AGUARDENTES, LICORES E OUTRAS BEBIDAS ESPIRITUOSAS."
22082000;- AGUARDENTES DE VINHO OU DE BAGA O, DE UVAS
220830;- U SQUES
22083010;COM UM TEOR ALCO LICO, EM VOLUME, SUPERIOR A 50 % VOL., EM RECIPIENTES DE CAPACIDADE IGUAL OU SUPERIOR A 50 L
22083020;EM EMBALAGENS DE CAPACIDADE INFERIOR OU IGUAL A 2 L
22083090;OUTROS
22084000;- RUM E OUTRAS AGUARDENTES PROVENIENTES DA DESTILA  O, AP S FERMENTA  O, DE PRODUTOS DA CANA-DE-A  CAR
22085000;- GIM E GENEBRA
22086000;- VODCA
22087000;- LICORES
22089000;- OUTROS
22090000;VINAGRES E SEUS SUCED NEOS OBTIDOS A PARTIR DO  CIDO AC TICO, PARA USO ALIMENTAR.
23;"RES DUOS E DESPERD CIOS DAS IND STRIAS ALIMENTARES; ALIMENTOS PREPARADOS PARA ANIMAIS."
2301;"FARINHAS, P S E PELLETS, DE CARNES, MIUDEZAS, PEIXES OU CRUST CEOS, MOLUSCOS OU DE OUTROS INVERTEBRADOS AQU TICOS, IMPR PRIOS PARA ALIMENTA  O HUMANA; TORRESMOS."
230110;"- FARINHAS, P S E PELLETS, DE CARNES OU DE MIUDEZAS; TORRESMOS"
23011010;DE CARNE
23011090;OUTROS
230120;- FARINHAS, P S E PELLETS, DE PEIXES OU CRUST CEOS, MOLUSCOS OU DE OUTROS INVERTEBRADOS AQU TICOS
23012010;DE PEIXES
23012090;OUTROS
2302;S MEAS, FARELOS E OUTROS RES DUOS, MESMO EM PELLETS, DA PENEIRA  O, MOAGEM OU DE OUTROS TRATAMENTOS DE CEREAIS OU DE LEGUMINOSAS.
23021000;- DE MILHO
230230;- DE TRIGO
23023010;FARELO
23023090;OUTROS
23024000;- DE OUTROS CEREAIS
23025000;- DE LEGUMINOSAS
2303;RES DUOS DA FABRICA  O DO AMIDO E RES DUOS SEMELHANTES, POLPAS DE BETERRABA, BAGA OS DE CANA-DE-A  CAR E OUTROS DESPERD CIOS DA IND STRIA DO A  CAR, BORRAS E DESPERD CIOS DA IND STRIA DA CERVEJA E DAS DESTILARIAS, MESMO EM PELLETS.
23031000;- RES DUOS DA FABRICA  O DO AMIDO E RES DUOS SEMELHANTES
23032000;- POLPAS DE BETERRABA, BAGA OS DE CANA-DE-A  CAR E OUTROS DESPERD CIOS DA IND STRIA DO A  CAR
23033000;- BORRAS E DESPERD CIOS DA IND STRIA DA CERVEJA E DAS DESTILARIAS
230400;TORTAS (BAGA OS) E OUTROS RES DUOS S LIDOS, MESMO TRITURADOS OU EM PELLETS, DA EXTRA  O DO  LEO DE SOJA.
23040010;FARINHAS E PELLETS
23040090;OUTROS
23050000;TORTAS (BAGA OS) E OUTROS RES DUOS S LIDOS, MESMO TRITURADOS OU EM PELLETS, DA EXTRA  O DO  LEO DE AMENDOIM.
2306;TORTAS (BAGA OS) E OUTROS RES DUOS S LIDOS, MESMO TRITURADOS OU EM PELLETS, DA EXTRA  O DE GORDURAS OU  LEOS VEGETAIS OU DE ORIGEM MICROBIANA, EXCETO OS DAS POSI  ES 23.04 OU 23.05.
23061000;- DE SEMENTES DE ALGOD O
23062000;- DE LINHA A (SEMENTES DE LINHO)
230630;- DE SEMENTES DE GIRASSOL
23063010;TORTAS (BAGA OS), FARINHAS E PELLETS
23063090;OUTROS
23064;- DE SEMENTES DE NABO SILVESTRE OU DE COLZA:
23064100;-- COM BAIXO TEOR DE  CIDO ER CICO
23064900;-- OUTROS
23065000;- DE COCO OU DE COPRA
23066000;- DE NOZES OU DE AM NDOAS DE PALMA (PALMISTE) (COCONOTE)
230690;- OUTROS
23069010;DE GERME DE MILHO
23069090;OUTROS
23070000;"BORRAS DE VINHO; T RTARO EM BRUTO."
23080000;MAT RIAS VEGETAIS E DESPERD CIOS VEGETAIS, RES DUOS E SUBPRODUTOS VEGETAIS, MESMO EM PELLETS, DO TIPO UTILIZADO NA ALIMENTA  O DE ANIMAIS, N O ESPECIFICADOS NEM COMPREENDIDOS NOUTRAS POSI  ES.
2309;PREPARA  ES DO TIPO UTILIZADO NA ALIMENTA  O DE ANIMAIS.
23091000;- ALIMENTOS PARA C ES OU GATOS, ACONDICIONADOS PARA VENDA A RETALHO
230990;- OUTRAS
23099010;PREPARA  ES DESTINADAS A FORNECER AO ANIMAL A TOTALIDADE DOS ELEMENTOS NUTRITIVOS NECESS RIOS PARA UMA ALIMENTA  O DI RIA RACIONAL E EQUILIBRADA (ALIMENTOS COMPOSTOS COMPLETOS)
23099020;PREPARA  ES   BASE DE SAL IODADO, FARINHA DE OSSOS, FARINHA DE CONCHA, COBRE E COBALTO
23099030;BOLACHAS E BISCOITOS
23099040;PREPARA  ES QUE CONTENHAM DICLAZURIL
23099050;PREPARA  ES COM UM TEOR DE CLORIDRATO DE RACTOPAMINA IGUAL OU SUPERIOR A 2 %, EM PESO, COM SUPORTE DE FARELO DE SOJA
23099060;PREPARA  ES QUE CONTENHAM XILANASE E BETAGLUCONASE, COM SUPORTE DE FARINHA DE TRIGO
23099070;PREPARA  ES COM UM TEOR DE VITAMINA B12 IGUAL OU SUPERIOR A 0,1 %, MAS N O SUPERIOR A 1 %, EM PESO, COM SUPORTE   BASE DE CARBONATO DE C LCIO
23099090;OUTRAS
24;"TABACO E SEUS SUCED NEOS MANUFATURADOS; PRODUTOS, MESMO COM NICOTINA, DESTINADOS   INALA  O SEM COMBUST O; OUTROS PRODUTOS QUE CONTENHAM NICOTINA DESTINADOS   ABSOR  O DA NICOTINA PELO CORPO HUMANO."
2401;"TABACO N O MANUFATURADO; DESPERD CIOS DE TABACO."
240110;- TABACO N O DESTALADO
24011010;EM FOLHAS, SEM SECAR NEM FERMENTAR
24011020;EM FOLHAS SECAS OU FERMENTADAS TIPO CAPEIRO
24011030;EM FOLHAS SECAS EM SECADOR DE AR QUENTE (FLUE CURED), DO TIPO VIRG NIA
24011040;EM FOLHAS SECAS, COM UM CONTE DO DE  LEOS VOL TEIS SUPERIOR A 0,2 %, EM PESO, DO TIPO TURCO
24011090;OUTROS
240120;- TABACO TOTAL OU PARCIALMENTE DESTALADO
24012010;EM FOLHAS, SEM SECAR NEM FERMENTAR
24012020;EM FOLHAS SECAS OU FERMENTADAS TIPO CAPEIRO
24012030;EM FOLHAS SECAS EM SECADOR DE AR QUENTE (FLUE CURED), DO TIPO VIRG NIA
24012040;EM FOLHAS SECAS (LIGHT AIR CURED), DO TIPO BURLEY
24012090;OUTROS
24013000;- DESPERD CIOS DE TABACO
2402;CHARUTOS, CIGARRILHAS E CIGARROS, DE TABACO OU DOS SEUS SUCED NEOS.
24021000;- CHARUTOS E CIGARRILHAS, QUE CONTENHAM TABACO
24022000;- CIGARROS QUE CONTENHAM TABACO
24029000;- OUTROS
2403;"OUTROS PRODUTOS DE TABACO E SEUS SUCED NEOS, MANUFATURADOS; TABACO ""HOMOGENEIZADO"" OU ""RECONSTITU DO""; EXTRATOS E MOLHOS DE TABACO."
24031;- TABACO PARA FUMAR, MESMO QUE CONTENHA SUCED NEOS DO TABACO EM QUALQUER PROPOR  O:
24031100;-- TABACO PARA NARGUIL  (CACHIMBO DE  GUA) MENCIONADO NA NOTA DE SUBPOSI  O 1 DO PRESENTE CAP TULO
24031900;-- OUTROS
24039;- OUTROS:
24039100;"-- TABACO ""HOMOGENEIZADO"" OU ""RECONSTITU DO"""
240399;-- OUTROS
24039910;EXTRATOS E MOLHOS
24039990;OUTROS
2404;"PRODUTOS QUE CONTENHAM TABACO, TABACO RECONSTITU DO, NICOTINA OU SUCED NEOS DO TABACO OU DA NICOTINA, DESTINADOS   INALA  O SEM COMBUST O; OUTROS PRODUTOS QUE CONTENHAM NICOTINA DESTINADOS   ABSOR  O DA NICOTINA PELO CORPO HUMANO."
24041;- PRODUTOS DESTINADOS   INALA  O SEM COMBUST O:
24041100;-- QUE CONTENHAM TABACO OU TABACO RECONSTITU DO
24041200;-- OUTROS, QUE CONTENHAM NICOTINA
24041900;-- OUTROS
24049;- OUTROS:
24049100;-- PARA APLICA  O ORAL
24049200;-- PARA APLICA  O PERCUT NEA
24049900;-- OUTROS
25;"SAL; ENXOFRE; TERRAS E PEDRAS; GESSO, CAL E CIMENTO."
250100;"SAL (INCLUINDO O SAL DE MESA E O SAL DESNATURADO) E CLORETO DE S DIO PURO, MESMO EM SOLU  O AQUOSA OU ADICIONADOS DE AGENTES ANTIAGLOMERANTES OU DE AGENTES QUE ASSEGUREM UMA BOA FLUIDEZ;  GUA DO MAR."
2501001;SAL A GRANEL, SEM AGREGADOS
25010011;SAL MARINHO
25010019;OUTROS
25010020;SAL DE MESA
25010090;OUTROS
25020000;PIRITAS DE FERRO N O USTULADAS.
250300;ENXOFRE DE QUALQUER ESP CIE, EXCETO O ENXOFRE SUBLIMADO, O PRECIPITADO E O COLOIDAL.
25030010;A GRANEL
25030090;OUTROS
2504;GRAFITA NATURAL.
25041000;- EM P  OU EM ESCAMAS
25049000;- OUTRA
2505;AREIAS NATURAIS DE QUALQUER ESP CIE, MESMO CORADAS, EXCETO AREIAS METAL FERAS DO CAP TULO 26.
25051000;- AREIAS SILICIOSAS E AREIAS QUARTZOSAS
25059000;- OUTRAS AREIAS
2506;"QUARTZO (EXCETO AREIAS NATURAIS); QUARTZITOS, MESMO DESBASTADOS OU SIMPLESMENTE CORTADOS,   SERRA OU POR OUTRO MEIO, EM BLOCOS OU PLACAS DE FORMA QUADRADA OU RETANGULAR."
25061000;- QUARTZO
25062000;- QUARTZITOS
250700;CAULIM (CAULINO) E OUTRAS ARGILAS CAUL NICAS, MESMO CALCINADOS.
25070010;CAULIM (CAULINO)
25070090;OUTROS
2508;"OUTRAS ARGILAS (EXCETO ARGILAS EXPANDIDAS DA POSI  O 68.06), ANDALUZITA, CIANITA, SILIMANITA, MESMO CALCINADAS; MULITA; BARRO COZIDO EM P  (TERRA DE CHAMOTTE) E TERRA DE DINAS."
25081000;- BENTONITA
25083000;- ARGILAS REFRAT RIAS
250840;- OUTRAS ARGILAS
25084010;PL STICAS, COM UM TEOR DE FE2O3, EM PESO, INFERIOR A 1,5 % E COM PERDA POR CALCINA  O, EM PESO, SUPERIOR A 12 %
25084090;OUTRAS
25085000;- ANDALUZITA, CIANITA E SILIMANITA
25086000;- MULITA
25087000;- BARRO COZIDO EM P  (TERRA DE CHAMOTTE) E TERRA DE DINAS
25090000;CR .
2510;FOSFATOS DE C LCIO NATURAIS, FOSFATOS ALUMINOC LCICOS NATURAIS E CR  FOSFATADO.
251010;- N O MO DOS
25101010;FOSFATOS DE C LCIO NATURAIS
25101090;OUTROS
251020;- MO DOS
25102010;FOSFATOS DE C LCIO NATURAIS
25102090;OUTROS
2511;"SULFATO DE B RIO NATURAL (BARITINA); CARBONATO DE B RIO NATURAL (WITHERITA), MESMO CALCINADO, EXCETO O  XIDO DE B RIO DA POSI  O 28.16."
25111000;- SULFATO DE B RIO NATURAL (BARITINA)
25112000;- CARBONATO DE B RIO NATURAL (WITHERITA)
25120000;FARINHAS SILICIOSAS F SSEIS (POR EXEMPLO, KIESELGUHR, TRIPOLITA, DIATOMITA) E OUTRAS TERRAS SILICIOSAS AN LOGAS DE DENSIDADE APARENTE N O SUPERIOR A 1, MESMO CALCINADAS.
2513;"PEDRA-POMES; ESMERIL; CORINDO NATURAL, GRANADA NATURAL E OUTROS ABRASIVOS NATURAIS, MESMO TRATADOS TERMICAMENTE."
25131000;- PEDRA-POMES
25132000;- ESMERIL, CORINDO NATURAL, GRANADA NATURAL E OUTROS ABRASIVOS NATURAIS
25140000;ARD SIA, MESMO DESBASTADA OU SIMPLESMENTE CORTADA   SERRA OU POR OUTRO MEIO, EM BLOCOS OU PLACAS DE FORMA QUADRADA OU RETANGULAR.
2515;M RMORES, TRAVERTINOS, GRANITOS BELGAS E OUTRAS PEDRAS CALC RIAS DE CANTARIA OU DE CONSTRU  O, DE DENSIDADE APARENTE IGUAL OU SUPERIOR A 2,5, E ALABASTRO, MESMO DESBASTADOS OU SIMPLESMENTE CORTADOS   SERRA OU POR OUTRO MEIO, EM BLOCOS OU PLACAS DE FORMA QUADRADA OU RETANGULAR.
25151;- M RMORES E TRAVERTINOS:
25151100;-- EM BRUTO OU DESBASTADOS
251512;-- SIMPLESMENTE CORTADOS   SERRA OU POR OUTRO MEIO, EM BLOCOS OU PLACAS DE FORMA QUADRADA OU RETANGULAR
25151210;M RMORES
25151220;TRAVERTINOS
25152000;"- GRANITOS BELGAS E OUTRAS PEDRAS CALC RIAS DE CANTARIA OU DE CONSTRU  O; ALABASTRO"
2516;GRANITO, P RFIRO, BASALTO, ARENITO (GR S) E OUTRAS PEDRAS DE CANTARIA OU DE CONSTRU  O, MESMO DESBASTADOS OU SIMPLESMENTE CORTADOS   SERRA OU POR OUTRO MEIO, EM BLOCOS OU PLACAS DE FORMA QUADRADA OU RETANGULAR.
25161;- GRANITO:
25161100;-- EM BRUTO OU DESBASTADO
25161200;-- SIMPLESMENTE CORTADO   SERRA OU POR OUTRO MEIO, EM BLOCOS OU PLACAS DE FORMA QUADRADA OU RETANGULAR
25162000;- ARENITO (GR S)
25169000;- OUTRAS PEDRAS DE CANTARIA OU DE CONSTRU  O
2517;"CALHAUS, CASCALHO, PEDRAS BRITADAS, DO TIPO NORMALMENTE UTILIZADO EM CONCRETO (BET O) OU PARA EMPEDRAMENTO DE ESTRADAS, DE VIAS F RREAS OU OUTROS BALASTROS, SEIXOS ROLADOS E S LEX, MESMO TRATADOS TERMICAMENTE; MACADAME DE ESC RIAS DE ALTOS-FORNOS, DE OUTRAS ESC RIAS OU DE RES DUOS INDUSTRIAIS SEMELHANTES, MESMO QUE CONTENHAM MAT RIAS INCLU DAS NA PRIMEIRA PARTE DO TEXTO DESTA POSI  O; TARMACADAME; GR NULOS, LASCAS E P S, DAS PEDRAS DAS POSI  ES 25.15 OU 25.16, MESMO TRATADOS TERMICAMENTE."
25171000;- CALHAUS, CASCALHO, PEDRAS BRITADAS, DO TIPO NORMALMENTE UTILIZADO EM CONCRETO (BET O) OU PARA EMPEDRAMENTO DE ESTRADAS, DE VIAS F RREAS OU OUTROS BALASTROS, SEIXOS ROLADOS E S LEX, MESMO TRATADOS TERMICAMENTE
25172000;- MACADAME DE ESC RIAS DE ALTOS-FORNOS, DE OUTRAS ESC RIAS OU DE RES DUOS INDUSTRIAIS SEMELHANTES, MESMO QUE CONTENHAM MAT RIAS INCLU DAS NA SUBPOSI  O 2517.10
25173000;- TARMACADAME
25174;- GR NULOS, LASCAS E P S, DAS PEDRAS DAS POSI  ES 25.15 OU 25.16, MESMO TRATADOS TERMICAMENTE:
25174100;-- DE M RMORE
25174900;-- OUTROS
2518;DOLOMITA, MESMO SINTERIZADA OU CALCINADA, INCLUINDO A DOLOMITA DESBASTADA OU SIMPLESMENTE CORTADA   SERRA OU POR OUTRO MEIO, EM BLOCOS OU PLACAS DE FORMA QUADRADA OU RETANGULAR.
25181000;"- DOLOMITA N O CALCINADA NEM SINTERIZADA, DENOMINADA ""CRUA"""
25182000;- DOLOMITA CALCINADA OU SINTERIZADA
2519;"CARBONATO DE MAGN SIO NATURAL (MAGNESITA); MAGN SIA ELETROFUNDIDA; MAGN SIA CALCINADA A FUNDO (SINTERIZADA), MESMO QUE CONTENHA PEQUENAS QUANTIDADES DE OUTROS  XIDOS ADICIONADOS ANTES DA SINTERIZA  O; OUTRO  XIDO DE MAGN SIO, MESMO PURO."
25191000;- CARBONATO DE MAGN SIO NATURAL (MAGNESITA)
251990;- OUTROS
25199010;MAGN SIA ELETROFUNDIDA
25199090;OUTROS
2520;"GIPSITA; ANIDRITA; GESSO, MESMO CORADO OU ADICIONADO DE PEQUENAS QUANTIDADES DE ACELERADORES OU RETARDADORES."
252010;"- GIPSITA; ANIDRITA"
2520101;GIPSITA
25201011;EM PEDA OS IRREGULARES (PEDRAS)
25201019;OUTROS
25201020;ANIDRITA
252020;- GESSO
25202010;MO DO, APTO PARA USO ODONTOL GICO
25202090;OUTROS
25210000;"CASTINAS; PEDRAS CALC RIAS UTILIZADAS NA FABRICA  O DE CAL OU DE CIMENTO."
2522;CAL VIVA, CAL APAGADA E CAL HIDR ULICA, COM EXCLUS O DO  XIDO E DO HIDR XIDO DE C LCIO DA POSI  O 28.25.
25221000;- CAL VIVA
25222000;- CAL APAGADA
25223000;- CAL HIDR ULICA
2523;CIMENTOS HIDR ULICOS (INCLUINDO OS CIMENTOS N O PULVERIZADOS, DENOMINADOS CLINKERS), MESMO CORADOS.
25231000;- CIMENTOS N O PULVERIZADOS, DENOMINADOS CLINKERS
25232;- CIMENTOS PORTLAND:
25232100;-- CIMENTOS BRANCOS, MESMO CORADOS ARTIFICIALMENTE
252329;-- OUTROS
25232910;CIMENTO COMUM
25232990;OUTROS
25233000;- CIMENTOS ALUMINOSOS
25239000;- OUTROS CIMENTOS HIDR ULICOS
2524;AMIANTO.
25241000;- CROCIDOLITA
25249000;- OUTROS
2525;"MICA, INCLUINDO A MICA CLIVADA EM LAMELAS IRREGULARES (SPLITTINGS); DESPERD CIOS DE MICA."
25251000;- MICA EM BRUTO OU CLIVADA EM FOLHAS OU LAMELAS IRREGULARES (SPLITTINGS)
25252000;- MICA EM P
25253000;- DESPERD CIOS DE MICA
2526;"ESTEATITA NATURAL, MESMO DESBASTADA OU SIMPLESMENTE CORTADA   SERRA OU POR OUTRO MEIO, EM BLOCOS OU PLACAS DE FORMA QUADRADA OU RETANGULAR; TALCO."
25261000;- N O TRITURADOS NEM EM P
25262000;- TRITURADOS OU EM P
25280000;"BORATOS NATURAIS E SEUS CONCENTRADOS (CALCINADOS OU N O), EXCETO BORATOS EXTRA DOS DE SALMOURAS NATURAIS;  CIDO B RICO NATURAL COM UM TEOR M XIMO DE 85 % DE H3BO3, EM PRODUTO SECO."
2529;"FELDSPATO; LEUCITA; NEFELINA E NEFELINA-SIENITO; ESPATOFL OR."
25291000;- FELDSPATO
25292;- ESPATOFL OR:
25292100;-- QUE CONTENHA, EM PESO, 97 % OU MENOS DE FLUORETO DE C LCIO
25292200;-- QUE CONTENHA, EM PESO, MAIS DE 97 % DE FLUORETO DE C LCIO
25293000;"- LEUCITA; NEFELINA E NEFELINA-SIENITO"
2530;MAT RIAS MINERAIS N O ESPECIFICADAS NEM COMPREENDIDAS NOUTRAS POSI  ES.
253010;- VERMICULITA, PERLITA E CLORITAS, N O EXPANDIDAS
25301010;PERLITA
25301090;OUTRAS
25302000;- KIESERITA, EPSOMITA (SULFATOS DE MAGN SIO NATURAIS)
253090;- OUTRAS
25309010;ESPODUM NIO
25309020;AREIA DE ZIRC NIO MICRONIZADA, PR PRIA PARA A PREPARA  O DE ESMALTES CER MICOS
25309030;MINERAIS DE METAIS DAS TERRAS RARAS
25309040;TERRAS CORANTES
25309090;OUTRAS
26;MIN RIOS, ESC RIAS E CINZAS.
2601;MIN RIOS DE FERRO E SEUS CONCENTRADOS, INCLUINDO AS PIRITAS DE FERRO USTULADAS (CINZAS DE PIRITAS).
26011;- MIN RIOS DE FERRO E SEUS CONCENTRADOS, EXCETO AS PIRITAS DE FERRO USTULADAS (CINZAS DE PIRITAS):
26011100;-- N O AGLOMERADOS
260112;-- AGLOMERADOS
26011210;AGLOMERADOS POR PROCESSO DE PELETIZA  O, DE DI METRO IGUAL OU SUPERIOR A 8 MM, MAS N O SUPERIOR A 18 MM
26011220;EM BRIQUETES DE VOLUME IGUAL OU SUPERIOR A 4 CM , MAS N O SUPERIOR A 60 CM
26011290;OUTROS
26012000;- PIRITAS DE FERRO USTULADAS (CINZAS DE PIRITAS)
260200;MIN RIOS DE MANGAN S E SEUS CONCENTRADOS, INCLUINDO OS MIN RIOS DE MANGAN S FERRUGINOSOS E SEUS CONCENTRADOS, DE TEOR DE MANGAN S DE 20 % OU MAIS, EM PESO, SOBRE O PRODUTO SECO.
26020010;AGLOMERADOS
26020090;OUTROS
260300;MIN RIOS DE COBRE E SEUS CONCENTRADOS.
26030010;SULFETOS
26030090;OUTROS
26040000;MIN RIOS DE N QUEL E SEUS CONCENTRADOS.
26050000;MIN RIOS DE COBALTO E SEUS CONCENTRADOS.
260600;MIN RIOS DE ALUM NIO E SEUS CONCENTRADOS.
2606001;BAUXITA
26060011;N O CALCINADA
26060012;CALCINADA
26060090;OUTROS
26070000;MIN RIOS DE CHUMBO E SEUS CONCENTRADOS.
260800;MIN RIOS DE ZINCO E SEUS CONCENTRADOS.
26080010;SULFETOS
26080090;OUTROS
26090000;MIN RIOS DE ESTANHO E SEUS CONCENTRADOS.
261000;MIN RIOS DE CROMO E SEUS CONCENTRADOS.
26100010;CROMITA
26100090;OUTROS
26110000;MIN RIOS DE TUNGST NIO (VOLFR MIO) E SEUS CONCENTRADOS.
2612;MIN RIOS DE UR NIO OU DE T RIO, E SEUS CONCENTRADOS.
26121000;- MIN RIOS DE UR NIO E SEUS CONCENTRADOS
26122000;- MIN RIOS DE T RIO E SEUS CONCENTRADOS
2613;MIN RIOS DE MOLIBD NIO E SEUS CONCENTRADOS.
261310;- USTULADOS
26131010;MOLIBDENITA
26131090;OUTROS
261390;- OUTROS
26139010;MOLIBDENITA
26139090;OUTROS
261400;MIN RIOS DE TIT NIO E SEUS CONCENTRADOS.
26140010;ILMENITA
26140090;OUTROS
2615;MIN RIOS DE NI BIO (COL MBIO), T NTALO, VAN DIO OU DE ZIRC NIO, E SEUS CONCENTRADOS.
261510;- MIN RIOS DE ZIRC NIO E SEUS CONCENTRADOS
26151010;BADELE TA
26151020;ZIRCONITA
26151090;OUTROS
26159000;- OUTROS
2616;MIN RIOS DE METAIS PRECIOSOS E SEUS CONCENTRADOS.
26161000;- MIN RIOS DE PRATA E SEUS CONCENTRADOS
26169000;- OUTROS
2617;OUTROS MIN RIOS E SEUS CONCENTRADOS.
26171000;- MIN RIOS DE ANTIM NIO E SEUS CONCENTRADOS
26179000;- OUTROS
26180000;ESC RIA DE ALTOS-FORNOS GRANULADA (AREIA DE ESC RIA) PROVENIENTE DA FABRICA  O DE FERRO FUNDIDO, FERRO OU A O.
26190000;ESC RIAS (EXCETO ESC RIA DE ALTOS-FORNOS GRANULADA) E OUTROS DESPERD CIOS DA FABRICA  O DE FERRO FUNDIDO, FERRO OU A O.
2620;ESC RIAS, CINZAS E RES DUOS (EXCETO OS PROVENIENTES DA FABRICA  O DE FERRO FUNDIDO, FERRO OU A O), QUE CONTENHAM METAIS, ARS NIO, OU OS SEUS COMPOSTOS.
26201;- QUE CONTENHAM PRINCIPALMENTE ZINCO:
26201100;-- MATES DE GALVANIZA  O
26201900;-- OUTROS
26202;- QUE CONTENHAM PRINCIPALMENTE CHUMBO:
26202100;-- LAMAS (BORRAS) DE GASOLINA QUE CONTENHAM CHUMBO E LAMAS (BORRAS) DE COMPOSTOS ANTIDETONANTES QUE CONTENHAM CHUMBO
26202900;-- OUTROS
26203000;- QUE CONTENHAM PRINCIPALMENTE COBRE
26204000;- QUE CONTENHAM PRINCIPALMENTE ALUM NIO
26206000;- QUE CONTENHAM ARS NIO, MERC RIO, T LIO OU SUAS MISTURAS, DO TIPO UTILIZADO PARA EXTRA  O DE ARS NIO OU DESTES METAIS OU PARA FABRICA  O DOS SEUS COMPOSTOS QU MICOS
26209;- OUTROS:
26209100;-- QUE CONTENHAM ANTIM NIO, BER LIO, C DMIO, CROMO OU SUAS MISTURAS
262099;-- OUTROS
26209910;QUE CONTENHAM PRINCIPALMENTE TIT NIO
26209990;OUTROS
2621;"OUTRAS ESC RIAS E CINZAS, INCLUINDO AS CINZAS DE ALGAS; CINZAS E RES DUOS PROVENIENTES DA INCINERA  O DE RES DUOS MUNICIPAIS."
26211000;- CINZAS E RES DUOS PROVENIENTES DA INCINERA  O DE RES DUOS MUNICIPAIS
262190;- OUTRAS
26219010;CINZAS DE ORIGEM VEGETAL
26219090;OUTRAS
27;"COMBUST VEIS MINERAIS,  LEOS MINERAIS E PRODUTOS DA SUA DESTILA  O; MAT RIAS BETUMINOSAS; CERAS MINERAIS."
2701;"HULHAS; BRIQUETES, BOLAS EM AGLOMERADOS E COMBUST VEIS S LIDOS SEMELHANTES, OBTIDOS A PARTIR DA HULHA."
27011;- HULHAS, MESMO EM P , MAS N O AGLOMERADAS:
27011100;-- ANTRACITA
27011200;-- HULHA BETUMINOSA
27011900;-- OUTRAS HULHAS
27012000;- BRIQUETES, BOLAS EM AGLOMERADOS E COMBUST VEIS S LIDOS SEMELHANTES, OBTIDOS A PARTIR DA HULHA
2702;LINHITAS, MESMO AGLOMERADAS, EXCETO AZEVICHE.
27021000;- LINHITAS, MESMO EM P , MAS N O AGLOMERADAS
27022000;- LINHITAS AGLOMERADAS
27030000;TURFA (INCLUINDO A TURFA PARA CAMA DE ANIMAIS), MESMO AGLOMERADA.
270400;"COQUES E SEMICOQUES, DE HULHA, DE LINHITA OU DE TURFA, MESMO AGLOMERADOS; CARV O DE RETORTA."
2704001;COQUES
27040011;COM GRANULOMETRIA IGUAL OU SUPERIOR A 80 MM
27040012;COM GRANULOMETRIA INFERIOR A 80 MM
27040090;OUTROS
27050000;G S DE HULHA, G S DE  GUA, G S POBRE (G S DE AR) E GASES SEMELHANTES, EXCETO GASES DE PETR LEO E OUTROS HIDROCARBONETOS GASOSOS.
27060000;ALCATR ES DE HULHA, DE LINHITA OU DE TURFA E OUTROS ALCATR ES MINERAIS, MESMO DESIDRATADOS OU PARCIALMENTE DESTILADOS, INCLUINDO OS ALCATR ES RECONSTITU DOS.
2707;"LEOS E OUTROS PRODUTOS PROVENIENTES DA DESTILA  O DOS ALCATR ES DE HULHA A ALTA TEMPERATURA; PRODUTOS AN LOGOS EM QUE OS CONSTITUINTES AROM TICOS PREDOMINEM, EM PESO, RELATIVAMENTE AOS CONSTITUINTES N O AROM TICOS."
27071000;- BENZOL (BENZENO)
27072000;- TOLUOL (TOLUENO)
27073000;- XILOL (XILENOS)
27074000;- NAFTALENO
270750;- OUTRAS MISTURAS DE HIDROCARBONETOS AROM TICOS QUE DESTILEM (INCLUINDO AS PERDAS) UMA FRA  O IGUAL OU SUPERIOR A 65 %, EM VOLUME, A 250  C, SEGUNDO O M TODO ISO 3405 (EQUIVALENTE AO M TODO ASTM D 86)
27075010;MISTURAS QUE CONTENHAM TRIMETILBENZENOS E ETILTOLUENOS, COMO COMPONENTES MAJORIT RIOS
27075090;OUTRAS
27079;- OUTROS:
27079100;--  LEOS DE CREOSOTO
270799;-- OUTROS
27079910;CRES IS
27079990;OUTROS
2708;BREU E COQUE DE BREU OBTIDOS A PARTIR DO ALCATR O DE HULHA OU DE OUTROS ALCATR ES MINERAIS.
27081000;- BREU
27082000;- COQUE DE BREU
270900;LEOS BRUTOS DE PETR LEO OU DE MINERAIS BETUMINOSOS.
27090010;DE PETR LEO
27090090;OUTROS
2710;"LEOS DE PETR LEO OU DE MINERAIS BETUMINOSOS, EXCETO  LEOS BRUTOS; PREPARA  ES N O ESPECIFICADAS NEM COMPREENDIDAS NOUTRAS POSI  ES, QUE CONTENHAM, COMO CONSTITUINTES B SICOS, 70 % OU MAIS, EM PESO, DE  LEOS DE PETR LEO OU DE MINERAIS BETUMINOSOS; RES DUOS DE  LEOS."
27101;-  LEOS DE PETR LEO OU DE MINERAIS BETUMINOSOS (EXCETO  LEOS BRUTOS) E PREPARA  ES N O ESPECIFICADAS NEM COMPREENDIDAS NOUTRAS POSI  ES, QUE CONTENHAM, COMO CONSTITUINTES B SICOS, 70 % OU MAIS, EM PESO, DE  LEOS DE PETR LEO OU DE MINERAIS BETUMINOSOS, EXCETO OS QUE CONTENHAM BIODIESEL E EXCETO OS RES DUOS DE  LEOS:
271012;--  LEOS LEVES E PREPARA  ES
27101210;HEXANO COMERCIAL
2710122;MISTURAS DE ALQUILIDENOS
27101221;DI-ISOBUTILENO
27101229;OUTRAS
27101230;AGUARR S MINERAL (WHITE SPIRIT)
2710124;NAFTAS
27101241;PARA PETROQU MICA
27101249;OUTRAS
2710125;GASOLINAS
27101251;DE AVIA  O
27101259;OUTRAS
27101260;MISTURA DE HIDROCARBONETOS AC CLICOS E C CLICOS, SATURADOS, DERIVADOS DE FRA  ES DE PETR LEO, QUE CONTENHA, EM PESO, MENOS DE 2 %, DE HIDROCARBONETOS AROM TICOS, CUJA CURVA DE DESTILA  O, SEGUNDO O M TODO ISO 3405 (EQUIVALENTE AO M TODO ASTM D 86), APRESENTA UM PONTO INICIAL M NIMO DE 70  C E UMA FRA  O DE DESTILADO IGUAL OU SUPERIOR A 90 %, EM VOLUME, A 210  C
27101290;OUTROS
271019;-- OUTROS
2710191;QUEROSENES
27101911;DE AVIA  O
27101919;OUTROS
2710192;OUTROS  LEOS COMBUST VEIS
27101921;"""GAS LEO"" ( LEO DIESEL)"
27101922;FUEL-OIL
27101929;OUTROS
2710193;LEOS LUBRIFICANTES
27101931;SEM ADITIVOS
27101932;COM ADITIVOS
2710199;OUTROS
27101991;LEOS MINERAIS BRANCOS ( LEOS DE VASELINA OU DE PARAFINA)
27101992;L QUIDOS PARA TRANSMISS ES HIDR ULICAS
27101993;LEOS PARA ISOLAMENTO EL TRICO
27101994;MISTURA DE HIDROCARBONETOS AC CLICOS E C CLICOS, SATURADOS, DERIVADOS DE FRA  ES DE PETR LEO, QUE CONTENHA, EM PESO, MENOS DE 2 %, DE HIDROCARBONETOS AROM TICOS, QUE DESTILA, SEGUNDO O M TODO ISO 3405 (EQUIVALENTE AO M TODO ASTM D 86), UMA FRA  O INFERIOR A 90 %, EM VOLUME, A 210  C COM UM PONTO FINAL M XIMO DE 360  C
27101999;OUTROS
27102000;-  LEOS DE PETR LEO OU DE MINERAIS BETUMINOSOS (EXCETO  LEOS BRUTOS) E PREPARA  ES N O ESPECIFICADAS NEM COMPREENDIDAS NOUTRAS POSI  ES, QUE CONTENHAM, COMO CONSTITUINTES B SICOS, 70 % OU MAIS, EM PESO, DE  LEOS DE PETR LEO OU DE MINERAIS BETUMINOSOS, QUE CONTENHAM BIODIESEL, EXCETO OS RES DUOS DE  LEOS
27109;- RES DUOS DE  LEOS:
271091;-- QUE CONTENHAM BIFENILAS POLICLORADAS (PCB), TERFENILAS POLICLORADAS (PCT) OU BIFENILAS POLIBROMADAS (PBB)
27109110;QUE CONTENHAM BIFENILAS POLICLORADAS (PCB) NUMA CONCENTRA  O IGUAL OU SUPERIOR A 50 MG/KG
27109120;OUTROS, QUE CONTENHAM TERFENILAS POLICLORADAS (PCT) OU BIFENILAS POLIBROMADAS (PBB), MESMO QUE TAMB M CONTENHAM BIFENILAS POLICLORADAS (PCB) NUMA CONCENTRA  O INFERIOR A 50 MG/KG
27109190;OUTROS
27109900;-- OUTROS
2711;G S DE PETR LEO E OUTROS HIDROCARBONETOS GASOSOS.
27111;- LIQUEFEITOS:
27111100;-- G S NATURAL
271112;-- PROPANO
27111210;BRUTO
27111290;OUTROS
27111300;-- BUTANOS
27111400;-- ETILENO, PROPILENO, BUTILENO E BUTADIENO
271119;-- OUTROS
27111910;G S LIQUEFEITO DE PETR LEO (GLP)
27111990;OUTROS
27112;- NO ESTADO GASOSO:
27112100;-- G S NATURAL
271129;-- OUTROS
27112910;BUTANOS
27112990;OUTROS
2712;"VASELINA; PARAFINA, CERA DE PETR LEO MICROCRISTALINA, SLACK WAX, OZOCERITE, CERA DE LINHITA, CERA DE TURFA, OUTRAS CERAS MINERAIS E PRODUTOS SEMELHANTES OBTIDOS POR S NTESE OU POR OUTROS PROCESSOS, MESMO CORADOS."
27121000;- VASELINA
27122000;- PARAFINA QUE CONTENHA, EM PESO, MENOS DE 0,75 % DE  LEO
27129000;- OUTROS
2713;COQUE DE PETR LEO, BETUME DE PETR LEO E OUTROS RES DUOS DOS  LEOS DE PETR LEO OU DE MINERAIS BETUMINOSOS.
27131;- COQUE DE PETR LEO:
27131100;-- N O CALCINADO
27131200;-- CALCINADO
27132000;- BETUME DE PETR LEO
27139000;- OUTROS RES DUOS DOS  LEOS DE PETR LEO OU DE MINERAIS BETUMINOSOS
2714;"BETUMES E ASFALTOS, NATURAIS; XISTOS E AREIAS BETUMINOSOS; ASFALTITAS E ROCHAS ASF LTICAS."
27141000;- XISTOS E AREIAS BETUMINOSOS
27149000;- OUTROS
27150000;MISTURAS BETUMINOSAS   BASE DE ASFALTO OU DE BETUME NATURAIS, DE BETUME DE PETR LEO, DE ALCATR O MINERAL OU DE BREU DE ALCATR O MINERAL (POR EXEMPLO, M STIQUES BETUMINOSAS E CUT-BACKS).
27160000;ENERGIA EL TRICA.
28;"PRODUTOS QU MICOS INORG NICOS; COMPOSTOS INORG NICOS OU ORG NICOS DE METAIS PRECIOSOS, DE ELEMENTOS RADIOATIVOS, DE METAIS DAS TERRAS RARAS OU DE IS TOPOS."
2801;FL OR, CLORO, BROMO E IODO.
28011000;- CLORO
280120;- IODO
28012010;SUBLIMADO
28012090;OUTROS
28013000;"- FL OR; BROMO"
28020000;"ENXOFRE SUBLIMADO OU PRECIPITADO; ENXOFRE COLOIDAL."
280300;CARBONO (NEGROS DE FUMO E OUTRAS FORMAS DE CARBONO N O ESPECIFICADAS NEM COMPREENDIDAS NOUTRAS POSI  ES).
2803001;NEGROS DE FUMO
28030011;NEGRO DE ACETILENO
28030019;OUTROS
28030090;OUTROS
2804;HIDROG NIO, GASES RAROS E OUTROS ELEMENTOS N O MET LICOS.
28041000;- HIDROG NIO
28042;- GASES RAROS:
28042100;-- ARG NIO ( RGON)
280429;-- OUTROS
28042910;H LIO L QUIDO
28042990;OUTROS
28043000;- NITROG NIO (AZOTO)
28044000;- OXIG NIO
28045000;"- BORO; TEL RIO"
28046;- SIL CIO:
28046100;-- QUE CONTENHA, EM PESO, PELO MENOS 99,99 % DE SIL CIO
28046900;-- OUTRO
280470;- F SFORO
28047010;BRANCO
28047020;VERMELHO OU AMORFO
28047030;NEGRO
28048000;- ARS NIO
28049000;- SEL NIO
2805;"METAIS ALCALINOS OU ALCALINOTERROSOS; METAIS DE TERRAS RARAS, ESC NDIO E  TRIO, MESMO MISTURADOS OU LIGADOS ENTRE SI; MERC RIO."
28051;- METAIS ALCALINOS OU ALCALINOTERROSOS:
28051100;-- S DIO
28051200;-- C LCIO
280519;-- OUTROS
28051910;ESTR NCIO
28051920;B RIO
28051990;OUTROS
280530;- METAIS DE TERRAS RARAS, ESC NDIO E  TRIO, MESMO MISTURADOS OU LIGADOS ENTRE SI
28053010;LIGA DE C RIO, COM UM TEOR DE FERRO INFERIOR OU IGUAL A 5 %, EM PESO (MISCHMETAL)
28053090;OUTROS
28054000;- MERC RIO
2806;"CLORETO DE HIDROG NIO ( CIDO CLOR DRICO);  CIDO CLOROSSULF RICO."
280610;- CLORETO DE HIDROG NIO ( CIDO CLOR DRICO)
28061010;EM ESTADO GASOSO OU LIQUEFEITO
28061020;EM SOLU  O AQUOSA
28062000;-  CIDO CLOROSSULF RICO
280700;"CIDO SULF RICO;  CIDO SULF RICO FUMANTE ( LEUM)."
28070010;CIDO SULF RICO
28070020;CIDO SULF RICO FUMANTE ( LEUM)
280800;"CIDO N TRICO;  CIDOS SULFON TRICOS."
28080010;CIDO N TRICO
28080020;CIDOS SULFON TRICOS
2809;"PENT XIDO DE DIF SFORO;  CIDO FOSF RICO;  CIDOS POLIFOSF RICOS, DE CONSTITUI  O QU MICA DEFINIDA OU N O."
28091000;- PENT XIDO DE DIF SFORO
280920;-  CIDO FOSF RICO E  CIDOS POLIFOSF RICOS
2809201;CIDO FOSF RICO
28092011;COM UM TEOR DE FERRO INFERIOR A 750 PPM
28092019;OUTROS
28092020;CIDOS METAFOSF RICOS
28092030;CIDO PIROFOSF RICO
28092090;OUTROS
281000;"XIDOS DE BORO;  CIDOS B RICOS."
28100010;CIDO ORTOB RICO
28100090;OUTROS
2811;OUTROS  CIDOS INORG NICOS E OUTROS COMPOSTOS OXIGENADOS INORG NICOS DOS ELEMENTOS N O MET LICOS.
28111;- OUTROS  CIDOS INORG NICOS:
28111100;-- FLUORETO DE HIDROG NIO ( CIDO FLUOR DRICO)
28111200;-- CIANETO DE HIDROG NIO ( CIDO CIAN DRICO OU  CIDO HIDROCI NICO)
281119;-- OUTROS
28111910;CIDO AMINOSSULF NICO ( CIDO SULF MICO)
28111920;CIDO FOSF NICO ( CIDO FOSFOROSO)
28111930;CIDO PERCL RICO
28111940;FLUOR CIDOS E OUTROS COMPOSTOS DE FL OR
28111990;OUTROS
28112;- OUTROS COMPOSTOS OXIGENADOS INORG NICOS DOS ELEMENTOS N O MET LICOS:
28112100;-- DI XIDO DE CARBONO
281122;-- DI XIDO DE SIL CIO
28112210;OBTIDO POR PRECIPITA  O QU MICA
28112220;TIPO AEROGEL
28112230;GEL DE S LICA
28112290;OUTROS
281129;-- OUTROS
28112910;DI XIDO DE ENXOFRE
28112990;OUTROS
2812;HALOGENETOS E OXIALOGENETOS DOS ELEMENTOS N O MET LICOS.
28121;- CLORETOS E OXICLORETOS:
28121100;-- DICLORETO DE CARBONILA (FOSG NIO)
28121200;-- OXICLORETO DE F SFORO
28121300;-- TRICLORETO DE F SFORO
28121400;-- PENTACLORETO DE F SFORO
28121500;-- MONOCLORETO DE ENXOFRE
28121600;-- DICLORETO DE ENXOFRE
28121700;-- CLORETO DE TIONILA
281219;-- OUTROS
2812191;CLORETOS
28121911;TRICLORETO DE ARS NIO
28121919;OUTROS
28121920;OXICLORETOS
28129000;- OUTROS
2813;"SULFETOS DOS ELEMENTOS N O MET LICOS; TRISSULFETO DE F SFORO COMERCIAL."
28131000;- DISSULFETO DE CARBONO
281390;- OUTROS
28139010;PENTASSULFETO DE DIF SFORO
28139090;OUTROS
2814;AMON ACO ANIDRO OU EM SOLU  O AQUOSA (AM NIA).
28141000;- AMON ACO ANIDRO
28142000;- AMON ACO EM SOLU  O AQUOSA (AM NIA)
2815;"HIDR XIDO DE S DIO (SODA C USTICA); HIDR XIDO DE POT SSIO (POTASSA C USTICA); PER XIDOS DE S DIO OU DE POT SSIO."
28151;- HIDR XIDO DE S DIO (SODA C USTICA):
28151100;-- S LIDO
28151200;-- EM SOLU  O AQUOSA (LIX VIA DE SODA C USTICA)
28152000;- HIDR XIDO DE POT SSIO (POTASSA C USTICA)
28153000;- PER XIDOS DE S DIO OU DE POT SSIO
2816;"HIDR XIDO E PER XIDO DE MAGN SIO;  XIDOS, HIDR XIDOS E PER XIDOS, DE ESTR NCIO OU DE B RIO."
281610;- HIDR XIDO E PER XIDO DE MAGN SIO
28161010;HIDR XIDO
28161020;PER XIDO
281640;-  XIDOS, HIDR XIDOS E PER XIDOS, DE ESTR NCIO OU DE B RIO
28164010;HIDR XIDO DE B RIO
28164090;OUTROS
281700;"XIDO DE ZINCO; PER XIDO DE ZINCO."
28170010;XIDO DE ZINCO (BRANCO DE ZINCO)
28170020;PER XIDO DE ZINCO
2818;"CORINDO ARTIFICIAL, DE CONSTITUI  O QU MICA DEFINIDA OU N O;  XIDO DE ALUM NIO; HIDR XIDO DE ALUM NIO."
281810;- CORINDO ARTIFICIAL, DE CONSTITUI  O QU MICA DEFINIDA OU N O
28181010;BRANCO, QUE PASSE ATRAV S DE UMA PENEIRA COM ABERTURA DE MALHA DE 63 MICR METROS (M CRONS) EM PROPOR  O SUPERIOR A 90 %, EM PESO
28181090;OUTROS
281820;-  XIDO DE ALUM NIO, EXCETO O CORINDO ARTIFICIAL
28182010;ALUMINA CALCINADA
28182090;OUTROS
28183000;- HIDR XIDO DE ALUM NIO
2819;XIDOS E HIDR XIDOS DE CROMO.
28191000;- TRI XIDO DE CROMO
281990;- OUTROS
28199010;XIDOS
28199020;HIDR XIDOS
2820;XIDOS DE MANGAN S.
282010;- DI XIDO DE MANGAN S
28201010;COM UM TEOR DE MNO2 IGUAL OU SUPERIOR A 91 %, EM PESO (MANGAN S ELETROL TICO)
28201090;OUTROS
282090;- OUTROS
28209010;XIDO MANGANOSO
28209020;TRI XIDO DE DIMANGAN S (SESQUI XIDO DE MANGAN S)
28209030;TETRA XIDO DE TRIMANGAN S ( XIDO SALINO DE MANGAN S)
28209040;HEPTA XIDO DE DIMANGAN S (ANIDRIDO PERMANG NICO)
2821;"XIDOS E HIDR XIDOS DE FERRO; TERRAS CORANTES QUE CONTENHAM, EM PESO, 70 % OU MAIS DE FERRO COMBINADO, EXPRESSO EM FE2O3."
282110;-  XIDOS E HIDR XIDOS DE FERRO
2821101;XIDO F RRICO
28211011;COM UM TEOR DE FE2O3 IGUAL OU SUPERIOR A 85 %, EM PESO
28211019;OUTROS
28211020;XIDO FERROSO-F RRICO ( XIDO MAGN TICO DE FERRO), COM UM TEOR DE FE3O4 IGUAL OU SUPERIOR A 93 %, EM PESO
28211030;HIDR XIDOS DE FERRO
28211090;OUTROS
28212000;- TERRAS CORANTES
282200;"XIDOS E HIDR XIDOS DE COBALTO;  XIDOS DE COBALTO COMERCIAIS."
28220010;TETRA XIDO DE TRICOBALTO ( XIDO SALINO DE COBALTO)
28220090;OUTROS
282300;XIDOS DE TIT NIO.
28230010;TIPO AN TASE
28230090;OUTROS
2824;"XIDOS DE CHUMBO; M NIO (ZARC O) E M NIO-LARANJA (MINE-ORANGE)."
28241000;- MON XIDO DE CHUMBO (LITARG RIO, MASSICOTE)
282490;- OUTROS
28249010;M NIO (ZARC O) E M NIO-LARANJA (MINE-ORANGE)
28249090;OUTROS
2825;"HIDRAZINA E HIDROXILAMINA, E SEUS SAIS INORG NICOS; OUTRAS BASES INORG NICAS; OUTROS  XIDOS, HIDR XIDOS E PER XIDOS, DE METAIS."
282510;- HIDRAZINA E HIDROXILAMINA, E SEUS SAIS INORG NICOS
28251010;HIDRAZINA E SEUS SAIS INORG NICOS
28251020;HIDROXILAMINA E SEUS SAIS INORG NICOS
282520;-  XIDO E HIDR XIDO DE L TIO
28252010;XIDO
28252020;HIDR XIDO
282530;-  XIDOS E HIDR XIDOS DE VAN DIO
28253010;PENT XIDO DE DIVAN DIO
28253090;OUTROS
282540;-  XIDOS E HIDR XIDOS DE N QUEL
28254010;XIDO NIQUELOSO
28254090;OUTROS
282550;-  XIDOS E HIDR XIDOS DE COBRE
28255010;XIDO C PRICO, COM UM TEOR DE CUO IGUAL OU SUPERIOR A 98 %, EM PESO
28255090;OUTROS
282560;-  XIDOS DE GERM NIO E DI XIDO DE ZIRC NIO
28256010;XIDOS DE GERM NIO
28256020;DI XIDO DE ZIRC NIO
282570;-  XIDOS E HIDR XIDOS DE MOLIBD NIO
28257010;TRI XIDO DE MOLIBD NIO
28257090;OUTROS
282580;-  XIDOS DE ANTIM NIO
28258010;TRI XIDO DE ANTIM NIO
28258090;OUTROS
282590;- OUTROS
28259010;XIDO DE C DMIO
28259020;TRI XIDO DE TUNGST NIO (VOLFR MIO)
28259090;OUTROS
2826;"FLUORETOS; FLUOROSSILICATOS, FLUORALUMINATOS E OUTROS SAIS COMPLEXOS DE FL OR."
28261;- FLUORETOS:
28261200;-- DE ALUM NIO
282619;-- OUTROS
28261910;TRIFLUORETO DE CROMO
28261920;FLUORETO  CIDO DE AM NIO
28261990;OUTROS
28263000;- HEXAFLUORALUMINATO DE S DIO (CRIOLITA SINT TICA)
282690;- OUTROS
28269010;FLUOROALUMINATO DE POT SSIO
28269020;FLUOROSSILICATOS DE S DIO OU DE POT SSIO
28269090;OUTROS
2827;"CLORETOS, OXICLORETOS E HIDROXICLORETOS; BROMETOS E OXIBROMETOS; IODETOS E OXIODETOS."
28271000;- CLORETO DE AM NIO
282720;- CLORETO DE C LCIO
28272010;COM UM TEOR DE CACL2 IGUAL OU SUPERIOR A 98 %, EM PESO, EM BASE SECA
28272090;OUTROS
28273;- OUTROS CLORETOS:
282731;-- DE MAGN SIO
28273110;COM UM TEOR DE MGCL2 INFERIOR A 98 %, EM PESO, E DE C LCIO (CA) INFERIOR OU IGUAL A 0,5 %, EM PESO
28273190;OUTROS
28273200;-- DE ALUM NIO
28273500;-- DE N QUEL
282739;-- OUTROS
28273910;DE COBRE I (CLORETO CUPROSO OU MONOCLORETO DE COBRE)
28273920;DE TIT NIO
2827393;DE ZINCO
28273931;ANIDRO, COM UM TEOR DE ZNCL2 IGUAL OU SUPERIOR A 98 %, EM PESO
28273939;OUTROS
28273940;DE ZIRC NIO
28273950;DE ANTIM NIO
28273960;DE L TIO
28273970;DE BISMUTO
2827399;OUTROS
28273991;DE C DMIO
28273992;DE C SIO
28273993;DE CROMO
28273994;DE ESTR NCIO
28273995;DE MANGAN S
28273996;DE FERRO
28273997;DE COBALTO
28273999;OUTROS
28274;- OXICLORETOS E HIDROXICLORETOS:
282741;-- DE COBRE
28274110;OXICLORETOS
28274120;HIDROXICLORETOS
282749;-- OUTROS
2827491;OXICLORETOS
28274911;DE BISMUTO
28274912;DE ZIRC NIO
28274919;OUTROS
2827492;HIDROXICLORETOS
28274921;DE ALUM NIO
28274929;OUTROS
28275;- BROMETOS E OXIBROMETOS:
28275100;-- BROMETOS DE S DIO OU DE POT SSIO
28275900;-- OUTROS
282760;- IODETOS E OXIODETOS
2827601;IODETOS
28276011;DE S DIO
28276012;DE POT SSIO
28276019;OUTROS
2827602;OXIODETOS
28276021;DE POT SSIO
28276029;OUTROS
2828;"HIPOCLORITOS; HIPOCLORITO DE C LCIO COMERCIAL; CLORITOS; HIPOBROMITOS."
28281000;- HIPOCLORITO DE C LCIO COMERCIAL E OUTROS HIPOCLORITOS DE C LCIO
282890;- OUTROS
2828901;HIPOCLORITOS
28289011;DE S DIO
28289019;OUTROS
28289020;CLORITO DE S DIO
28289090;OUTROS
2829;"CLORATOS E PERCLORATOS; BROMATOS E PERBROMATOS; IODATOS E PERIODATOS."
28291;- CLORATOS:
28291100;-- DE S DIO
282919;-- OUTROS
28291910;DE C LCIO
28291920;DE POT SSIO
28291990;OUTROS
282990;- OUTROS
2829901;BROMATOS
28299011;DE S DIO
28299012;DE POT SSIO
28299019;OUTROS
2829902;PERBROMATOS
28299021;DE S DIO
28299022;DE POT SSIO
28299029;OUTROS
2829903;IODATOS
28299031;DE POT SSIO
28299032;DE C LCIO
28299039;OUTROS
28299040;PERIODATOS
28299050;PERCLORATOS
2830;"SULFETOS; POLISSULFETOS, DE CONSTITUI  O QU MICA DEFINIDA OU N O."
283010;- SULFETOS DE S DIO
28301010;DE DISS DIO
28301020;DE MONOSS DIO (HIDROGENOSSULFETO DE S DIO)
283090;- OUTROS
2830901;SULFETOS
28309011;DE MOLIBD NIO IV (DISSULFETO DE MOLIBD NIO)
28309012;DE B RIO
28309013;DE POT SSIO
28309014;DE CHUMBO
28309015;DE ESTR NCIO
28309016;DE ZINCO
28309019;OUTROS
28309020;POLISSULFETOS
2831;DITIONITOS E SULFOXILATOS.
283110;- DE S DIO
2831101;DITIONITOS (HIDROSSULFITOS)
28311011;ESTABILIZADOS
28311019;OUTROS
2831102;SULFOXILATOS
28311021;ESTABILIZADOS COM FORMALDE DO
28311029;OUTROS
283190;- OUTROS
28319010;DITIONITO DE ZINCO
28319090;OUTROS
2832;"SULFITOS; TIOSSULFATOS."
283210;- SULFITOS DE S DIO
28321010;DE DISS DIO
28321090;OUTROS
28322000;- OUTROS SULFITOS
283230;- TIOSSULFATOS
28323010;DE AM NIO
28323020;DE S DIO
28323090;OUTROS
2833;"SULFATOS; ALUMES; PEROXOSSULFATOS (PERSULFATOS)."
28331;- SULFATOS DE S DIO:
283311;-- SULFATO DISS DICO
28331110;ANIDRO
28331190;OUTROS
28331900;-- OUTROS
28332;- OUTROS SULFATOS:
28332100;-- DE MAGN SIO
28332200;-- DE ALUM NIO
28332400;-- DE N QUEL
283325;-- DE COBRE
28332510;CUPROSO
28332520;C PRICO
283327;-- DE B RIO
28332710;COM UM TEOR DE BASO4 IGUAL OU SUPERIOR A 97,5 %, EM PESO
28332790;OUTROS
283329;-- OUTROS
28332910;DE ANTIM NIO
28332920;DE L TIO
28332930;DE ESTR NCIO
28332940;SULFATO FERROSO
28332950;NEUTRO DE CHUMBO
28332960;DE CROMO
28332970;DE ZINCO
28332990;OUTROS
28333000;- ALUMES
283340;- PEROXOSSULFATOS (PERSULFATOS)
28334010;DE S DIO
28334020;DE AM NIO
28334090;OUTROS
2834;"NITRITOS; NITRATOS."
283410;- NITRITOS
28341010;DE S DIO
28341090;OUTROS
28342;- NITRATOS:
283421;-- DE POT SSIO
28342110;COM UM TEOR DE KNO3 INFERIOR OU IGUAL A 98 %, EM PESO
28342190;OUTROS
283429;-- OUTROS
28342910;DE C LCIO, COM UM TEOR DE NITROG NIO (AZOTO) INFERIOR OU IGUAL A 16 %, EM PESO
28342930;DE ALUM NIO
28342940;DE L TIO
28342990;OUTROS
2835;"FOSFINATOS (HIPOFOSFITOS), FOSFONATOS (FOSFITOS) E FOSFATOS; POLIFOSFATOS DE CONSTITUI  O QU MICA DEFINIDA OU N O."
283510;- FOSFINATOS (HIPOFOSFITOS) E FOSFONATOS (FOSFITOS)
2835101;FOSFINATOS (HIPOFOSFITOS)
28351011;DE S DIO
28351019;OUTROS
2835102;FOSFONATOS (FOSFITOS)
28351021;DIB SICO DE CHUMBO
28351029;OUTROS
28352;- FOSFATOS:
28352200;-- MONO OU DISS DICO
28352400;-- DE POT SSIO
28352500;-- HIDROGENO-ORTOFOSFATO DE C LCIO (FOSFATO DIC LCICO)
28352600;-- OUTROS FOSFATOS DE C LCIO
283529;-- OUTROS
28352910;DE FERRO
28352920;DE COBALTO
28352930;DE COBRE
28352940;DE CROMO
28352950;DE ESTR NCIO
28352960;DE MANGAN S
28352970;DE TRIAM NIO
28352980;DE TRISS DIO
28352990;OUTROS
28353;- POLIFOSFATOS:
283531;-- TRIFOSFATO DE S DIO (TRIPOLIFOSFATO DE S DIO)
28353110;GRAU ALIMENT CIO, DE ACORDO COM O ESTABELECIDO PELA FOOD AND AGRICULTURE ORGANIZATION - ORGANIZA  O MUNDIAL DA SA DE (FAO - OMS) OU PELO FOOD CHEMICAL CODEX (FCC)
28353190;OUTROS
283539;-- OUTROS
28353910;METAFOSFATOS DE S DIO
28353920;PIROFOSFATOS DE S DIO
28353930;PIROFOSFATO DE ZINCO
28353990;OUTROS
2836;"CARBONATOS; PEROXOCARBONATOS (PERCARBONATOS); CARBONATO DE AM NIO COMERCIAL QUE CONTENHA CARBAMATO DE AM NIO."
283620;- CARBONATO DISS DICO
28362010;ANIDRO
28362090;OUTROS
28363000;- HIDROGENOCARBONATO (BICARBONATO) DE S DIO
28364000;- CARBONATOS DE POT SSIO
28365000;- CARBONATO DE C LCIO
283660;- CARBONATO DE B RIO
28366010;COM UM TEOR DE BACO3 IGUAL OU SUPERIOR A 98 %, EM PESO
28366090;OUTROS
28369;- OUTROS:
28369100;-- CARBONATOS DE L TIO
28369200;-- CARBONATO DE ESTR NCIO
283699;-- OUTROS
2836991;CARBONATOS
28369911;DE MAGN SIO, DE DENSIDADE APARENTE INFERIOR A 200 KG/M3
28369912;DE ZIRC NIO
28369913;DE AM NIO COMERCIAL E OUTROS CARBONATOS DE AM NIO
28369919;OUTROS
28369920;PEROXOCARBONATOS (PERCARBONATOS)
2837;CIANETOS, OXICIANETOS E CIANETOS COMPLEXOS.
28371;- CIANETOS E OXICIANETOS:
28371100;-- DE S DIO
283719;-- OUTROS
2837191;CIANETOS
28371911;DE POT SSIO
28371912;DE ZINCO
28371914;DE COBRE I (CIANETO CUPROSO)
28371915;DE COBRE II (CIANETO C PRICO)
28371919;OUTROS
28371920;OXICIANETOS
283720;- CIANETOS COMPLEXOS
2837201;FERROCIANETOS
28372011;DE S DIO
28372012;DE FERRO II (FERROCIANETO FERROSO)
28372019;OUTROS
2837202;FERRICIANETOS
28372021;DE POT SSIO
28372022;DE FERRO II (FERRICIANETO FERROSO)
28372023;DE FERRO III (FERRICIANETO F RRICO)
28372029;OUTROS
28372090;OUTROS
2839;"SILICATOS; SILICATOS DOS METAIS ALCALINOS COMERCIAIS."
28391;- DE S DIO:
28391100;-- METASSILICATOS
28391900;-- OUTROS
283990;- OUTROS
28399010;DE MAGN SIO
28399020;DE ALUM NIO
28399030;DE ZIRC NIO
28399040;DE CHUMBO
28399050;DE POT SSIO
28399090;OUTROS
2840;"BORATOS; PEROXOBORATOS (PERBORATOS)."
28401;- TETRABORATO DISS DICO (B RAX REFINADO):
28401100;-- ANIDRO
28401900;-- OUTRO
28402000;- OUTROS BORATOS
28403000;- PEROXOBORATOS (PERBORATOS)
2841;SAIS DOS  CIDOS OXOMET LICOS OU PEROXOMET LICOS.
28413000;- DICROMATO DE S DIO
284150;"- OUTROS CROMATOS E DICROMATOS; PEROXOCROMATOS"
2841501;CROMATOS E DICROMATOS
28415011;"CROMATO DE AM NIO; DICROMATO DE AM NIO"
28415012;CROMATO DE POT SSIO
28415013;CROMATO DE S DIO
28415014;DICROMATO DE POT SSIO
28415015;CROMATO DE ZINCO
28415016;CROMATO DE CHUMBO
28415019;OUTROS
28415020;PEROXOCROMATOS
28416;- MANGANITOS, MANGANATOS E PERMANGANATOS:
28416100;-- PERMANGANATO DE POT SSIO
284169;-- OUTROS
28416910;MANGANITOS
28416920;MANGANATOS
28416930;PERMANGANATOS
284170;- MOLIBDATOS
28417010;DE AM NIO
28417020;DE S DIO
28417090;OUTROS
284180;- TUNGSTATOS (VOLFRAMATOS)
28418010;DE AM NIO
28418020;DE CHUMBO
28418090;OUTROS
284190;- OUTROS
2841901;TITANATOS
28419011;DE CHUMBO
28419012;DE B RIO OU DE BISMUTO
28419013;DE C LCIO OU DE ESTR NCIO
28419014;DE MAGN SIO
28419015;DE LANT NIO OU DE NEOD MIO
28419019;OUTROS
2841902;FERRITOS E FERRATOS
28419021;FERRITO DE B RIO
28419022;FERRITO DE ESTR NCIO
28419029;OUTROS
28419030;VANADATOS
2841904;ESTANATOS
28419041;DE B RIO
28419042;DE BISMUTO
28419043;DE C LCIO
28419049;OUTROS
28419050;PLUMBATOS
28419060;ANTIMONIATOS
28419070;ZINCATOS
2841908;ALUMINATOS
28419081;DE S DIO
28419082;DE MAGN SIO
28419083;DE BISMUTO
28419089;OUTROS
28419090;OUTROS
2842;OUTROS SAIS DOS  CIDOS OU PEROXO CIDOS INORG NICOS (INCLUINDO OS ALUMINOSSILICATOS DE CONSTITUI  O QU MICA DEFINIDA OU N O), EXCETO AS AZIDAS.
284210;- SILICATOS DUPLOS OU COMPLEXOS, INCLUINDO OS ALUMINOSSILICATOS DE CONSTITUI  O QU MICA DEFINIDA OU N O
28421010;ZE LITAS DO TIPO UTILIZADO COMO TROCADORES DE  ONS PARA O TRATAMENTO DE  GUAS
28421090;OUTROS
28429000;- OUTROS
2843;"METAIS PRECIOSOS NO ESTADO COLOIDAL; COMPOSTOS INORG NICOS OU ORG NICOS DE METAIS PRECIOSOS, DE CONSTITUI  O QU MICA DEFINIDA OU N O; AM LGAMAS DE METAIS PRECIOSOS."
28431000;- METAIS PRECIOSOS NO ESTADO COLOIDAL
28432;- COMPOSTOS DE PRATA:
28432100;-- NITRATO DE PRATA
284329;-- OUTROS
28432910;VITELINATO DE PRATA
28432990;OUTROS
284330;- COMPOSTOS DE OURO
28433010;SULFETO DE OURO EM DISPERS O DE GELATINA
28433090;OUTROS
284390;"- OUTROS COMPOSTOS; AM LGAMAS"
2843901;"DEXORMAPLATINA; ENLOPLATINA; IPROPLATINA; LOBAPLATINA; MIBOPLATINA; ORMAPLATINA; SEBRIPLATINA E ZENIPLATINA"
28439011;APRESENTADOS COMO MEDICAMENTOS
28439019;OUTROS
28439020;TRICLORETO DE RUT NIO EM SOLU  O AQUOSA COM UMA CONCENTRA  O IGUAL OU SUPERIOR A 17 %, MAS INFERIOR OU IGUAL A 27 %, EM PESO
28439030;CIDO HEXACLOROIR DICO EM SOLU  O AQUOSA COM UMA CONCENTRA  O IGUAL OU SUPERIOR A 17 %, MAS INFERIOR OU IGUAL A 27 %, EM PESO
28439040;TRICLORETO DE RUT NIO, EM P
28439090;OUTROS
2844;"ELEMENTOS QU MICOS RADIOATIVOS E IS TOPOS RADIOATIVOS (INCLUINDO OS ELEMENTOS QU MICOS E IS TOPOS F SSEIS (CIND VEIS) OU F RTEIS), E SEUS COMPOSTOS; MISTURAS E RES DUOS QUE CONTENHAM ESSES PRODUTOS."
28441000;"- UR NIO NATURAL E SEUS COMPOSTOS; LIGAS, DISPERS ES (INCLUINDO OS CERMETS), PRODUTOS CER MICOS E MISTURAS QUE CONTENHAM UR NIO NATURAL OU COMPOSTOS DE UR NIO NATURAL"
28442000;"- UR NIO ENRIQUECIDO EM U 235 E SEUS COMPOSTOS; PLUT NIO E SEUS COMPOSTOS; LIGAS, DISPERS ES (INCLUINDO OS CERMETS), PRODUTOS CER MICOS E MISTURAS QUE CONTENHAM UR NIO ENRIQUECIDO EM U 235, PLUT NIO OU COMPOSTOS DESTES PRODUTOS"
28443000;"- UR NIO EMPOBRECIDO EM U 235 E SEUS COMPOSTOS; T RIO E SEUS COMPOSTOS; LIGAS, DISPERS ES (INCLUINDO OS CERMETS), PRODUTOS CER MICOS E MISTURAS QUE CONTENHAM UR NIO EMPOBRECIDO EM U 235, T RIO OU COMPOSTOS DESTES PRODUTOS"
28444;"- ELEMENTOS, IS TOPOS E COMPOSTOS, RADIOATIVOS, EXCETO OS DAS SUBPOSI  ES 2844.10, 2844.20 OU 2844.30; LIGAS, DISPERS ES (INCLUINDO OS CERMETS), PRODUTOS CER MICOS E MISTURAS QUE CONTENHAM ESTES ELEMENTOS, IS TOPOS OU COMPOSTOS; RES DUOS RADIOATIVOS:"
28444100;"-- TR TIO E SEUS COMPOSTOS; LIGAS, DISPERS ES (INCLUINDO OS CERMETS), PRODUTOS CER MICOS E MISTURAS QUE CONTENHAM TR TIO OU SEUS COMPOSTOS"
28444200;"-- ACT NIO-225, ACT NIO-227, CALIF RNIO-253, C RIO-240, C RIO-241, C RIO-242, C RIO-243, C RIO-244, EINST INIO-253, EINST INIO-254, GADOL NIO-148, POL NIO-208, POL NIO-209, POL NIO-210, R DIO-223, UR NIO-230 OU UR NIO-232, E SEUS COMPOSTOS; LIGAS, DISPERS ES (INCLUINDO OS CERMETS), PRODUTOS CER MICOS E MISTURAS QUE CONTENHAM ESTES ELEMENTOS OU COMPOSTOS"
284443;"-- OUTROS ELEMENTOS, IS TOPOS E COMPOSTOS, RADIOATIVOS; LIGAS, DISPERS ES (INCLUINDO OS CERMETS), PRODUTOS CER MICOS E MISTURAS QUE CONTENHAM ESTES ELEMENTOS, IS TOPOS OU COMPOSTOS"
28444310;MOLIBD NIO-99 ABSORVIDO EM ALUMINA, APTO PARA A OBTEN  O DE TECN CIO-99 (REATIVO DE DIAGN STICO PARA MEDICINA NUCLEAR)
28444320;COBALTO-60
28444330;IODO-131
28444390;OUTROS
28444400;-- RES DUOS RADIOATIVOS
28445000;- ELEMENTOS COMBUST VEIS (CARTUCHOS) USADOS (IRRADIADOS) DE REATORES NUCLEARES
2845;"IS TOPOS N O INCLU DOS NA POSI  O 28.44; SEUS COMPOSTOS, INORG NICOS OU ORG NICOS, DE CONSTITUI  O QU MICA DEFINIDA OU N O."
28451000;-  GUA PESADA ( XIDO DE DEUT RIO)
28452000;- BORO ENRIQUECIDO EM BORO-10 E SEUS COMPOSTOS
28453000;- L TIO ENRIQUECIDO EM L TIO-6 E SEUS COMPOSTOS
28454000;- H LIO-3
28459000;- OUTROS
2846;COMPOSTOS, INORG NICOS OU ORG NICOS, DOS METAIS DAS TERRAS RARAS, DE  TRIO OU DE ESC NDIO OU DAS MISTURAS DESTES METAIS.
284610;- COMPOSTOS DE C RIO
28461010;XIDO C RICO
28461090;OUTROS
284690;- OUTROS
28469010;XIDO DE PRASEOD MIO
28469020;CLORETOS DOS DEMAIS METAIS DAS TERRAS RARAS
28469030;GADOPENTETATO DE DIMEGLUMINA
28469090;OUTROS
28470000;PER XIDO DE HIDROG NIO ( GUA OXIGENADA), MESMO SOLIDIFICADO COM UREIA.
2849;CARBONETOS DE CONSTITUI  O QU MICA DEFINIDA OU N O.
28491000;- DE C LCIO
28492000;- DE SIL CIO
284990;- OUTROS
28499010;DE BORO
28499020;DE T NTALO
28499030;DE TUNGST NIO (VOLFR MIO)
28499090;OUTROS
285000;HIDRETOS, NITRETOS, AZIDAS, SILICIETOS E BORETOS, DE CONSTITUI  O QU MICA DEFINIDA OU N O, EXCETO OS COMPOSTOS QUE CONSTITUAM IGUALMENTE CARBONETOS DA POSI  O 28.49.
28500010;NITRETO DE BORO
28500020;SILICIETO DE C LCIO
28500090;OUTROS
2852;COMPOSTOS, INORG NICOS OU ORG NICOS, DE MERC RIO, DE CONSTITUI  O QU MICA DEFINIDA OU N O, EXCETO AS AM LGAMAS.
285210;- DE CONSTITUI  O QU MICA DEFINIDA
2852101;COMPOSTOS INORG NICOS
28521011;XIDOS
28521012;CLORETO DE MERC RIO I (CLORETO MERCUROSO)
28521013;CLORETO DE MERC RIO II (CLORETO MERC RICO), PARA USO FOTOGR FICO, ACONDICIONADO PARA VENDA A RETALHO, PRONTO PARA UTILIZA  O
28521014;CLORETO DE MERC RIO II (CLORETO MERC RICO), APRESENTADO DE OUTRO MODO
28521019;OUTROS
2852102;COMPOSTOS ORG NICOS
28521021;ACETATO DE MERC RIO
28521022;TIMEROSAL
28521023;ESTEARATO DE MERC RIO
28521024;LACTATO DE MERC RIO
28521025;SALICILATO DE MERC RIO
28521029;OUTROS
28529000;- OUTROS
2853;"FOSFETOS, DE CONSTITUI  O QU MICA DEFINIDA OU N O, EXCETO FERROF SFOROS; OUTROS COMPOSTOS INORG NICOS (INCLUINDO AS  GUAS DESTILADAS OU DE CONDUTIBILIDADE E  GUAS DE IGUAL GRAU DE PUREZA); AR L QUIDO (INCLUINDO O AR L QUIDO CUJOS GASES RAROS FORAM ELIMINADOS); AR COMPRIMIDO; AM LGAMAS, EXCETO DE METAIS PRECIOSOS."
28531000;- CLORETO DE CIANOG NIO (CLOROCIANO)
285390;- OUTROS
2853901;FOSFETOS, DE CONSTITUI  O QU MICA DEFINIDA OU N O
28539011;DE ALUM NIO
28539012;DE MAGN SIO
28539013;DE COBRE (FOSFETOS DE COBRE), QUE CONTENHAM MAIS DE 15 %, EM PESO, DE F SFORO
28539019;OUTROS
28539020;CIANAMIDA E SEUS DERIVADOS MET LICOS
28539030;SULFOCLORETOS DE F SFORO
28539090;OUTROS
29;PRODUTOS QU MICOS ORG NICOS.
2901;HIDROCARBONETOS AC CLICOS.
29011000;- SATURADOS
29012;- N O SATURADOS:
29012100;-- ETILENO
29012200;-- PROPENO (PROPILENO)
29012300;-- BUTENO (BUTILENO) E SEUS IS MEROS
290124;-- BUTA-1,3-DIENO E ISOPRENO
29012410;BUTA-1,3-DIENO
29012420;ISOPRENO
29012900;-- OUTROS
2902;HIDROCARBONETOS C CLICOS.
29021;- CICL NICOS, CICL NICOS OU CICLOTERP NICOS:
29021100;-- CICLOEXANO
290219;-- OUTROS
29021910;LIMONENO
29021990;OUTROS
29022000;- BENZENO
29023000;- TOLUENO
29024;- XILENOS:
29024100;-- O-XILENO
29024200;-- M-XILENO
29024300;-- P-XILENO
29024400;-- MISTURA DE IS MEROS DO XILENO
29025000;- ESTIRENO
29026000;- ETILBENZENO
29027000;- CUMENO
290290;- OUTROS
29029010;DIFENILA (1,1'-BIFENILA)
29029020;NAFTALENO
29029030;ANTRACENO
29029040;ALFA-METILESTIRENO
29029090;OUTROS
2903;DERIVADOS HALOGENADOS DOS HIDROCARBONETOS.
29031;- DERIVADOS CLORADOS SATURADOS DOS HIDROCARBONETOS AC CLICOS:
290311;-- CLOROMETANO (CLORETO DE METILA) E CLOROETANO (CLORETO DE ETILA)
29031110;CLOROMETANO (CLORETO DE METILA)
29031120;CLOROETANO (CLORETO DE ETILA)
29031200;-- DICLOROMETANO (CLORETO DE METILENO)
29031300;-- CLOROF RMIO (TRICLOROMETANO)
29031400;-- TETRACLORETO DE CARBONO
29031500;-- DICLORETO DE ETILENO (ISO) (1,2-DICLOROETANO)
290319;-- OUTROS
29031910;1,1,1-TRICLOROETANO (METILCLOROF RMIO)
29031920;1,1,2-TRICLOROETANO
29031990;OUTROS
29032;- DERIVADOS CLORADOS N O SATURADOS DOS HIDROCARBONETOS AC CLICOS:
29032100;-- CLORETO DE VINILA (CLOROETILENO)
29032200;-- TRICLOROETILENO
29032300;-- TETRACLOROETILENO (PERCLOROETILENO)
290329;-- OUTROS
29032910;HEXACLOROBUTADIENO
29032990;OUTROS
29034;- DERIVADOS FLUORADOS SATURADOS DOS HIDROCARBONETOS AC CLICOS:
29034100;-- TRIFLUOROMETANO (HFC-23)
29034200;-- DIFLUOROMETANO (HFC-32)
29034300;-- FLUOROMETANO (HFC-41), 1,2-DIFLUOROETANO (HFC-152) E 1,1-DIFLUOROETANO (HFC-152A)
29034400;-- PENTAFLUOROETANO (HFC-125), 1,1,1-TRIFLUOROETANO (HFC-143A) E 1,1,2-TRIFLUOROETANO (HFC-143)
290345;-- 1,1,1,2-TETRAFLUOROETANO (HFC-134A) E 1,1,2,2-TETRAFLUOROETANO (HFC-134)
29034510;1,1,1,2-TETRAFLUOROETANO (HFC-134A)
29034520;1,1,2,2-TETRAFLUOROETANO (HFC-134)
29034600;-- 1,1,1,2,3,3,3-HEPTAFLUOROPROPANO (HFC-227EA), 1,1,1,2,2,3-HEXAFLUOROPROPANO (HFC-236CB), 1,1,1,2,3,3-HEXAFLUOROPROPANO (HFC-236EA) E 1,1,1,3,3,3-HEXAFLUOROPROPANO (HFC-236FA)
29034700;-- 1,1,1,3,3-PENTAFLUOROPROPANO (HFC-245FA) E 1,1,2,2,3-PENTAFLUOROPROPANO (HFC-245CA)
29034800;-- 1,1,1,3,3-PENTAFLUOROBUTANO (HFC-365MFC) E 1,1,1,2,2,3,4,5,5,5-DECAFLUOROPENTANO (HFC-43-10MEE)
29034900;-- OUTROS
29035;- DERIVADOS FLUORADOS N O SATURADOS DOS HIDROCARBONETOS AC CLICOS:
29035100;-- 2,3,3,3-TETRAFLUOROPROPENO (HFO-1234YF), 1,3,3,3-TETRAFLUOROPROPENO (HFO-1234ZE) E (Z)-1,1,1,4,4,4-HEXAFLUORO-2-BUTENO (HFO-1336MZZ)
290359;-- OUTROS
29035910;1,1,3,3,3-PENTAFLUORO-2-(TRIFLUOROMETIL)PROP-1-ENO
29035990;OUTROS
29036;- DERIVADOS BROMADOS OU IODADOS DOS HIDROCARBONETOS AC CLICOS:
29036100;-- BROMETO DE METILA (BROMOMETANO)
29036200;-- DIBROMETO DE ETILENO (ISO) (1,2-DIBROMOETANO)
290369;-- OUTROS
29036910;IODOETANO
29036920;IODOF RMIO
29036990;OUTROS
29037;- DERIVADOS HALOGENADOS DOS HIDROCARBONETOS AC CLICOS QUE CONTENHAM PELO MENOS DOIS HALOG NIOS DIFERENTES:
29037100;-- CLORODIFLUOROMETANO (HCFC-22)
29037200;-- DICLOROTRIFLUOROETANOS (HCFC-123)
29037300;-- DICLOROFLUOROETANOS (HCFC-141, 141B)
29037400;-- CLORODIFLUOROETANOS (HCFC-142, 142B)
29037500;-- DICLOROPENTAFLUOROPROPANOS (HCFC-225, 225CA, 225CB)
29037600;-- BROMOCLORODIFLUOROMETANO (HALON-1211), BROMOTRIFLUOROMETANO (HALON-1301) E DIBROMOTETRAFLUOROETANOS (HALON-2402)
290377;-- OUTROS, PERALOGENADOS UNICAMENTE COM FL OR E CLORO
2903771;DERIVADOS PERALOGENADOS DO METANO, UNICAMENTE COM FL OR E CLORO
29037711;TRICLOROFLUOROMETANO
29037712;DICLORODIFLUOROMETANO
29037713;CLOROTRIFLUOROMETANO
2903772;DERIVADOS PERALOGENADOS DO ETANO, UNICAMENTE COM FL OR E CLORO
29037721;TRICLOROTRIFLUOROETANOS
29037722;DICLOROTETRAFLUOROETANOS E CLOROPENTAFLUOROETANO
29037723;PENTACLOROFLUOROETANO
29037724;TETRACLORODIFLUOROETANOS
2903773;DERIVADOS PERALOGENADOS DO PROPANO, UNICAMENTE COM FL OR E CLORO
29037731;HEPTACLOROFLUOROPROPANOS
29037732;HEXACLORODIFLUOROPROPANOS
29037733;PENTACLOROTRIFLUOROPROPANOS
29037734;TETRACLOROTETRAFLUOROPROPANOS
29037735;TRICLOROPENTAFLUOROPROPANOS
29037736;DICLOROEXAFLUOROPROPANOS
29037737;CLOROEPTAFLUOROPROPANOS
29037790;OUTROS
29037800;-- OUTROS DERIVADOS PERALOGENADOS
290379;-- OUTROS
2903791;DERIVADOS DO METANO, ETANO OU PROPANO, HALOGENADOS UNICAMENTE COM FL OR E CLORO
29037911;CLOROFLUOROETANOS
29037912;CLOROTETRAFLUOROETANOS
29037919;OUTROS
29037920;DERIVADOS DO METANO, ETANO OU PROPANO, HALOGENADOS UNICAMENTE COM FL OR E BROMO
2903793;BROMOCLOROTRIFLUOROETANOS
29037931;HALOTANO
29037939;OUTROS
29037990;OUTROS
29038;- DERIVADOS HALOGENADOS DOS HIDROCARBONETOS CICL NICOS, CICL NICOS OU CICLOTERP NICOS:
290381;-- 1,2,3,4,5,6-HEXACLOROCICLOEXANO (HCH (ISO)), INCLUINDO O LINDANO (ISO, DCI)
29038110;LINDANO (GAMA-HEXACLOROCICLOEXANO)
29038120;ALFA-HEXACLOROCICLOEXANO
29038130;BETA-HEXACLOROCICLOEXANO
29038190;OUTROS
290382;-- ALDRIN (ISO), CLORDANO (ISO) E HEPTACLORO (ISO)
29038210;ALDRIN
29038220;CLORDANO
29038230;HEPTACLORO
29038300;-- MIREX (ISO)
290389;-- OUTROS
29038910;HEXABROMOCICLODODECANOS (HBCD)
29038990;OUTROS
29039;- DERIVADOS HALOGENADOS DOS HIDROCARBONETOS AROM TICOS:
290391;-- CLOROBENZENO, O-DICLOROBENZENO E P-DICLOROBENZENO
29039110;CLOROBENZENO
29039120;O-DICLOROBENZENO
29039130;P-DICLOROBENZENO
290392;-- HEXACLOROBENZENO (ISO) E DDT (ISO) (CLOFENOTANO (DCI), 1,1,1-TRICLORO-2,2-BIS(P-CLOROFENIL)ETANO)
29039210;HEXACLOROBENZENO
29039220;DDT
29039300;-- PENTACLOROBENZENO (ISO)
29039400;-- HEXABROMOBIFENILAS
290399;-- OUTROS
2903991;DERIVADOS HALOGENADOS, UNICAMENTE COM CLORO
29039911;CLORETO DE BENZILA
29039912;P-CLOROTOLUENO
29039913;CLORETO DE NEOFILA
29039914;TRICLOROBENZENOS
29039915;CLORONAFTALENOS
29039916;CLORETO DE BENZILIDENO
29039917;CLORETOS DE XILILA
29039918;"BIFENILAS POLICLORADAS (PCB); TERFENILAS POLICLORADAS (PCT)"
29039919;OUTROS
2903992;DERIVADOS HALOGENADOS, UNICAMENTE COM BROMO
29039921;BROMOBENZENO
29039922;BROMETOS DE XILILA
29039923;BROMODIFENILMETANO
29039924;BIFENILAS POLIBROMADAS (PBB)
29039929;OUTROS
2903993;DERIVADOS HALOGENADOS, UNICAMENTE COM FL OR E CLORO
29039931;4-CLORO-ALFA,ALFA,ALFA-TRIFLUORTOLUENO
29039939;OUTROS
29039990;OUTROS
2904;DERIVADOS SULFONADOS, NITRADOS OU NITROSADOS DOS HIDROCARBONETOS, MESMO HALOGENADOS.
290410;- DERIVADOS APENAS SULFONADOS, SEUS SAIS E SEUS  STERES ET LICOS
2904101;CIDO METANOSSULF NICO E SEUS SAIS
29041011;CIDO METANOSSULF NICO
29041012;METANOSSULFONATO DE CHUMBO
29041013;METANOSSULFONATO DE ESTANHO
29041019;OUTROS
29041020;CIDO DODECILBENZENOSSULF NICO E SEUS SAIS
29041030;"CIDOS TOLUENOSSULF NICOS;  CIDOS XILENOSSULF NICOS; SAIS DESTES  CIDOS"
29041040;"CIDO ETANOSSULF NICO;  CIDO ETILENOSSULF NICO"
2904105;CIDOS NAFTALENOSSULF NICOS, SEUS SAIS E SEUS  STERES
29041051;NAFTALENOSSULFONATOS DE S DIO
29041052;CIDO BETA-NAFTALENOSSULF NICO
29041053;"CIDOS ALQUIL- E DIALQUILNAFTALENOSSULF NICOS; SAIS DESTES  CIDOS"
29041059;OUTROS
29041060;CIDO BENZENOSSULF NICO E SEUS SAIS
29041090;OUTROS
290420;- DERIVADOS APENAS NITRADOS OU APENAS NITROSADOS
29042010;MONONITROTOLUENOS (MNT)
29042020;NITROPROPANOS
29042030;DINITROTOLUENOS
2904204;TRINITROTOLUENOS
29042041;2,4,6-TRINITROTOLUENO (TNT)
29042049;OUTROS
2904205;DERIVADOS NITRADOS DO BENZENO
29042051;NITROBENZENO
29042052;1,3,5-TRINITROBENZENO
29042059;OUTROS
29042060;DERIVADOS NITRADOS DO XILENO
29042070;"MONONITROETANO; NITROMETANOS"
29042090;OUTROS
29043;-  CIDO PERFLUOROCTANO SULF NICO, SEUS SAIS E FLUORETO DE PERFLUOROCTANOSSULFONILA:
29043100;--  CIDO PERFLUOROCTANO SULF NICO
29043200;-- PERFLUOROCTANOSSULFONATO DE AM NIO
29043300;-- PERFLUOROCTANOSSULFONATO DE L TIO
29043400;-- PERFLUOROCTANOSSULFONATO DE POT SSIO
29043500;-- OUTROS SAIS DO  CIDO PERFLUOROCTANO SULF NICO
29043600;-- FLUORETO DE PERFLUOROCTANOSSULFONILA
29049;- OUTROS:
29049100;-- TRICLORONITROMETANO (CLOROPICRINA)
290499;-- OUTROS
2904991;DERIVADOS NITROALOGENADOS
29049911;1-CLORO-4-NITROBENZENO
29049912;1-CLORO-2,4-DINITROBENZENO
29049913;2-CLORO-1,3-DINITROBENZENO
29049914;4-CLORO-ALFA,ALFA,ALFA-TRIFLUOR-3,5-DINITROTOLUENO
29049915;"O-NITROCLOROBENZENO; M-NITROCLOROBENZENO"
29049916;1,2-DICLORO-4-NITROBENZENO
29049919;OUTROS
2904992;DERIVADOS NITROSSULFONADOS
29049921;CIDOS DINITROESTILBENODISSULF NICOS
29049929;OUTROS
29049930;CLORETO DE P-TOLUENOSSULFONILA (CLORETO DE TOSILA)
29049940;CLORETO DE O-TOLUENOSSULFONILA
29049990;OUTROS
2905;LCOOIS AC CLICOS E SEUS DERIVADOS HALOGENADOS, SULFONADOS, NITRADOS OU NITROSADOS.
29051;- MONO LCOOIS SATURADOS:
29051100;-- METANOL ( LCOOL MET LICO)
290512;-- PROPAN-1-OL ( LCOOL PROP LICO) E PROPAN-2-OL ( LCOOL ISOPROP LICO)
29051210;LCOOL PROP LICO
29051220;LCOOL ISOPROP LICO
29051300;-- BUTAN-1-OL ( LCOOL N-BUT LICO)
290514;-- OUTROS BUTAN IS
29051410;LCOOL ISOBUT LICO (2-METIL-1-PROPANOL)
29051420;LCOOL SEC-BUT LICO (2-BUTANOL)
29051430;LCOOL TER-BUT LICO (2-METIL-2-PROPANOL)
29051600;-- OCTANOL ( LCOOL OCT LICO) E SEUS IS MEROS
290517;-- DODECAN-1-OL ( LCOOL L URICO (LAUR LICO*)), HEXADECAN-1-OL ( LCOOL CET LICO) E OCTADECAN-1-OL ( LCOOL ESTE RICO)
29051710;LCOOL L URICO
29051720;LCOOL CET LICO
29051730;LCOOL ESTE RICO
290519;-- OUTROS
2905191;DECAN IS
29051911;N-DECANOL
29051912;ISODECANOL
29051919;OUTROS
2905192;ALCOOLATOS MET LICOS
29051921;ETILATO DE MAGN SIO
29051922;METILATO DE S DIO
29051923;ETILATO DE S DIO
29051929;OUTROS
2905199;OUTROS
29051991;4-METILPENTAN-2-OL
29051992;ISONONANOL
29051993;ISOTRIDECANOL
29051994;TETRA-HIDROLINALOL (3,7-DIMETILOCTAN-3-OL)
29051995;3,3-DIMETILBUTAN-2-OL ( LCOOL PINACOL LICO)
29051996;PENTANOL ( LCOOL AM LICO) E SEUS IS MEROS
29051999;OUTROS
29052;- MONO LCOOIS N O SATURADOS:
290522;--  LCOOIS TERP NICOS AC CLICOS
29052210;LINALOL
29052220;GERANIOL
29052230;DI-HIDROMIRCENOL (2,6-DIMETIL-7-OCTEN-2-OL)
29052290;OUTROS
290529;-- OUTROS
29052910;LCOOL AL LICO
29052990;OUTROS
29053;- DI IS:
29053100;-- ETILENOGLICOL (ETANODIOL)
29053200;-- PROPILENOGLICOL (PROPANO-1,2-DIOL)
290539;-- OUTROS
29053910;2-METIL-2,4-PENTANODIOL (HEXILENOGLICOL)
29053920;TRIMETILENOGLICOL (1,3-PROPANODIOL)
29053930;1,3-BUTILENOGLICOL (1,3-BUTANODIOL)
29053990;OUTROS
29054;- OUTROS POLI LCOOIS:
29054100;-- 2-ETIL-2-(HIDROXIMETIL)PROPANO-1,3-DIOL (TRIMETILOLPROPANO)
29054200;-- PENTAERITRITOL (PENTAERITRITA)
29054300;-- MANITOL
29054400;-- D-GLUCITOL (SORBITOL)
29054500;-- GLICEROL
29054900;-- OUTROS
29055;- DERIVADOS HALOGENADOS, SULFONADOS, NITRADOS OU NITROSADOS DOS  LCOOIS AC CLICOS:
29055100;-- ETCLORVINOL (DCI)
290559;-- OUTROS
29055910;HIDRATO DE CLORAL
29055990;OUTROS
2906;LCOOIS C CLICOS E SEUS DERIVADOS HALOGENADOS, SULFONADOS, NITRADOS OU NITROSADOS.
29061;- CICL NICOS, CICL NICOS OU CICLOTERP NICOS:
29061100;-- MENTOL
29061200;-- CICLOEXANOL, METILCICLOEXAN IS E DIMETILCICLOEXAN IS
29061300;-- ESTER IS E INOSIT IS
290619;-- OUTROS
29061910;DERIVADOS DO MENTOL
29061920;"BORNEOL; ISOBORNEOL"
29061930;TERPINA E SEU HIDRATO
29061940;LCOOL FENCH LICO (1,3,3-TRIMETIL-2-NORBORNANOL)
29061950;TERPINE IS
29061990;OUTROS
29062;- AROM TICOS:
29062100;--  LCOOL BENZ LICO
290629;-- OUTROS
29062910;2-FENILETANOL
29062920;DICOFOL
29062990;OUTROS
2907;"FEN IS; FEN IS- LCOOIS."
29071;- MONOFEN IS:
29071100;-- FENOL (HIDROXIBENZENO) E SEUS SAIS
29071200;-- CRES IS E SEUS SAIS
29071300;"-- OCTILFENOL, NONILFENOL, E SEUS IS MEROS; SAIS DESTES PRODUTOS"
290715;-- NAFT IS E SEUS SAIS
29071510;BETA-NAFTOL E SEUS SAIS
29071590;OUTROS
290719;-- OUTROS
29071910;2,6-DI-TER-BUTIL-P-CRESOL E SEUS SAIS
29071920;O-FENILFENOL E SEUS SAIS
29071930;P-TER-BUTILFENOL E SEUS SAIS
29071940;XILEN IS E SEUS SAIS
29071990;OUTROS
29072;"- POLIFEN IS; FEN IS- LCOOIS:"
29072100;-- RESORCINOL E SEUS SAIS
29072200;-- HIDROQUINONA E SEUS SAIS
29072300;-- 4,4'-ISOPROPILIDENODIFENOL (BISFENOL A, DIFENILOLPROPANO) E SEUS SAIS
29072900;-- OUTROS
2908;DERIVADOS HALOGENADOS, SULFONADOS, NITRADOS OU NITROSADOS DOS FEN IS OU DOS FEN IS- LCOOIS.
29081;- DERIVADOS APENAS HALOGENADOS E SEUS SAIS:
29081100;-- PENTACLOROFENOL (ISO)
290819;-- OUTROS
2908191;DERIVADOS HALOGENADOS UNICAMENTE COM CLORO
29081911;4-CLORO-M-CRESOL E SEUS SAIS
29081912;DICLOROFEN IS E SEUS SAIS
29081913;P-CLOROFENOL
29081914;TRICLOROFEN IS E SEUS SAIS
29081915;TETRACLOROFEN IS E SEUS SAIS
29081916;PENTACLOROFENATO DE S DIO
29081919;OUTROS
2908192;DERIVADOS HALOGENADOS UNICAMENTE COM BROMO
29081921;2,4,6-TRIBROMOFENOL
29081929;OUTROS
29081990;OUTROS
29089;- OUTROS:
29089100;-- DINOSEB (ISO) E SEUS SAIS
29089200;-- 4,6-DINITRO-O-CRESOL (DNOC (ISO)) E SEUS SAIS
290899;-- OUTROS
2908991;DERIVADOS APENAS NITRADOS E SEUS SAIS
29089912;P-NITROFENOL E SEUS SAIS
29089913;CIDO P CRICO
29089919;OUTROS
2908992;DERIVADOS NITROALOGENADOS
29089921;DISOFENOL
29089929;OUTROS
29089930;DERIVADOS SULFONADOS DO FENOL, SEUS SAIS E SEUS  STERES
29089990;OUTROS
2909;TERES,  TERES- LCOOIS,  TERES-FEN IS,  TERES- LCOOIS-FEN IS, PER XIDOS DE  LCOOIS, PER XIDOS DE  TERES, PER XIDOS DE ACETAIS E DE HEMIACETAIS, PER XIDOS DE CETONAS (DE CONSTITUI  O QU MICA DEFINIDA OU N O), E SEUS DERIVADOS HALOGENADOS, SULFONADOS, NITRADOS OU NITROSADOS.
29091;-  TERES AC CLICOS E SEUS DERIVADOS HALOGENADOS, SULFONADOS, NITRADOS OU NITROSADOS:
29091100;--  TER DIET LICO ( XIDO DE DIETILA)
290919;-- OUTROS
29091910;TER METIL-TER-BUT LICO (MTBE)
29091920;SEVOFLURANO
29091990;OUTROS
29092000;-  TERES CICL NICOS, CICL NICOS, CICLOTERP NICOS E SEUS DERIVADOS HALOGENADOS, SULFONADOS, NITRADOS OU NITROSADOS
290930;-  TERES AROM TICOS E SEUS DERIVADOS HALOGENADOS, SULFONADOS, NITRADOS OU NITROSADOS
2909301;TERES AROM TICOS
29093011;ANETOL
29093012;TER DIFEN LICO ( TER FEN LICO)
29093013;TER DIBENZ LICO ( TER BENZ LICO)
29093014;TER FENILETIL-ISOAM LICO
29093019;OUTROS
2909302;DERIVADOS HALOGENADOS, SULFONADOS, NITRADOS OU NITROSADOS
29093021;OXIFLUORFENO
29093022;PENTACLOROANISOL
29093023;TERES TETRA- OU PENTABROMODIFEN LICOS
29093024;TERES HEXA-, HEPTA- OU OCTABROMODIFEN LICOS
29093025;TER DECABROMODIFEN LICO
29093029;OUTROS
29094;-  TERES- LCOOIS E SEUS DERIVADOS HALOGENADOS, SULFONADOS, NITRADOS OU NITROSADOS:
29094100;-- 2,2'-OXIDIETANOL (DIETILENOGLICOL)
290943;--  TERES MONOBUT LICOS DO ETILENOGLICOL OU DO DIETILENOGLICOL
29094310;DO ETILENOGLICOL
29094320;DO DIETILENOGLICOL
290944;-- OUTROS  TERES MONOALQU LICOS DO ETILENOGLICOL OU DO DIETILENOGLICOL
2909441;DO ETILENOGLICOL
29094411;TER ET LICO
29094412;TER ISOBUT LICO
29094413;TER HEX LICO
29094419;OUTROS
2909442;DO DIETILENOGLICOL
29094421;TER ET LICO
29094429;OUTROS
290949;-- OUTROS
29094910;GUAIFENESINA
2909492;ETILENOGLIC IS E SEUS  TERES
29094921;TRIETILENOGLICOL
29094922;TETRAETILENOGLICOL
29094923;PENTAETILENOGLICOL E SEUS  TERES
29094924;TER FEN LICO DO ETILENOGLICOL
29094929;OUTROS
2909493;PROPILENOGLIC IS E SEUS  TERES
29094931;DIPROPILENOGLICOL
29094932;TERES DO MONO-, DI- E TRIPROPILENOGLICOL
29094939;OUTROS
2909494;BUTILENOGLIC IS E SEUS  TERES
29094941;TER ET LICO DO BUTILENOGLICOL
29094949;OUTROS
29094950;LCOOIS FENOXIBENZ LICOS
29094990;OUTROS
290950;-  TERES-FEN IS,  TERES- LCOOIS-FEN IS, E SEUS DERIVADOS HALOGENADOS, SULFONADOS, NITRADOS OU NITROSADOS
2909501;TERES-FEN IS
29095011;TRICLOSAN
29095012;EUGENOL
29095013;ISOEUGENOL
29095019;OUTROS
29095090;OUTROS
290960;- PER XIDOS DE  LCOOIS, PER XIDOS DE  TERES, PER XIDOS DE ACETAIS E DE HEMIACETAIS, PER XIDOS DE CETONAS, E SEUS DERIVADOS HALOGENADOS, SULFONADOS, NITRADOS OU NITROSADOS
2909601;HIDROPER XIDOS
29096011;DE DI-ISOPROPILBENZENO
29096012;DE TER-BUTILA
29096013;DE P-MENTANO
29096019;OUTROS
29096090;OUTROS
2910;EP XIDOS, EPOXI LCOOIS, EPOXIFEN IS E EPOXI TERES, COM TR S  TOMOS NO CICLO, E SEUS DERIVADOS HALOGENADOS, SULFONADOS, NITRADOS OU NITROSADOS.
29101000;- OXIRANO ( XIDO DE ETILENO)
29102000;- METILOXIRANO ( XIDO DE PROPILENO)
29103000;- 1-CLORO-2,3-EPOXIPROPANO (EPICLORIDRINA)
29104000;- DIELDRIN (ISO, DCI)
29105000;- ENDRIN (ISO)
291090;- OUTROS
29109010;XIDO DE ESTIRENO
29109090;OUTROS
291100;ACETAIS E HEMIACETAIS, MESMO QUE CONTENHAM OUTRAS FUN  ES OXIGENADAS, E SEUS DERIVADOS HALOGENADOS, SULFONADOS, NITRADOS OU NITROSADOS.
29110010;DIMETILACETAL DO 2-NITROBENZALDE DO
29110090;OUTROS
2912;"ALDE DOS, MESMO QUE CONTENHAM OUTRAS FUN  ES OXIGENADAS; POL MEROS C CLICOS DOS ALDE DOS; PARAFORMALDE DO."
29121;- ALDE DOS AC CLICOS QUE N O CONTENHAM OUTRAS FUN  ES OXIGENADAS:
29121100;-- METANAL (FORMALDE DO)
29121200;-- ETANAL (ACETALDE DO)
291219;-- OUTROS
2912191;DIALDE DOS
29121911;GLIOXAL
29121912;GLUTARALDE DO
29121919;OUTROS
2912192;MONOALDE DOS N O SATURADOS
29121921;CITRAL
29121922;CITRONELAL (3,7-DIMETIL-6-OCTENAL)
29121923;BERGAMAL (3,7-DIMETIL-2-METILENO-6-OCTENAL)
29121929;OUTROS
2912199;OUTROS
29121991;HEPTANAL
29121999;OUTROS
29122;- ALDE DOS C CLICOS QUE N O CONTENHAM OUTRAS FUN  ES OXIGENADAS:
29122100;-- BENZALDE DO (ALDE DO BENZOICO)
291229;-- OUTROS
29122910;ALDE DO ALFA-AMILCIN MICO
29122920;ALDE DO ALFA-HEXILCIN MICO
29122990;OUTROS
29124;- ALDE DOS- LCOOIS, ALDE DOS- TERES, ALDE DOS-FEN IS E ALDE DOS QUE CONTENHAM OUTRAS FUN  ES OXIGENADAS:
29124100;-- VANILINA (ALDE DO METILPROTOCAT QUICO)
29124200;-- ETILVANILINA (ALDE DO ETILPROTOCAT QUICO)
291249;-- OUTROS
29124910;3-FENOXIBENZALDE DO
29124920;3-HIDROXIBENZALDE DO
29124930;3,4,5-TRIMETOXIBENZALDE DO
2912494;ALDE DOS- LCOOIS
29124941;4-(4-HIDROXI-4-METILPENTIL)-3-CICLOEXENO-1-CARBOXIALDE DO
29124949;OUTROS
29124990;OUTROS
29125000;- POL MEROS C CLICOS DOS ALDE DOS
29126000;- PARAFORMALDE DO
291300;DERIVADOS HALOGENADOS, SULFONADOS, NITRADOS OU NITROSADOS DOS PRODUTOS DA POSI  O 29.12.
29130010;TRICLOROACETALDE DO
29130090;OUTROS
2914;CETONAS E QUINONAS, MESMO QUE CONTENHAM OUTRAS FUN  ES OXIGENADAS, E SEUS DERIVADOS HALOGENADOS, SULFONADOS, NITRADOS OU NITROSADOS.
29141;- CETONAS AC CLICAS QUE N O CONTENHAM OUTRAS FUN  ES OXIGENADAS:
29141100;-- ACETONA
29141200;-- BUTANONA (METILETILCETONA)
29141300;-- 4-METILPENTAN-2-ONA (METILISOBUTILCETONA)
291419;-- OUTRAS
29141910;FORONA
2914192;DICETONAS
29141921;ACETILACETONA
29141922;ACETONILACETONA
29141923;DIACETILA
29141929;OUTRAS
29141930;METILEXILCETONA
29141940;PSEUDOIONONAS
29141950;METILISOPROPILCETONA
29141990;OUTRAS
29142;- CETONAS CICL NICAS, CICL NICAS OU CICLOTERP NICAS QUE N O CONTENHAM OUTRAS FUN  ES OXIGENADAS:
291422;-- CICLOEXANONA E METILCICLOEXANONAS
29142210;CICLOEXANONA
29142220;METILCICLOEXANONAS
291423;-- IONONAS E METILIONONAS
29142310;IONONAS
29142320;METILIONONAS
291429;-- OUTRAS
29142910;CARVONA
29142920;L-MENTONA
29142990;OUTRAS
29143;- CETONAS AROM TICAS QUE N O CONTENHAM OUTRAS FUN  ES OXIGENADAS:
29143100;-- FENILACETONA (FENILPROPAN-2-ONA)
291439;-- OUTRAS
29143910;ACETOFENONA
29143990;OUTRAS
291440;- CETONAS- LCOOIS E CETONAS-ALDE DOS
29144010;4-HIDROXI-4-METILPENTAN-2-ONA (DIACETONA  LCOOL)
2914409;OUTRAS
29144091;BENZO NA
29144099;OUTRAS
291450;- CETONAS-FEN IS E CETONAS QUE CONTENHAM OUTRAS FUN  ES OXIGENADAS
29145010;NABUMETONA
29145020;1,8-DI-HIDROXI-3-METIL-9-ANTRONA E SUA FORMA EN LICA (CRISAROBINA OU CHRYSAROBIN)
29145090;OUTRAS
29146;- QUINONAS:
29146100;-- ANTRAQUINONA
29146200;-- COENZIMA Q10 (UBIDECARENONA (DCI))
291469;-- OUTRAS
29146910;LAPACHOL
29146920;MENADIONA
29146990;OUTRAS
29147;- DERIVADOS HALOGENADOS, SULFONADOS, NITRADOS OU NITROSADOS:
29147100;-- CLORDECONA (ISO)
291479;-- OUTROS
2914791;DERIVADOS HALOGENADOS
29147911;1-CLORO-5-HEXANONA
29147919;OUTROS
2914792;DERIVADOS SULFONADOS
29147921;BISSULFITO S DICO DE MENADIONA
29147922;CIDO 2-HIDROXI-4-METOXIBENZOFENONA-5-SULF NICO (SULISOBENZONA)
29147929;OUTROS
29147990;OUTROS
2915;"CIDOS MONOCARBOX LICOS AC CLICOS SATURADOS E SEUS ANIDRIDOS, HALOGENETOS, PER XIDOS E PEROXI CIDOS; SEUS DERIVADOS HALOGENADOS, SULFONADOS, NITRADOS OU NITROSADOS."
29151;-  CIDO F RMICO, SEUS SAIS E SEUS  STERES:
29151100;--  CIDO F RMICO
291512;-- SAIS DO  CIDO F RMICO
29151210;DE S DIO
29151290;OUTROS
291513;--  STERES DO  CIDO F RMICO
29151310;DE GERANILA
29151390;OUTROS
29152;"-  CIDO AC TICO E SEUS SAIS; ANIDRIDO AC TICO:"
29152100;--  CIDO AC TICO
29152400;-- ANIDRIDO AC TICO
291529;-- OUTROS
29152910;ACETATO DE S DIO
29152920;ACETATOS DE COBALTO
29152990;OUTROS
29153;-  STERES DO  CIDO AC TICO:
29153100;-- ACETATO DE ETILA
29153200;-- ACETATO DE VINILA
29153300;-- ACETATO DE N-BUTILA
29153600;-- ACETATO DE DINOSEB (ISO)
291539;-- OUTROS
29153910;ACETATO DE LINALILA
2915392;ACETATOS DE GLICERILA
29153921;TRIACETINA
29153929;OUTROS
2915393;ACETATOS DE MONO LCOOIS AC CLICOS SATURADOS DE AT  8  TOMOS DE CARBONO, INCLUSIVE
29153931;DE N-PROPILA
29153932;ACETATO DE 2-ETOXIETILA
29153939;OUTROS
2915394;ACETATOS DE DECILA OU DE HEXENILA
29153941;DE DECILA
29153942;DE HEXENILA
2915395;ACETATOS DE BENZESTROL, DE DIENOESTROL, DE HEXESTROL, DE MESTILBOL OU DE ESTILBESTROL
29153951;DE BENZESTROL
29153952;DE DIENOESTROL
29153953;DE HEXESTROL
29153954;DE MESTILBOL
29153955;DE ESTILBESTROL
2915396;ACETATOS DE TRICLORO-ALFA-FENILETILA, DE TRICLOROMETILFENILCARBINILA OU DIACETATO DE ETILENOGLICOL (DIACETATO DE ETILENO)
29153961;DE TRICLORO-ALFA-FENILETILA
29153962;DE TRICLOROMETILFENILCARBINILA
29153963;DIACETATO DE ETILENOGLICOL (DIACETATO DE ETILENO)
2915399;OUTROS
29153991;DE 2-TER-BUTILCICLOEXILA
29153992;DE BORNILA
29153993;DE DIMETILBENZILCARBINILA
29153994;BIS(P-ACETOXIFENIL)CICLOEXILIDENOMETANO (CICLOFENIL)
29153999;OUTROS
291540;-  CIDOS MONO-, DI- OU TRICLOROAC TICOS, SEUS SAIS E SEUS  STERES
29154010;CIDO MONOCLOROAC TICO
29154020;MONOCLOROACETATO DE S DIO
29154090;OUTROS
291550;-  CIDO PROPI NICO, SEUS SAIS E SEUS  STERES
29155010;CIDO PROPI NICO
29155020;SAIS
29155030;STERES
291560;-  CIDOS BUTANOICOS,  CIDOS PENTANOICOS, SEUS SAIS E SEUS  STERES
2915601;CIDOS BUTANOICOS, SEUS SAIS E SEUS  STERES
29156011;CIDOS BUTANOICOS E SEUS SAIS
29156012;BUTANOATO DE ETILA
29156019;OUTROS
2915602;CIDOS PENTANOICOS, SEUS SAIS E SEUS  STERES
29156021;CIDO PIV LICO
29156029;OUTROS
291570;-  CIDO PALM TICO,  CIDO ESTE RICO, SEUS SAIS E SEUS  STERES
2915701;CIDO PALM TICO, SEUS SAIS E SEUS  STERES
29157011;CIDO PALM TICO
29157019;OUTROS
29157020;CIDO ESTE RICO
2915703;SAIS DO  CIDO ESTE RICO
29157031;DE ZINCO
29157039;OUTROS
29157040;STERES DO  CIDO ESTE RICO
291590;- OUTROS
29159010;CLORETO DE CLOROACETILA
2915902;CIDO 2-ETILEXANOICO, SEUS SAIS E SEUS  STERES
29159021;CIDO 2-ETILEXANOICO ( CIDO 2-ETILEXOICO)
29159022;2-ETILEXANOATO DE ESTANHO II
29159023;DI(2-ETILEXANOATO) DE TRIETILENOGLICOL
29159024;CLORETO DE 2-ETILEXANO LA
29159029;OUTROS
2915903;"CIDO MIR STICO;  CIDO CAPR LICO; SEUS SAIS E SEUS  STERES"
29159031;CIDO MIR STICO
29159032;CIDO CAPR LICO
29159033;MIRISTATO DE ISOPROPILA
29159039;OUTROS
2915904;CIDO L URICO, SEUS SAIS E SEUS  STERES
29159041;CIDO L URICO
29159043;LAURATO DE PENTACLOROBIFENILA
29159049;OUTROS
29159050;PER XIDOS DE  CIDOS
29159060;PEROXI CIDOS
29159070;CIDOS PERFLUOROCTANOICOS E SEUS SAIS
29159090;OUTROS
2916;"CIDOS MONOCARBOX LICOS AC CLICOS N O SATURADOS E  CIDOS MONOCARBOX LICOS C CLICOS, SEUS ANIDRIDOS, HALOGENETOS, PER XIDOS E PEROXI CIDOS; SEUS DERIVADOS HALOGENADOS, SULFONADOS, NITRADOS OU NITROSADOS."
29161;-  CIDOS MONOCARBOX LICOS AC CLICOS N O SATURADOS, SEUS ANIDRIDOS, HALOGENETOS, PER XIDOS E PEROXI CIDOS E SEUS DERIVADOS:
291611;--  CIDO ACR LICO E SEUS SAIS
29161110;CIDO ACR LICO
29161120;SAIS
291612;--  STERES DO  CIDO ACR LICO
29161210;DE METILA
29161220;DE ETILA
29161230;DE BUTILA
29161240;DE 2-ETILEXILA
29161290;OUTROS
291613;--  CIDO METACR LICO E SEUS SAIS
29161310;CIDO METACR LICO
29161320;SAIS
291614;--  STERES DO  CIDO METACR LICO
29161410;DE METILA
29161420;DE ETILA
29161430;DE N-BUTILA
29161490;OUTROS
291615;--  CIDOS OLEICO, LINOLEICO OU LINOL NICO, SEUS SAIS E SEUS  STERES
2916151;CIDO OLEICO, SEUS SAIS E SEUS  STERES
29161511;OLEATO DE MANITOL
29161519;OUTROS
29161520;"CIDO LINOLEICO;  CIDO LINOL NICO; SEUS SAIS E SEUS  STERES"
29161600;-- BINAPACRIL (ISO)
291619;-- OUTROS
2916191;CIDO S RBICO, SEUS SAIS E SEUS  STERES
29161911;SORBATO DE POT SSIO
29161919;OUTROS
2916192;CIDO UNDECIL NICO, SEUS SAIS E SEUS  STERES
29161921;CIDO UNDECIL NICO
29161922;UNDECILENATO DE METILA
29161923;UNDECILENATO DE ZINCO
29161929;OUTROS
29161990;OUTROS
291620;-  CIDOS MONOCARBOX LICOS CICL NICOS, CICL NICOS OU CICLOTERP NICOS, SEUS ANIDRIDOS, HALOGENETOS, PER XIDOS, PEROXI CIDOS E SEUS DERIVADOS
2916201;DERIVADOS DO  CIDO CICLOPROPANOCARBOX LICO
29162011;CIDO 3-(2,2-DIBROMOVINIL)-2,2-DIMETILCICLOPROPANOCARBOX LICO
29162012;CLORETO DO  CIDO 3-(2,2-DICLOROVINIL)-2,2-DIMETILCICLOPROPANOCARBOX LICO (DVO)
29162013;ALETRINAS
29162014;PERMETRINA
29162015;BIFENTRINA
29162019;OUTROS
29162090;OUTROS
29163;-  CIDOS MONOCARBOX LICOS AROM TICOS, SEUS ANIDRIDOS, HALOGENETOS, PER XIDOS, PEROXI CIDOS E SEUS DERIVADOS:
291631;--  CIDO BENZOICO, SEUS SAIS E SEUS  STERES
29163110;CIDO BENZOICO
2916312;SAIS
29163121;DE S DIO
29163122;DE AM NIO
29163129;OUTROS
2916313;STERES
29163131;DE METILA
29163132;DE BENZILA
29163139;OUTROS
291632;-- PER XIDO DE BENZO LA E CLORETO DE BENZO LA
29163210;PER XIDO DE BENZO LA
29163220;CLORETO DE BENZO LA
29163400;--  CIDO FENILAC TICO E SEUS SAIS
291639;-- OUTROS
29163910;CLORETO DE 4-CLORO-ALFA-(1-METILETIL)BENZENOACETILA
29163920;IBUPROFENO
29163930;CIDO 4-CLORO-3-NITROBENZOICO
29163940;PERBENZOATO DE TER-BUTILA
29163990;OUTROS
2917;"CIDOS POLICARBOX LICOS, SEUS ANIDRIDOS, HALOGENETOS, PER XIDOS E PEROXI CIDOS; SEUS DERIVADOS HALOGENADOS, SULFONADOS, NITRADOS OU NITROSADOS."
29171;-  CIDOS POLICARBOX LICOS AC CLICOS, SEUS ANIDRIDOS, HALOGENETOS, PER XIDOS, PEROXI CIDOS E SEUS DERIVADOS:
291711;--  CIDO OX LICO, SEUS SAIS E SEUS  STERES
29171110;CIDO OX LICO E SEUS SAIS
29171120;STERES
291712;--  CIDO AD PICO, SEUS SAIS E SEUS  STERES
29171210;CIDO AD PICO
29171220;SAIS E  STERES
291713;--  CIDO AZELAICO,  CIDO SEB CICO, SEUS SAIS E SEUS  STERES
29171310;CIDO AZELAICO, SEUS SAIS E SEUS  STERES
2917132;CIDO SEB CICO, SEUS SAIS E SEUS  STERES
29171321;CIDO SEB CICO
29171322;SEBACATO DE DIBUTILA
29171323;SEBACATO DE DIOCTILA
29171329;OUTROS
29171400;-- ANIDRIDO MALEICO
291719;-- OUTROS
29171910;DIOCTILSULFOSSUCCINATO DE S DIO
2917192;CIDO MALEICO, SEUS SAIS E SEUS  STERES
29171921;CIDO MALEICO
29171922;SAIS E  STERES
29171930;CIDO FUM RICO, SEUS SAIS E SEUS  STERES
29171990;OUTROS
29172000;-  CIDOS POLICARBOX LICOS CICL NICOS, CICL NICOS OU CICLOTERP NICOS, SEUS ANIDRIDOS, HALOGENETOS, PER XIDOS, PEROXI CIDOS E SEUS DERIVADOS
29173;-  CIDOS POLICARBOX LICOS AROM TICOS, SEUS ANIDRIDOS, HALOGENETOS, PER XIDOS, PEROXI CIDOS E SEUS DERIVADOS:
29173200;-- ORTOFTALATOS DE DIOCTILA
29173300;-- ORTOFTALATOS DE DINONILA OU DE DIDECILA
29173400;-- OUTROS  STERES DO  CIDO ORTOFT LICO
29173500;-- ANIDRIDO FT LICO
29173600;--  CIDO TEREFT LICO E SEUS SAIS
29173700;-- TEREFTALATO DE DIMETILA
291739;-- OUTROS
2917391;CIDO M-FT LICO, SEUS SAIS E SEUS  STERES
29173911;STERES
29173919;OUTROS
29173920;CIDO ORTOFT LICO E SEUS SAIS
2917393;OUTROS  STERES DO  CIDO TEREFT LICO
29173931;DE DIOCTILA
29173939;OUTROS
29173940;SAIS E  STERES DO  CIDO TRIMEL TICO (SAIS E  STERES DO  CIDO 1,2,4-BENZENOTRICARBOX LICO)
29173950;ANIDRIDO TRIMEL TICO ( CIDO 1,3-DIOXO-5-ISOBENZOFURANOCARBOX LICO)
29173990;OUTROS
2918;"CIDOS CARBOX LICOS QUE CONTENHAM FUN  ES OXIGENADAS SUPLEMENTARES E SEUS ANIDRIDOS, HALOGENETOS, PER XIDOS E PEROXI CIDOS; SEUS DERIVADOS HALOGENADOS, SULFONADOS, NITRADOS OU NITROSADOS."
29181;-  CIDOS CARBOX LICOS DE FUN  O  LCOOL, MAS SEM OUTRA FUN  O OXIGENADA, SEUS ANIDRIDOS, HALOGENETOS, PER XIDOS, PEROXI CIDOS E SEUS DERIVADOS:
29181100;--  CIDO L CTICO, SEUS SAIS E SEUS  STERES
29181200;--  CIDO TART RICO
291813;-- SAIS E  STERES DO  CIDO TART RICO
29181310;SAIS
29181320;STERES
29181400;--  CIDO C TRICO
29181500;-- SAIS E  STERES DO  CIDO C TRICO
291816;--  CIDO GLUC NICO, SEUS SAIS E SEUS  STERES
29181610;GLUCONATO DE C LCIO
29181690;OUTROS
29181700;--  CIDO 2,2-DIFENIL-2-HIDROXIAC TICO ( CIDO BENZ LICO)
29181800;-- CLOROBENZILATO (ISO)
291819;-- OUTROS
29181910;BROMOPROPILATO
2918192;"CIDOS BILIARES, SEUS SAIS E SEUS  STERES; DERIVADOS DESTES PRODUTOS"
29181921;URSODIOL ( CIDO URSODEOXIC LICO)
29181922;CIDO QUENODEOXIC LICO
29181929;OUTROS
29181930;CIDO 12-HIDROXIESTE RICO
2918194;SAIS E  STERES DO  CIDO 2,2-DIFENIL-2-HIDROXIAC TICO ( CIDO BENZ LICO)
29181942;SAIS
29181943;STERES
29181990;OUTROS
29182;-  CIDOS CARBOX LICOS DE FUN  O FENOL, MAS SEM OUTRA FUN  O OXIGENADA, SEUS ANIDRIDOS, HALOGENETOS, PER XIDOS, PEROXI CIDOS E SEUS DERIVADOS:
291821;--  CIDO SALIC LICO E SEUS SAIS
29182110;CIDO SALIC LICO
29182120;SAIS
291822;--  CIDO O-ACETILSALIC LICO, SEUS SAIS E SEUS  STERES
2918221;CIDO O-ACETILSALIC LICO E SEUS SAIS
29182211;CIDO O-ACETILSALIC LICO
29182212;O-ACETILSALICILATO DE ALUM NIO
29182219;OUTROS
29182220;STERES
29182300;-- OUTROS  STERES DO  CIDO SALIC LICO E SEUS SAIS
291829;-- OUTROS
29182910;CIDOS HIDROXINAFTOICOS
2918292;CIDO P-HIDROXIBENZOICO, SEUS SAIS E SEUS  STERES
29182921;CIDO P-HIDROXIBENZOICO
29182922;METILPARABENO
29182923;PROPILPARABENO
29182929;OUTROS
29182930;CIDO G LICO, SEUS SAIS E SEUS  STERES
29182940;TETRAKIS(3-(3,5-DI-TER-BUTIL-4-HIDROXIFENIL)PROPIONATO) DE PENTAERITRITILA
29182950;3-(3,5-DI-TER-BUTIL-4-HIDROXIFENIL)PROPIONATO DE OCTADECILA
29182990;OUTROS
291830;-  CIDOS CARBOX LICOS DE FUN  O ALDE DO OU CETONA, MAS SEM OUTRA FUN  O OXIGENADA, SEUS ANIDRIDOS, HALOGENETOS, PER XIDOS, PEROXI CIDOS E SEUS DERIVADOS
29183010;CETOPROFENO
29183020;BUTIRILACETATO DE METILA
2918303;CIDO DEIDROC LICO E SEUS SAIS
29183031;CIDO DEIDROC LICO
29183032;DEIDROCOLATO DE S DIO
29183033;DEIDROCOLATO DE MAGN SIO
29183039;OUTROS
29183040;ACETILACETATO DE 2-NITROMETILBENZILIDENO
29183090;OUTROS
29189;- OUTROS:
29189100;-- 2,4,5-T (ISO) ( CIDO 2,4,5-TRICLOROFENOXIAC TICO), SEUS SAIS E SEUS  STERES
291899;-- OUTROS
2918991;"CIDO FENOXIAC TICO, SEUS SAIS E SEUS  STERES; DERIVADOS DESTES PRODUTOS"
29189911;CIDO FENOXIAC TICO, SEUS SAIS E SEUS  STERES
29189912;CIDO 2,4-DICLOROFENOXIAC TICO (2,4-D), SEUS SAIS E SEUS  STERES
29189919;OUTROS
2918992;"CIDOS FENOXIBUTANOICOS, SEUS SAIS E SEUS  STERES; DERIVADOS DESTES PRODUTOS"
29189921;CIDOS DICLOROFENOXIBUTANOICOS, SEUS SAIS E SEUS  STERES
29189929;OUTROS
29189930;ACIFLUORFEN S DICO
29189940;NAPROXENO
29189950;CIDO 3-(2-CLORO-ALFA, ALFA, ALFA-TRIFLUOR-P-TOLILOXI)BENZOICO
29189960;DICLOFOP-METILA
2918999;OUTROS
29189991;FENOFIBRATO
29189992;CIDOS METILCLOROFENOXIAC TICOS, SEUS SAIS E SEUS  STERES
29189993;5-(2-CLORO-4-TRIFLUOROMETILFENOXI)-2-NITROBENZOATO DE 1'-(CARBOETOXI)ETILA (LACTOFEN)
29189994;CIDO 4-(4-HIDROXIFENOXI)-3,5-DI-IODOFENILAC TICO
29189999;OUTROS
2919;"STERES FOSF RICOS E SEUS SAIS, INCLUINDO OS LACTOFOSFATOS; SEUS DERIVADOS HALOGENADOS, SULFONADOS, NITRADOS OU NITROSADOS."
29191000;- FOSFATO DE TRIS(2,3-DIBROMOPROPILA)
291990;- OUTROS
29199010;DE TRIBUTILA
29199020;DE TRICRESILA
29199030;DE TRIFENILA
29199040;DICLORV S (DDVP)
29199050;LACTOFOSFATO DE C LCIO
29199060;CLORFENVINF S
29199090;OUTROS
2920;"STERES DOS OUTROS  CIDOS INORG NICOS DE N O METAIS (EXCETO OS  STERES DE HALOGENETOS DE HIDROG NIO) E SEUS SAIS; SEUS DERIVADOS HALOGENADOS, SULFONADOS, NITRADOS OU NITROSADOS."
29201;"-  STERES TIOFOSF RICOS (FOSFOROTIOATOS) E SEUS SAIS; SEUS DERIVADOS HALOGENADOS, SULFONADOS, NITRADOS OU NITROSADOS:"
292011;-- PARATION (ISO) E PARATION-METILA (ISO) (METIL PARATION)
29201110;PARATION (ETIL PARATION)
29201120;PARATION-METILA (METIL PARATION)
292019;-- OUTROS
29201910;FENITROTION
29201920;CLORETO DE FOSFOROTIOATO DE DIMETILA
29201990;OUTROS
29202;"-  STERES DE FOSFITOS E SEUS SAIS; SEUS DERIVADOS HALOGENADOS, SULFONADOS, NITRADOS OU NITROSADOS:"
29202100;-- FOSFITO DE DIMETILA
29202200;-- FOSFITO DE DIETILA
29202300;-- FOSFITO DE TRIMETILA
29202400;-- FOSFITO DE TRIETILA
292029;-- OUTROS
29202910;FOSFITO DE ALQUILA DE C3 A C13 OU DE ALQUIL-ARILA
29202920;FOSFITO DE DIFENILA
29202930;OUTROS FOSFITOS, DE ARILA
29202940;FOSETIL AL
29202950;FOSFITO DE TRIS(2,4-DI-TER-BUTILFENILA)
29202990;OUTROS
29203000;- ENDOSSULFAN (ISO)
292090;- OUTROS
2920902;SULFITOS
29209022;PROPARGITE
29209029;OUTROS
2920903;NITRATOS
29209031;DE PROPATILA
29209032;NITROGLICERINA
29209033;TETRANITRATO DE PENTAERITRITOL (PETN, NITROPENTA, PENTRITA)
29209039;OUTROS
2920904;SULFATOS
29209041;DE ALQUILA DE C6 A C22
29209042;DE MONOALQUILDIETILENOGLICOL OU DE MONOALQUILTRIETILENOGLICOL
29209049;OUTROS
2920905;SILICATOS
29209051;DE ETILA
29209059;OUTROS
29209090;OUTROS
2921;COMPOSTOS DE FUN  O AMINA.
29211;"- MONOAMINAS AC CLICAS E SEUS DERIVADOS; SAIS DESTES PRODUTOS:"
292111;-- MONO-, DI- OU TRIMETILAMINA E SEUS SAIS
2921111;MONOMETILAMINA E SEUS SAIS
29211111;MONOMETILAMINA
29211112;SAIS
2921112;DIMETILAMINA E SEUS SAIS
29211121;DIMETILAMINA
29211122;2,4-DICLOROFENOXIACETATO DE DIMETILAMINA
29211123;METILCLOROFENOXIACETATO DE DIMETILAMINA
29211129;OUTROS
2921113;TRIMETILAMINA E SEUS SAIS
29211131;TRIMETILAMINA
29211132;CLORIDRATO DE TRIMETILAMINA
29211139;OUTROS
29211200;-- CLORIDRATO DE 2-CLOROETIL(N,N-DIMETILAMINA)
29211300;-- CLORIDRATO DE 2-CLOROETIL(N,N-DIETILAMINA)
29211400;-- CLORIDRATO DE 2-CLOROETIL(N,N-DI-ISOPROPILAMINA)
292119;-- OUTROS
2921191;"ETILAMINAS E SEUS DERIVADOS; SAIS DESTES PRODUTOS"
29211911;MONOETILAMINA E SEUS SAIS
29211912;TRIETILAMINA
29211913;BIS(2-CLOROETIL)ETILAMINA
29211914;TRICLORMETINA (DCI) (TRIS(2-CLOROETIL)AMINA)
29211915;DIETILAMINA E SEUS SAIS, EXCETO ETANSILATO (ETHAMSYLATE)
29211919;OUTROS
2921192;"N-PROPILAMINAS E ISOPROPILAMINAS; SAIS DESTES PRODUTOS"
29211921;MONO-N-PROPILAMINA E SEUS SAIS
29211922;DI-N-PROPILAMINA E SEUS SAIS
29211923;MONOISOPROPILAMINA E SEUS SAIS
29211924;DI-ISOPROPILAMINA E SEUS SAIS
29211929;OUTROS
2921193;BUTILAMINAS E SEUS SAIS
29211931;DI-ISOBUTILAMINA E SEUS SAIS
29211939;OUTROS
2921194;MONOALQUILAMINAS, METILDIALQUILAMINAS E DIALQUILAMINAS, COM GRUPOS ALQUILA DE C10 A C18
29211941;METILDIALQUILAMINAS
29211949;OUTRAS
2921199;OUTROS
29211991;CLORMETINA (DCI) (BIS(2-CLOROETIL)METILAMINA)
29211992;N,N-DIALQUIL-2-CLOROETILAMINA, COM GRUPOS ALQUILA DE C1 A C3, E SEUS SAIS PROTONADOS
29211993;MUCATO DE ISOMETEPTENO
29211994;N,N-DIMETILCETILAMINA
29211999;OUTROS
29212;"- POLIAMINAS AC CLICAS E SEUS DERIVADOS; SAIS DESTES PRODUTOS:"
29212100;-- ETILENODIAMINA E SEUS SAIS
29212200;-- HEXAMETILENODIAMINA E SEUS SAIS
292129;-- OUTROS
29212910;DIETILENOTRIAMINA E SEUS SAIS
29212920;TRIETILENOTETRAMINA E SEUS SAIS
29212990;OUTROS
292130;"- MONOAMINAS E POLIAMINAS, CICL NICAS, CICL NICAS OU CICLOTERP NICAS, E SEUS DERIVADOS; SAIS DESTES PRODUTOS"
2921301;CICLOEXILAMINAS E SEUS SAIS
29213011;MONOCICLOEXILAMINA E SEUS SAIS
29213012;DICICLOEXILAMINA
29213019;OUTROS
29213020;PROPILEXEDRINA
29213090;OUTROS
29214;"- MONOAMINAS AROM TICAS E SEUS DERIVADOS; SAIS DESTES PRODUTOS:"
29214100;-- ANILINA E SEUS SAIS
292142;-- DERIVADOS DA ANILINA E SEUS SAIS
2921421;CIDOS AMINOBENZENOSSULF NICOS E SEUS SAIS
29214211;CIDO SULFAN LICO E SEUS SAIS
29214219;OUTROS
2921422;CLOROANILINAS E SEUS SAIS
29214221;3,4-DICLOROANILINA E SEUS SAIS
29214229;OUTROS
2921423;NITROANILINAS E SEUS SAIS
29214231;4-NITROANILINA
29214239;OUTROS
2921424;CLORONITROANILINAS E SEUS SAIS
29214241;5-CLORO-2-NITROANILINA
29214249;OUTROS
29214290;OUTROS
292143;"-- TOLUIDINAS E SEUS DERIVADOS; SAIS DESTES PRODUTOS"
2921431;TOLUIDINAS E SEUS SAIS
29214311;O-TOLUIDINA
29214319;OUTROS
2921432;"DERIVADOS DAS TOLUIDINAS; SAIS DESTES PRODUTOS"
29214321;3-NITRO-4-TOLUIDINA E SEUS SAIS
29214322;TRIFLURALINA
29214323;4-CLORO-2-TOLUIDINA
29214329;OUTROS
292144;"-- DIFENILAMINA E SEUS DERIVADOS; SAIS DESTES PRODUTOS"
29214410;DIFENILAMINA E SEUS SAIS
2921442;"DERIVADOS DA DIFENILAMINA; SAIS DESTES PRODUTOS"
29214421;N-OCTILDIFENILAMINA
29214422;N-NONILDIFENILAMINA
29214429;OUTROS
29214500;"-- 1-NAFTILAMINA (ALFA-NAFTILAMINA), 2-NAFTILAMINA (BETA-NAFTILAMINA), E SEUS DERIVADOS; SAIS DESTES PRODUTOS"
292146;"-- ANFETAMINA (DCI), BENZOFETAMINA (DCI), DEXANFETAMINA (DCI), ETILANFETAMINA (DCI), FENCANFAMINA (DCI), FENTERMINA (DCI), LEFETAMINA (DCI), LEVANFETAMINA (DCI) E MEFENOREX (DCI); SAIS DESTES PRODUTOS"
29214610;ANFETAMINA E SEUS SAIS
29214620;BENZOFETAMINA E SEUS SAIS
29214630;DEXANFETAMINA E SEUS SAIS
29214640;ETILANFETAMINA E SEUS SAIS
29214650;FENCANFAMINA E SEUS SAIS
29214660;FENTERMINA E SEUS SAIS
29214670;LEFETAMINA E SEUS SAIS
29214680;LEVANFETAMINA E SEUS SAIS
29214690;MEFENOREX E SEUS SAIS
292149;-- OUTROS
29214910;CLORIDRATO DE FENFLURAMINA
2921492;"XILIDINAS E SEUS DERIVADOS; SAIS DESTES PRODUTOS"
29214921;2,4-XILIDINA E SEUS SAIS
29214922;PENDIMETALINA
29214929;OUTROS
2921493;TRANILCIPROMINA E SEUS SAIS
29214931;SULFATO DE TRANILCIPROMINA
29214939;OUTROS
29214990;OUTROS
29215;"- POLIAMINAS AROM TICAS E SEUS DERIVADOS; SAIS DESTES PRODUTOS:"
292151;"-- O-, M-, P-FENILENODIAMINA, DIAMINOTOLUENOS, E SEUS DERIVADOS; SAIS DESTES PRODUTOS"
2921511;"O-, M-, P-FENILENODIAMINA; DIAMINOTOLUENOS; SAIS DESTES PRODUTOS"
29215111;M-FENILENODIAMINA E SEUS SAIS
29215112;DIAMINOTOLUENOS (TOLUILENODIAMINAS)
29215119;OUTROS
29215120;"DERIVADOS SULFONADOS DAS FENILENODIAMINAS E DE SEUS DERIVADOS; SAIS DESTES PRODUTOS"
2921513;"OUTROS DERIVADOS DAS FENILENODIAMINAS; SAIS DESTES PRODUTOS"
29215131;N,N'-DI-SEC-BUTIL-P-FENILENODIAMINA
29215132;N-ISOPROPIL-N'-FENIL-P-FENILENODIAMINA
29215133;N-(1,3-DIMETILBUTIL)-N'-FENIL-P-FENILENODIAMINA
29215134;N-(1,4-DIMETILPENTIL)-N'-FENIL-P-FENILENODIAMINA
29215135;N-FENIL-P-FENILENODIAMINA (4-AMINODIFENILAMINA) E SEUS SAIS
29215139;OUTROS
29215190;OUTROS
292159;-- OUTROS
2921591;"BENZIDINA E SEUS DERIVADOS; SAIS DESTES PRODUTOS"
29215911;3,3'-DICLOROBENZIDINA
29215919;OUTROS
2921592;DIAMINODIFENILMETANOS
29215921;4,4'-DIAMINODIFENILMETANO
29215929;OUTROS
2921593;"DIAMINODIFENILAMINAS E SEUS DERIVADOS; SAIS DESTES PRODUTOS"
29215931;4,4'-DIAMINODIFENILAMINA E SEUS SAIS
29215932;CIDO 4,4'-DIAMINODIFENILAMINO-2-SULF NICO E SEUS SAIS
29215939;OUTROS
29215990;OUTROS
2922;COMPOSTOS AMINADOS DE FUN  ES OXIGENADAS.
29221;"- AMINO LCOOIS, EXCETO OS QUE CONTENHAM MAIS DE UM TIPO DE FUN  O OXIGENADA, SEUS  TERES E SEUS  STERES; SAIS DESTES PRODUTOS:"
29221100;-- MONOETANOLAMINA E SEUS SAIS
29221200;-- DIETANOLAMINA E SEUS SAIS
29221400;-- DEXTROPROPOXIFENO (DCI) E SEUS SAIS
29221500;-- TRIETANOLAMINA
29221600;-- PERFLUOROCTANOSSULFONATO DE DIETANOLAM NIO
29221700;-- METILDIETANOLAMINA E ETILDIETANOLAMINA
29221800;-- 2-(N,N-DI-ISOPROPILAMINO)ETANOL
292219;-- OUTROS
2922191;"PROPANOLAMINAS E SEUS SAIS; DERIVADOS DESTES PRODUTOS"
29221911;MONOISOPROPANOLAMINA
29221912;2,4-DICLOROFENOXIACETATO DE TRIISOPROPANOLAMINA
29221913;2,4-DICLOROFENOXIACETATO DE DIMETILPROPANOLAMINA
29221919;OUTROS
2922192;ORFENADRINA E SEUS SAIS
29221921;CITRATO
29221929;OUTROS
2922193;AMBROXOL E SEUS SAIS
29221931;CLORIDRATO
29221939;OUTROS
2922194;CLOBUTINOL E SEUS SAIS
29221941;CLORIDRATO
29221949;OUTROS
2922195;N,N-DIALQUIL-2-AMINOETANOL, COM GRUPOS ALQUILA DE C1 A C3, E SEUS SAIS PROTONADOS
29221951;N,N-DIMETIL-2-AMINOETANOL E SEUS SAIS PROTONADOS
29221952;N,N-DIETIL-2-AMINOETANOL E SEUS SAIS PROTONADOS
29221959;OUTROS
2922197;PROPAFENONA E SEUS SAIS
29221971;CLORIDRATO
29221979;OUTROS
2922198;METOPROLOL E SEUS SAIS
29221981;TARTARATO
29221989;OUTROS
2922199;OUTROS
29221991;1-P-NITROFENIL-2-AMINO-1,3-PROPANODIOL
29221992;FUMARATO DE BENCICLANO
29221993;CLEMBUTEROL (CLENBUTEROL) E SEU CLORIDRATO
29221994;MIRTECA NA
29221995;TAMOXIFEN E SEU CITRATO
29221996;PROPRANOLOL E SEUS SAIS
29221999;OUTROS
29222;"- AMINONAFT IS E OUTROS AMINOFEN IS, EXCETO OS QUE CONTENHAM MAIS DE UM TIPO DE FUN  O OXIGENADA, SEUS  TERES E  STERES; SAIS DESTES PRODUTOS:"
29222100;--  CIDOS AMINOHIDROXINAFTALENOSSULF NICOS E SEUS SAIS
292229;-- OUTROS
2922291;O-, M-, P-AMINOFEN IS, E SEUS SAIS
29222911;P-AMINOFENOL
29222919;OUTROS
29222920;NITROANISIDINAS E SEUS SAIS
29222990;OUTROS
29223;"- AMINOALDE DOS, AMINOCETONAS E AMINOQUINONAS, EXCETO DE FUN  ES OXIGENADAS DIFERENTES; SAIS DESTES PRODUTOS:"
292231;"-- ANFEPRAMONA (DCI), METADONA (DCI) E NORMETADONA (DCI); SAIS DESTES PRODUTOS"
2922311;ANFEPRAMONA E SEUS SAIS
29223111;ANFEPRAMONA
29223112;SAIS
29223120;METADONA E SEUS SAIS
29223130;NORMETADONA E SEUS SAIS
292239;-- OUTROS
29223910;AMINOANTRAQUINONAS E SEUS SAIS
2922392;KETAMINA E SEUS SAIS
29223921;CLORIDRATO
29223929;OUTROS
29223990;OUTROS
29224;"- AMINO CIDOS, EXCETO OS QUE CONTENHAM MAIS DE UM TIPO DE FUN  O OXIGENADA, E SEUS  STERES; SAIS DESTES PRODUTOS:"
292241;"-- LISINA E SEUS  STERES; SAIS DESTES PRODUTOS"
29224110;LISINA
29224190;OUTROS
292242;--  CIDO GLUT MICO E SEUS SAIS
29224210;CIDO GLUT MICO
29224220;SAIS
29224300;--  CIDO ANTRAN LICO E SEUS SAIS
292244;-- TILIDINA (DCI) E SEUS SAIS
29224410;TILIDINA
29224420;SAIS
292249;-- OUTROS
29224910;GLICINA E SEUS SAIS
29224920;CIDO ETILENODIAMINOTETRAC TICO (EDTA) E SEUS SAIS
2922493;CIDO IMINODIAC TICO E SEUS SAIS
29224931;CIDO IMINODIAC TICO
29224932;SAIS
29224940;CIDO DIETILENOTRIAMINOPENTAC TICO E SEUS SAIS
2922495;"ALFA-FENILGLICINA E SEUS SAIS; DERIVADOS DESTES PRODUTOS"
29224951;ALFA-FENILGLICINA
29224952;CLORIDRATO DE CLORETO DE D(-)ALFA-AMINOBENZENOACETILA
29224959;OUTROS
2922496;"DICLOFENACO E SEUS SAIS; DERIVADOS DESTES PRODUTOS"
29224961;DICLOFENACO DE S DIO
29224962;DICLOFENACO DE POT SSIO
29224963;DICLOFENACO DE DIETILAM NIO
29224964;DICLOFENACO
29224969;OUTROS
29224990;OUTROS
292250;- AMINO LCOOIS-FEN IS, AMINO CIDOS-FEN IS E OUTROS COMPOSTOS AMINADOS DE FUN  ES OXIGENADAS
2922501;FENILEFRINA E SEUS SAIS
29225011;CLORIDRATO
29225019;OUTROS
2922503;"TIROSINA E SEUS DERIVADOS; SAIS DESTES PRODUTOS"
29225031;LEVODOPA
29225032;METILDOPA
29225039;OUTROS
2922509;OUTROS
29225091;N-(1-(METOXICARBONIL)PROPEN-2-IL)-ALFA-AMINO-P-HIDROXIFENILACETATO DE S DIO (NAPOH)
29225099;OUTROS
2923;"SAIS E HIDR XIDOS DE AM NIO QUATERN RIOS; LECITINAS E OUTROS FOSFOAMINOLIP DIOS, DE CONSTITUI  O QU MICA DEFINIDA OU N O."
29231000;- COLINA E SEUS SAIS
29232000;- LECITINAS E OUTROS FOSFOAMINOLIP DIOS
29233000;- PERFLUOROCTANOSSULFONATO DE TETRAETILAM NIO
29234000;- PERFLUOROCTANOSSULFONATO DE DIDECILDIMETILAM NIO
292390;- OUTROS
29239010;BETA NA E SEUS SAIS
29239020;DERIVADOS DA COLINA
29239030;CLORETO DE 3-CLORO-2-HIDROXIPROPILTRIMETILAM NIO
29239040;HALOGENETOS DE ALQUIL-TRIMETILAM NIO, COM GRUPO ALQUILA DE C6 A C22
29239050;HALOGENETOS DE DIALQUIL-DIMETILAM NIO OU DE ALQUIL-BENZIL-DIMETILAM NIO, COM GRUPO ALQUILA DE C6 A C22
29239060;HALOGENETOS DE PENTAMETIL-ALQUIL-PROPILENODIAM NIO, COM GRUPO ALQUILA DE C6 A C22
29239090;OUTROS
2924;"COMPOSTOS DE FUN  O CARBOXIAMIDA; COMPOSTOS DE FUN  O AMIDA DO  CIDO CARB NICO."
29241;"- AMIDAS (INCLUINDO OS CARBAMATOS) AC CLICAS E SEUS DERIVADOS; SAIS DESTES PRODUTOS:"
29241100;-- MEPROBAMATO (DCI)
292412;-- FLUORACETAMIDA (ISO), FOSFAMIDONA (ISO) E MONOCROTOF S (ISO)
29241210;FLUORACETAMIDA
29241220;FOSFAMIDONA
29241230;MONOCROTOF S
292419;-- OUTROS
2924191;"ACETOACETAMIDA E SEUS DERIVADOS; SAIS DESTES PRODUTOS"
29241911;2-CLORO-N-METILACETOACETAMIDA
29241919;OUTROS
2924192;"FORMAMIDAS; ACETAMIDAS"
29241921;N-METILFORMAMIDA
29241922;N,N-DIMETILFORMAMIDA
29241929;OUTRAS
2924193;ACRILAMIDAS E SEUS DERIVADOS
29241931;ACRILAMIDA
29241932;METACRILAMIDAS
29241939;OUTROS
2924194;CROTONAMIDAS E SEUS DERIVADOS
29241942;DICROTOF S
29241949;OUTROS
2924199;OUTROS
29241991;N,N'-DIMETILUREIA
29241992;CARISOPRODOL
29241993;N,N'-(DIESTEAROIL)ETILENODIAMINA (N,N'-ETILEN-BIS-ESTEARAMIDA)
29241994;DIETANOLAMIDAS DE  CIDOS GRAXOS (GORDOS) DE C12 A C18
29241999;OUTROS
29242;"- AMIDAS (INCLUINDO OS CARBAMATOS) C CLICAS E SEUS DERIVADOS; SAIS DESTES PRODUTOS:"
292421;"-- URE NAS E SEUS DERIVADOS; SAIS DESTES PRODUTOS"
2924211;"CARBANILIDA E SEUS DERIVADOS; SAIS DESTES PRODUTOS"
29242111;HEXANITROCARBANILIDAS
29242119;OUTROS
29242120;DIURON
29242190;OUTROS
29242300;--  CIDO 2-ACETAMIDOBENZOICO ( CIDO N-ACETILANTRAN LICO) E SEUS SAIS
29242400;-- ETINAMATO (DCI)
29242500;-- ALACLOR (ISO)
292429;-- OUTROS
2924291;"ACETANILIDA E SEUS DERIVADOS; SAIS DESTES PRODUTOS"
29242911;ACETANILIDA
29242912;4-AMINOACETANILIDA
29242913;ACETAMINOFEN (PARACETAMOL)
29242914;LIDOCA NA E SEU CLORIDRATO
29242915;2,5-DIMETOXIACETANILIDA
29242919;OUTROS
29242920;"ANILIDAS DOS  CIDOS HIDROXINAFTOICOS E SEUS DERIVADOS; SAIS DESTES PRODUTOS"
2924293;CARBAMATOS
29242931;CARBARIL
29242932;PROPOXUR
29242939;OUTROS
2924294;ACETAMIDAS E SEUS DERIVADOS
29242941;TECLOZAM
29242943;"ATENOLOL; METOLACLOR"
29242944;CIDO IOX GLICO
29242945;IODAMIDA
29242946;CLORETO DO  CIDO P-ACETAMIDOBENZENOSSULF NICO
29242947;CIDO IOXITAL MICO
29242949;OUTROS
2924295;"METOXIBENZAMIDAS E SEUS DERIVADOS; SAIS DESTES PRODUTOS"
29242951;BROMOPRIDA
29242952;METOCLOPRAMIDA E SEU CLORIDRATO
29242959;OUTROS
2924296;"PROPANAMIDAS E SEUS DERIVADOS; SAIS DESTES PRODUTOS"
29242961;PROPANIL
29242962;FLUTAMIDA
29242963;PRILOCA NA E SEU CLORIDRATO
29242964;IOBITRIDOL
29242969;OUTROS
2924299;OUTROS
29242991;ASPARTAME
29242992;DIFLUBENZUROM
29242993;METALAXIL
29242994;TRIFLUMUROM
29242995;BUCLOSAMIDA
29242996;BENZOATO DE DENAT NIO
29242999;OUTROS
2925;COMPOSTOS DE FUN  O CARBOXIIMIDA (INCLUINDO A SACARINA E SEUS SAIS) OU DE FUN  O IMINA.
29251;"- IMIDAS E SEUS DERIVADOS; SAIS DESTES PRODUTOS:"
29251100;-- SACARINA E SEUS SAIS
29251200;-- GLUTETIMIDA (DCI)
292519;-- OUTROS
29251910;TALIDOMIDA
29251990;OUTROS
29252;"- IMINAS E SEUS DERIVADOS; SAIS DESTES PRODUTOS:"
29252100;-- CLORDIMEFORME (ISO)
292529;-- OUTROS
2925291;ARGININA E SEUS SAIS
29252911;ASPARTATO DE L-ARGININA
29252919;OUTROS
2925292;"GUANIDINA E SEUS DERIVADOS; SAIS DESTES PRODUTOS"
29252921;GUANIDINA
29252922;N,N'-DIFENILGUANIDINA
29252923;CLOREXIDINA E SEUS SAIS
29252929;OUTROS
29252930;AMITRAZ
29252940;ISETIONATO DE PENTAMIDINA
29252950;N-(3,7-DIMETIL-7-HIDROXIOCTILIDENO)ANTRANILATO DE METILA
29252990;OUTROS
2926;COMPOSTOS DE FUN  O NITRILA.
29261000;- ACRILONITRILA
29262000;- 1-CIANOGUANIDINA (DICIANDIAMIDA)
292630;"- FENPROPOREX (DCI) E SEUS SAIS; INTERMEDI RIO DA METADONA (DCI) (4-CIANO-2-DIMETILAMINO-4,4-DIFENILBUTANO)"
2926301;FENPROPOREX E SEUS SAIS
29263011;FENPROPOREX
29263012;SAIS
29263020;INTERMEDI RIO DA METADONA
29264000;- ALFA-FENILACETOACETONITRILA
292690;- OUTROS
2926901;VERAPAMIL E SEUS SAIS
29269011;VERAPAMIL
29269012;CLORIDRATO
29269019;OUTROS
2926902;"LCOOL ALFA-CIANO-3-FENOXIBENZ LICO E SEUS DERIVADOS;  STERES DESTES PRODUTOS"
29269021;LCOOL ALFA-CIANO-3-FENOXIBENZ LICO
29269022;CIFLUTRINA
29269023;CIPERMETRINA
29269024;DELTAMETRINA
29269025;FENVALERATO
29269026;CIALOTRINA (CYHALOTHRIN)
29269029;OUTROS
29269030;SAIS DE INTERMEDI RIO DA METADONA
2926909;OUTROS
29269091;ADIPONITRILA (1,4-DICIANOBUTANO)
29269092;CIANIDRINA DE ACETONA (ACETONA CIANIDRINA)
29269093;CLOSANTEL
29269095;CLOROTALONIL
29269096;CIANOACRILATOS DE ETILA
29269099;OUTROS
292700;COMPOSTOS DIAZOICOS, AZOICOS OU AZ XICOS.
29270010;COMPOSTOS DIAZOICOS
2927002;COMPOSTOS AZOICOS
29270021;AZODICARBONAMIDA
29270029;OUTROS
29270030;COMPOSTOS AZ XICOS
292800;DERIVADOS ORG NICOS DA HIDRAZINA E DA HIDROXILAMINA.
2928001;"ACETOXIMA E SEUS DERIVADOS; SAIS DESTES PRODUTOS"
29280011;METILETILACETOXIMA
29280019;OUTROS
29280020;CARBIDOPA
29280030;2-HIDRAZINOETANOL
2928004;FENILIDRAZINA E SEUS DERIVADOS
29280041;FENILIDRAZINA
29280042;DERIVADOS
29280090;OUTROS
2929;COMPOSTOS DE OUTRAS FUN  ES NITROGENADAS (AZOTADAS).
292910;- ISOCIANATOS
29291010;DI-ISOCIANATO DE DIFENILMETANO
2929102;DI-ISOCIANATOS DE TOLUENO
29291021;MISTURA DE IS MEROS
29291029;OUTROS
29291030;ISOCIANATO DE 3,4-DICLOROFENILA
29291090;OUTROS
292990;- OUTROS
2929901;CIDO CICL MICO E SEUS SAIS
29299011;DE S DIO
29299012;DE C LCIO
29299019;OUTROS
2929903;DIALOGENETOS DE N,N-DIALQUILFOSFOROAMIDATOS, COM GRUPOS ALQUILA DE C1 A C3
29299031;DICLORETO DE N,N-DIMETILFOSFOROAM DICO
29299039;OUTROS
29299040;N,N-DIALQUILFOSFOROAMIDATOS DE DIALQUILA, COM GRUPOS ALQUILA DE C1 A C3
29299050;FOSFONAMIDOFLUORIDATOS DE N-(1-(DIALQUILA (DE AT  C10, INCLUINDO CICLOALQUILA)AMINO))ALQUILIDENO (H OU DE AT  C10, INCLUINDO CICLOALQUILA) E SAIS ALQUILADOS OU PROTONADOS DESTES PRODUTOS
29299060;FOSFORAMIDOFLUORIDATOS DE O-ALQUILA (H OU DE AT  C10, INCLUINDO CICLOALQUILA) N-(1-(DIALQUILA (DE AT  C10, INCLUINDO  CICLOALQUILA)AMINO))ALQUILIDENO (H OU DE AT  C10, INCLUINDO CICLOALQUILA) E SAIS ALQUILADOS OU PROTONADOS DESTES PRODUTOS
29299090;OUTROS
2930;TIOCOMPOSTOS ORG NICOS.
29301000;- 2-(N,N-DIMETILAMINO)ETANOTIOL
293020;- TIOCARBAMATOS E DITIOCARBAMATOS
2930201;TIOCARBAMATOS
29302011;EPTC
29302012;CARTAP
29302013;TIOBENCARB (DIETILTIOCARBAMATO DE S-4-CLOROBENZILA)
29302019;OUTROS
2930202;DITIOCARBAMATOS
29302021;"ZIRAM; DIMETILDITIOCARBAMATO DE S DIO"
29302022;DIETILDITIOCARBAMATO DE ZINCO
29302023;DIBUTILDITIOCARBAMATO DE ZINCO
29302024;METAM S DIO
29302029;OUTROS
293030;- MONO-, DI- OU TETRASSULFETOS DE TIOURAMA
2930301;MONOSSULFETOS
29303011;DE TETRAMETILTIOURAMA
29303012;SULFIRAM
29303019;OUTROS
2930302;DISSULFETOS
29303021;THIRAM
29303022;DISSULFIRAM
29303029;OUTROS
29303090;OUTROS
293040;- METIONINA
29304010;DL-METIONINA, COM UM TEOR DE CINZAS SULFATADAS SUPERIOR A 0,1 %, EM PESO
29304090;OUTRA
29306000;- 2-(N,N-DIETILAMINO)ETANOTIOL
29307000;- SULFETO DE BIS(2-HIDROXIETILA) (TIODIGLICOL (DCI))
293080;- ALDICARB (ISO), CAPTAFOL (ISO) E METAMIDOF S (ISO)
29308010;ALDICARB
29308020;CAPTAFOL
29308030;METAMIDOF S
293090;- OUTROS
2930901;"TI IS E SEUS DERIVADOS; SAIS DESTES PRODUTOS"
29309011;CIDO TIOGLIC LICO E SEUS SAIS
29309012;CISTE NA
29309013;N,N-DIALQUIL-2-AMINOETANOTIOL, COM GRUPOS ALQUILA DE C1 A C3, E SEUS SAIS PROTONADOS
29309019;OUTROS
2930902;"TIOAMIDAS E SEUS DERIVADOS; SAIS DESTES PRODUTOS"
29309021;TIOUREIA
29309022;TIOFANATO-METILA
29309023;4-METIL-3-TIOSEMICARBAZIDA
29309029;OUTROS
2930903;"TIO TERES, TIO STERES E SEUS DERIVADOS, EXCETO OS PRODUTOS DO ITEM 2930.90.8; SAIS DESTES PRODUTOS"
29309031;2-(ETILTIO)ETANOL, COM UMA CONCENTRA  O IGUAL OU SUPERIOR A 98 %, EM PESO
29309032;3-(METILTIO)PROPANAL
29309033;CLOROTIOFORMIATO DE S-ETILA
29309034;CIDO 2-HIDROXI-4-(METILTIO)BUTANOICO E SEU SAL C LCICO
29309035;METOMIL
29309036;CARBOCISTE NA
29309037;"4-SULFATOETILSULFONIL-2,5-DIMETOXIANILINA; 4-SULFATOETILSULFONIL-2-METOXI-5-METILANILINA; 4-SULFATOETILSULFONIL-2-METOXIANILINA"
29309039;OUTROS
2930904;"FOSFOROTIOATOS E SEUS DERIVADOS; SAIS DESTES PRODUTOS"
29309041;FOSFOROTIOATO DE O,O-DIETILA E DE S-[2-(DIETILAMINO)ETILA] E SEUS SAIS ALQUILADOS OU PROTONADOS
29309042;FOSFOROTIOATO DE O,O-DIMETILA E DE S-[2-(1-METILCARBAMOILETILTIO)-ETILA)] (VAMIDOTION)
29309043;FOSFOROTIOATO DE O-(4-BROMO-2-CLOROFENILA) O-ETILA E DE S-PROPILA (PROFENOF S)
29309049;OUTROS
2930905;"FOSFORODITIOATOS E SEUS DERIVADOS; SAIS DESTES PRODUTOS"
29309051;"FORATO (ISO); TERBUF S (ISO)"
29309052;DISSULFOTON
29309053;ETION
29309054;DIMETOATO
29309057;FOSFORODITIOATO DE O,O-DIMETILA E DE S-[2-(ETILTIO)ETILA] (TIOMETON)
29309059;OUTROS
2930906;"FOSFOROAMIDOTIOATOS E SEUS DERIVADOS; SAIS DESTES PRODUTOS"
29309061;ACEFATO
29309069;OUTROS
2930907;SULFONAS
29309071;TIAPRIDA
29309072;BICALUTAMIDA
29309079;OUTRAS
2930908;"SULFETO DE 2-CLOROETILA E DE CLOROMETILA; SULFETO DE BIS(2-CLOROETILA); BIS(2-CLOROETILTIO)METANO; 1,2-BIS(2-CLOROETILTIO)ETANO; 1,3-BIS(2-CLOROETILTIO)-N-PROPANO; 1,4-BIS(2-CLOROETILTIO)-N-BUTANO; 1,5-BIS(2-CLOROETILTIO)-N-PENTANO;  XIDO DE BIS(2-CLOROETILTIOMETILA);  XIDO DE BIS(2-CLOROETILTIOETILA)"
29309081;SULFETO DE 2-CLOROETILA E DE CLOROMETILA
29309082;SULFETO DE BIS(2-CLOROETILA)
29309083;BIS(2-CLOROETILTIO)METANO
29309084;1,2-BIS(2-CLOROETILTIO)ETANO
29309085;1,3-BIS(2-CLOROETILTIO)-N-PROPANO
29309086;1,4-BIS(2-CLOROETILTIO)-N-BUTANO
29309087;1,5-BIS(2-CLOROETILTIO)-N-PENTANO
29309088;XIDO DE BIS(2-CLOROETILTIOMETILA)
29309089;XIDO DE BIS(2-CLOROETILTIOETILA)
2930909;OUTROS
29309091;CAPTAN
29309093;METILENO-BIS-TIOCIANATO
29309094;DIMETILTIOFOSFORAMIDA
29309095;ETILDITIOFOSFONATO DE O-ETILA E DE S-FENILA (FONOF S)
29309096;"HIDROG NIO ALQUIL(DE C1 A C3)FOSFONOTIOATOS DE [S-2-(DIALQUIL(DE C1 A C3)AMINO)ETILA], SEUS  STERES DE O-ALQUILA (DE AT  C10, INCLUINDO OS CICLOALQUILA); SAIS ALQUILADOS OU PROTONADOS DESTES PRODUTOS"
29309097;OUTROS COMPOSTOS QUE CONTENHAM UM  TOMO DE F SFORO LIGADO A UM GRUPO ALQUILA (DE C1 A C3) MAS SEM OUTROS  TOMOS DE CARBONO
29309098;DITIOCARBONATOS (XANTATOS E XANTOGENATOS)
29309099;OUTROS
2931;OUTROS COMPOSTOS ORGANO-INORG NICOS.
29311000;- TETRAMETILA DE CHUMBO E TETRAETILA DE CHUMBO
29312000;- COMPOSTOS DE TRIBUTILESTANHO
29314;- DERIVADOS ORGANOFOSFORADOS N O HALOGENADOS:
29314100;-- METILFOSFONATO DE DIMETILA
29314200;-- PROPILFOSFONATO DE DIMETILA
29314300;-- ETILFOSFONATO DE DIETILA
29314400;--  CIDO METILFOSF NICO
29314500;-- SAL DO  CIDO METILFOSF NICO E DE (AMINOIMINOMETIL)UREIA (1:1)
29314600;-- 2,4,6-TRI XIDO DE 2,4,6-TRIPROPIL-1,3,5,2,4,6-TRIOXATRIFOSFINANO
29314700;-- METILFOSFONATO DE (5-ETIL-2-METIL-2- XIDO-1,3,2-DIOXAFOSFINAN-5-IL)METIL METILA
29314800;-- 3,9-DI XIDO DE 3,9-DIMETIL-2,4,8,10-TETRAOXA-3,9-DIFOSFASPIRO[5.5]UNDECANO
293149;-- OUTROS
2931491;"CIDO FOSFONOMETILIMINODIAC TICO;  CIDO AMINOTRIMETILENOFOSF NICO; DIFENILFOSFONATO(4,4'-BIS((DIMETOXIFOSFINIL)METIL)DIFENILA); ETIDRONATO DISS DICO; GLIFOSATO E SEU SAL DE MONOISOPROPILAMINA; GLUFOSINATO DE AM NIO; HIDROGENOFOSFONATO DE BIS(2-ETILEXILO)"
29314911;"CIDO FOSFONOMETILIMINODIAC TICO;  CIDO AMINOTRIMETILENOFOSF NICO"
29314912;DIFENILFOSFONATO(4,4'-BIS((DIMETOXIFOSFINIL)METIL)DIFENILA)
29314913;ETIDRONATO DISS DICO
29314914;GLIFOSATO E SEU SAL DE MONOISOPROPILAMINA
29314915;GLUFOSINATO DE AM NIO
29314916;HIDROGENOFOSFONATO DE BIS(2-ETILEXILO)
29314920;"HIDROG NIO ALQUIL(DE C1 A C3)FOSFONITOS DE [O-2-(DIALQUIL(DE C1 A C3)AMINO)ETILA], SEUS  STERES DE O-ALQUILA (DE AT  C10, INCLUINDO OS CICLOALQUILA); SAIS ALQUILADOS OU PROTONADOS DESTES PRODUTOS"
2931493;OUTROS COMPOSTOS QUE CONTENHAM UM  TOMO DE F SFORO LIGADO A UM GRUPO ALQUILA (DE C1 A C3) MAS SEM OUTROS  TOMOS DE CARBONO
29314931;METILFOSFINATO DE BUTILA
29314932;METILFOSFONATO DE BIS(1-METILPENTILA)
29314939;OUTROS
29314940;N,N-DIALQUIL(DE C1 A C3)FOSFOROAMIDOCIANIDATOS DE O-ALQUILA (DE AT  C10, INCLUINDO OS CICLOALQUILA)
29314990;OUTROS
29315;- DERIVADOS ORGANOFOSFORADOS HALOGENADOS:
29315100;-- DICLORETO METILFOSF NICO
29315200;-- DICLORETO PROPILFOSF NICO
29315300;-- METILFOSFONOTIONATO DE O-(3-CLOROPROPIL) O-[4-NITRO-3-(TRIFLUOROMETIL)FENILA]
29315400;-- TRICLORFOM (ISO)
293159;-- OUTROS
2931591;"CIDO CLODR NICO E SEU SAL DISS DICO; ETEFON; FOTEMUSTINA"
29315911;CIDO CLODR NICO E SEU SAL DISS DICO
29315912;ETEFON
29315913;FOTEMUSTINA
2931599;OUTROS
29315991;ALQUIL(DE C1 A C3)FOSFONOFLUORIDATOS DE O-ALQUILA (DE AT  C10, INCLUINDO OS CICLOALQUILA)
29315992;METILFOSFONOCLORIDATO DE O-ISOPROPILA
29315993;METILFOSFONOCLORIDATO DE O-PINACOLILA
29315994;DIFLUORETO DE ALQUILFOSFONILA, COM GRUPO ALQUILA DE C1 A C3
29315995;FOSFONAMIDOFLUORIDATOS DE P-ALQUILA (DE AT  C10, INCLUINDO CICLOALQUILA) N-(1-(DIALQUILA (DE AT  C10, INCLUINDO CICLOALQUILA)AMINO))ALQUILIDENO (H OU DE AT  C10, INCLUINDO CICLOALQUILA) E SAIS ALQUILADOS OU PROTONADOS DESTES PRODUTOS
29315996;(BIS(DIETILAMINA)METILENO)FOSFONAMIDOFLUORIDATO DE METILA
29315998;OUTROS COMPOSTOS QUE CONTENHAM UM  TOMO DE F SFORO LIGADO A UM GRUPO ALQUILA (DE C1 A C3) MAS SEM OUTROS  TOMOS DE CARBONO
29315999;OUTROS
293190;- OUTROS
2931902;COMPOSTOS ORGANOSSIL CICOS
29319021;BIS(TRIMETILSILIL)UREIA
29319029;OUTROS
2931904;COMPOSTOS ORGANOMET LICOS DO ESTANHO
29319041;ACETATO DE TRIFENILESTANHO
29319042;TETRAOCTILESTANHO
29319043;CIEXATIN
29319044;HIDR XIDO DE TRIFENILESTANHO
29319045;XIDO DE FEMBUTATINA
29319046;SAIS DE DIMETIL-ESTANHO, DE DIBUTIL-ESTANHO E DE DIOCTIL-ESTANHO, DOS  CIDOS CARBOX LICOS OU TIOGLIC LICOS E DE SEUS  STERES
29319049;OUTROS
2931905;COMPOSTOS ORGANOARSENIAIS
29319051;CIDO METILARS NICO E SEUS SAIS
29319052;2-CLOROVINIL-DICLOROARSINA
29319053;BIS(2-CLOROVINIL)CLOROARSINA
29319054;TRIS(2-CLOROVINIL)ARSINA
29319059;OUTROS
2931906;COMPOSTOS ORGANOALUM NICOS
29319061;TRICLORETO DE ETILALUM NIO (SESQUICLORETO DE ETILALUM NIO)
29319062;CLORETO DE DIETILALUM NIO
29319069;OUTROS
29319090;OUTROS
2932;COMPOSTOS HETEROC CLICOS EXCLUSIVAMENTE DE HETERO TOMO(S) DE OXIG NIO.
29321;- COMPOSTOS CUJA ESTRUTURA CONT M UM CICLO FURANO (HIDROGENADO OU N O) N O CONDENSADO:
29321100;-- TETRA-HIDROFURANO
29321200;-- 2-FURALDE DO (FURFURAL)
293213;--  LCOOL FURFUR LICO E  LCOOL TETRA-HIDROFURFUR LICO
29321310;LCOOL FURFUR LICO
29321320;LCOOL TETRA-HIDROFURFUR LICO
29321400;-- SUCRALOSE
293219;-- OUTROS
29321910;RANITIDINA E SEUS SAIS
29321920;NAFRONIL
29321930;NITROVIN
29321940;BIORESMETRINA
29321950;DIACETATO DE 5-NITROFURFURILIDENO (NFDA)
29321990;OUTROS
29322000;- LACTONAS
29329;- OUTROS:
29329100;-- ISOSAFROL
29329200;-- 1-(1,3-BENZODIOXOL-5-IL)PROPAN-2-ONA
29329300;-- PIPERONAL
29329400;-- SAFROL
29329500;-- TETRA-HIDROCANABIN IS (TODOS OS IS MEROS)
29329600;-- CARBOFURANO (ISO)
293299;-- OUTROS
2932991;"EUCALIPTOL; QUERCETINA; DINITRATO DE ISOSSORBIDA"
29329911;EUCALIPTOL
29329912;QUERCETINA
29329913;DINITRATO DE ISOSSORBIDA
2932999;OUTROS
29329991;CLORIDRATO DE AMIODARONA
29329992;1,3,4,6,7,8-HEXAIDRO-4,6,6,7,8,8-HEXAMETILCICLOPENTA-GAMA-2-BENZOPIRANO
29329993;DIBENZILIDENO-SORBITOL
29329994;CARBOSULFAN ((DIBUTILAMINOTIO)METILCARBAMATO DE 2,3-DI-HIDRO-2,2-DIMETILBENZOFURAN-7-ILA)
29329999;OUTROS
2933;COMPOSTOS HETEROC CLICOS EXCLUSIVAMENTE DE HETERO TOMO(S) DE NITROG NIO (AZOTO).
29331;- COMPOSTOS CUJA ESTRUTURA CONT M UM CICLO PIRAZOL (HIDROGENADO OU N O) N O CONDENSADO:
293311;-- FENAZONA (ANTIPIRINA) E SEUS DERIVADOS
2933111;CIDO 1-FENIL-2,3-DIMETIL-5-PIRAZOLONA-4-METILAMINOMETANOSSULF NICO E SEUS SAIS
29331111;DIPIRONA
29331112;MAGNOPIROL (DIPIRONA MAGN SICA)
29331119;OUTROS
29331120;METILENO-BIS(4-METILAMINO-1-FENIL-2,3-DIMETIL)PIRAZOLONA
29331190;OUTROS
293319;-- OUTROS
2933191;FENILBUTAZONA E SEUS SAIS
29331911;FENILBUTAZONA C LCICA
29331919;OUTROS
29331990;OUTROS
29332;- COMPOSTOS CUJA ESTRUTURA CONT M UM CICLO IMIDAZOL (HIDROGENADO OU N O) N O CONDENSADO:
293321;-- HIDANTO NA E SEUS DERIVADOS
29332110;IPRODIONA
2933212;FENITO NA E SEUS SAIS
29332121;FENITO NA E SEU SAL S DICO
29332129;OUTROS
29332190;OUTROS
293329;-- OUTROS
2933291;CUJA ESTRUTURA CONT M UM CICLO NITROIMIDAZOL
29332911;2-METIL-5-NITROIMIDAZOL
29332912;METRONIDAZOL E SEUS SAIS
29332913;TINIDAZOL
29332919;OUTROS
2933292;CUJA ESTRUTURA CONT M UM CICLO BENZENO CLORADO, EXCETO OS QUE CONTENHAM UM CICLO NITROIMIDAZOL
29332921;ECONAZOL E SEU NITRATO
29332922;NITRATO DE MICONAZOL
29332923;CLORIDRATO DE CLONIDINA
29332924;NITRATO DE ISOCONAZOL
29332925;CLOTRIMAZOL
29332929;OUTROS
29332930;CIMETIDINA E SEUS SAIS
29332940;4-METIL-5-HIDROXIMETILIMIDAZOL E SEUS SAIS
2933299;OUTROS
29332991;IMIDAZOL
29332992;HISTIDINA E SEUS SAIS
29332993;ONDANSETRON E SEUS SAIS
29332994;1-HIDROXIETIL-2-UNDECANOILIMIDAZOLINA
29332995;1-HIDROXIETIL-2-(8-HEPTADECENOIL)IMIDAZOLINA
29332999;OUTROS
29333;- COMPOSTOS CUJA ESTRUTURA CONT M UM CICLO PIRIDINA (HIDROGENADO OU N O) N O CONDENSADO:
293331;-- PIRIDINA E SEUS SAIS
29333110;PIRIDINA
29333120;SAIS
29333200;-- PIPERIDINA E SEUS SAIS
293333;"-- ALFENTANILA (DCI), ANILERIDINA (DCI), BEZITRAMIDA (DCI), BROMAZEPAM (DCI), CARFENTANILA (DCI), CETOBEMIDONA (DCI), DIFENOXILATO (DCI), DIFENOXINA (DCI), DIPIPANONA (DCI), FENCICLIDINA (DCI) (PCP), FENOPERIDINA (DCI), FENTANILA (DCI), METILFENIDATO (DCI), PENTAZOCINA (DCI), PETIDINA (DCI), INTERMEDI RIO A DA PETIDINA (DCI), PIPRADROL (DCI), PIRITRAMIDA (DCI), PROPIRAM (DCI), REMIFENTANILA (DCI) E TRIMEPERIDINA (DCI); SAIS DESTES PRODUTOS"
2933331;"ALFENTANILA E ANILERIDINA; SAIS DESTES PRODUTOS"
29333311;ALFENTANILA
29333312;ANILERIDINA
29333319;OUTROS
2933332;"BEZITRAMIDA E BROMAZEPAM; SAIS DESTES PRODUTOS"
29333321;BEZITRAMIDA
29333322;BROMAZEPAM
29333329;OUTROS
2933333;"CARFENTANILA E CETOBEMIDONA; SAIS DESTES PRODUTOS"
29333331;CARFENTANILA
29333332;CETOBEMIDONA
29333339;OUTROS
2933334;DIFENOXILATO E SEUS SAIS
29333341;DIFENOXILATO
29333342;CLORIDRATO DE DIFENOXILATO
29333349;OUTROS
2933335;"DIFENOXINA E DIPIPANONA; SAIS DESTES PRODUTOS"
29333351;DIFENOXINA
29333352;DIPIPANONA
29333359;OUTROS
2933336;"FENCICLIDINA, FENOPERIDINA E FENTANILA; SAIS DESTES PRODUTOS"
29333361;FENCICLIDINA
29333362;FENOPERIDINA
29333363;FENTANILA
29333369;OUTROS
2933337;"METILFENIDATO E PENTAZOCINA; SAIS DESTES PRODUTOS"
29333371;METILFENIDATO
29333372;PENTAZOCINA
29333379;OUTROS
2933338;"PETIDINA, INTERMEDI RIO A DA PETIDINA E PIPRADROL; SAIS DESTES PRODUTOS"
29333381;PETIDINA
29333382;INTERMEDI RIO A DA PETIDINA
29333383;PIPRADROL
29333384;CLORIDRATO DE PETIDINA
29333389;OUTROS
2933339;"PIRITRAMIDA, PROPIRAM, REMIFENTANILA E TRIMEPERIDINA; SAIS DESTES PRODUTOS"
29333391;PIRITRAMIDA
29333392;PROPIRAM
29333393;TRIMEPERIDINA
29333394;REMIFENTANILA
29333399;OUTROS
29333400;-- OUTRAS FENTANILAS E SEUS DERIVADOS
29333500;-- QUINUCLIDIN-3-OL
29333600;-- 4-ANILINO-N-FENETILPIPERIDINA (ANPP)
29333700;-- N-FENETIL-4-PIPERIDONA (NPP)
293339;-- OUTROS
2933391;CUJA ESTRUTURA CONT M FL OR, BROMO OU AMBOS, EM LIGA  O COVALENTE
29333912;DROPERIDOL
29333913;CIDO NIFL MICO
29333914;HALOXIFOP ( CIDO (RS)-2-(4-(3-CLORO-5-TRIFLUOROMETIL-2-PIRIDILOXI)FENOXI)PROPI NICO)
29333915;HALOPERIDOL
29333919;OUTROS
2933392;CUJA ESTRUTURA CONT M CLORO, MAS N O CONT M FL OR NEM BROMO, EM LIGA  O COVALENTE
29333921;PICLORAM
29333922;CLORPIRIF S
29333923;MALATO  CIDO DE CLEBOPRIDA (MALATO DE CLEBOPRIDA)
29333924;CLORIDRATO DE LOPERAMIDA
29333925;CIDO 2-(2-METIL-3-CLOROANILINO)NICOT NICO E SEU SAL DE LISINA
29333929;OUTROS
2933393;CUJA ESTRUTURA CONT M FUN  ES  LCOOL,  CIDO CARBOX LICO OU AMBAS, MAS N O CONT M HALOG NIOS EM LIGA  O COVALENTE
29333931;TERFENADINA
29333932;BIPERIDENO E SEUS SAIS
29333933;CIDO ISONICOT NICO
29333934;5-ETIL-2,3-DICARBOXIPIRIDINA (5-EPDC)
29333935;IMAZETAPIR ( CIDO (RS)-5-ETIL-2-(4-ISOPROPIL-4-METIL-5-OXO-2-IMIDAZOLIN-2-IL)NICOT NICO)
29333936;DIBROMETO DE 1-[N,N-DIALQUILA (DE AT  C10) -N-(N-HIDROXIALQUIL (DE AT  C10))AM NIO]-N-[N-(3-DIMETILCARBAMOXI-ALFA-PICOLINIL)-N,N-DIALQUIL (DE AT  C10) AM NIO]DECANO (N=1-8)
29333937;BENZILATO DE 3-QUINUCLIDINILA
29333939;OUTROS
2933394;CUJA ESTRUTURA CONT M FUN  ES  TER,  STER OU AMBAS, MAS N O CONT M FUN  ES  LCOOL OU  CIDO CARBOX LICO NEM HALOG NIOS EM LIGA  O COVALENTE
29333941;DIBROMETO DE 1-[N,N-DIALQUILA (DE AT  C10) -N-(N-(CIANO, ACETOXI)ALQUIL (DE AT  C10))AM NIO]-N-[N-(3-DIMETILCARBAMOXI-ALFA-PICOLINIL)-N,N-DIALQUIL (DE AT  C10) AM NIO]DECANO (N=1-8)
29333942;DIBROMETO DE 1,N-BIS[N-(3-DIMETILCARBAMOXI-ALFA-PICOLIL)-N,N-DIALQUILA (DE AT  C10) AM NIO]-ALCANO-(2,(N-1)-DIONA) (N=2-12)
29333943;NIFEDIPINA
29333944;NITRENDIPINA
29333945;MALEATO DE PIRILAMINA
29333946;OMEPRAZOL
29333948;NIMODIPINA
29333949;OUTROS
2933398;OUTROS, CUJA ESTRUTURA CONT M UM CICLO PIRIDINA (HIDROGENADO OU N O) N-SUBSTITU DO COM RADICAIS ALQUILA OU ARILA
29333981;CLORIDRATO DE BENZETIMIDA
29333982;CLORIDRATO DE MEPIVACA NA
29333983;CLORIDRATO DE BUPIVACA NA
29333984;DICLORETO DE PARAQUATE
29333989;OUTROS
2933399;OUTROS
29333991;CLORIDRATO DE FENAZOPIRIDINA
29333992;ISONIAZIDA
29333993;3-CIANOPIRIDINA
29333994;4,4'-BIPIRIDINA
29333999;OUTROS
29334;- COMPOSTOS CUJA ESTRUTURA CONT M CICLOS QUINOLE NA OU ISOQUINOLE NA (HIDROGENADOS OU N O) SEM OUTRAS CONDENSA  ES:
293341;-- LEVORFANOL (DCI) E SEUS SAIS
29334110;LEVORFANOL
29334120;SAIS
293349;-- OUTROS
2933491;DERIVADOS DO  CIDO QUINOLINOCARBOX LICO
29334911;CIDO 2,3-QUINOLINODICARBOX LICO
29334912;ROSOXACINA
29334913;IMAZAQUIN
29334919;OUTROS
29334920;OXAMINIQUINA
29334930;BROXIQUINOLINA
29334940;STERES DO LEVORFANOL
29334990;OUTROS
29335;- COMPOSTOS CUJA ESTRUTURA CONT M UM CICLO PIRIMIDINA (HIDROGENADO OU N O) OU PIPERAZINA:
29335200;-- MALONILUREIA ( CIDO BARBIT RICO) E SEUS SAIS
293353;"-- ALOBARBITAL (DCI), AMOBARBITAL (DCI), BARBITAL (DCI), BUTALBITAL (DCI), BUTOBARBITAL, CICLOBARBITAL (DCI), FENOBARBITAL (DCI), METILFENOBARBITAL (DCI), PENTOBARBITAL (DCI), SECBUTABARBITAL (DCI), SECOBARBITAL (DCI) E VINILBITAL (DCI); SAIS DESTES PRODUTOS"
2933531;"ALOBARBITAL E AMOBARBITAL; SAIS DESTES PRODUTOS"
29335311;ALOBARBITAL E SEUS SAIS
29335312;AMOBARBITAL E SEUS SAIS
2933532;"BARBITAL, BUTALBITAL E BUTOBARBITAL; SAIS DESTES PRODUTOS"
29335321;BARBITAL E SEUS SAIS
29335322;BUTALBITAL E SEUS SAIS
29335323;BUTOBARBITAL E SEUS SAIS
29335330;CICLOBARBITAL E SEUS SAIS
29335340;FENOBARBITAL E SEUS SAIS
29335350;METILFENOBARBITAL E SEUS SAIS
29335360;PENTOBARBITAL E SEUS SAIS
2933537;"SECBUTABARBITAL E SECOBARBITAL; SAIS DESTES PRODUTOS"
29335371;SECBUTABARBITAL E SEUS SAIS
29335372;SECOBARBITAL E SEUS SAIS
29335380;VENILBITAL E SEUS SAIS
29335400;"-- OUTROS DERIVADOS DE MALONILUREIA ( CIDO BARBIT RICO); SAIS DESTES PRODUTOS"
293355;"-- LOPRAZOLAM (DCI), MECLOQUALONA (DCI), METAQUALONA (DCI) E ZIPEPROL (DCI); SAIS DESTES PRODUTOS"
29335510;LOPRAZOLAM E SEUS SAIS
29335520;MECLOQUALONA E SEUS SAIS
29335530;METAQUALONA E SEUS SAIS
29335540;ZIPEPROL E SEUS SAIS
293359;-- OUTROS
2933591;CUJA ESTRUTURA CONT M UM CICLO PIPERAZINA
29335911;OXATOMIDA
29335912;PRAZIQUANTEL
29335913;NORFLOXACINA E SEU NICOTINATO
29335914;FLUNARIZINA E SEU DICLORIDRATO
29335915;"ENROFLOXACINA; SAIS DE PIPERAZINA"
29335916;CLORIDRATO DE BUSPIRONA
29335919;OUTROS
2933592;CUJA ESTRUTURA CONT M UM CICLO PIRIMIDINA (HIDROGENADO OU N O) E HALOG NIOS EM LIGA  O COVALENTE
29335921;BROMACIL
29335922;TERBACIL
29335923;FLUOROURACIL
29335929;OUTROS
2933593;CUJA ESTRUTURA CONT M UM CICLO PIRIMIDINA (HIDROGENADO OU N O) E ENXOFRE, MAS N O CONT M HALOG NIOS EM LIGA  O COVALENTE
29335931;PROPILTIOURACIL
29335932;DIAZINON
29335933;PIRAZOF S
29335934;AZATIOPRINA
29335935;6-MERCAPTOPURINA
29335939;OUTROS
2933594;CUJA ESTRUTURA CONT M UM CICLO PIRIMIDINA (HIDROGENADO OU N O) E FUN  ES  LCOOL,  TER OU AMBAS, MAS N O CONT M HALOG NIOS EM LIGA  O COVALENTE NEM ENXOFRE
29335941;TRIMETOPRIMA
29335942;ACICLOVIR
29335943;TOSILATOS DE DIPIRIDAMOL
29335944;NICARBAZINA
29335945;BISSULFITO DE MENADIONA DIMETILPIRIMIDINOL
29335949;OUTROS
2933599;OUTROS
29335991;MINOXIDIL
29335992;2-AMINOPIRIMIDINA
29335999;OUTROS
29336;- COMPOSTOS CUJA ESTRUTURA CONT M UM CICLO TRIAZINA (HIDROGENADO OU N O) N O CONDENSADO:
29336100;-- MELAMINA
293369;-- OUTROS
2933691;CUJA ESTRUTURA CONT M CLORO EM LIGA  O COVALENTE
29336911;2,4,6-TRICLOROTRIAZINA (CLORETO CIAN RICO)
29336912;MERCAPTODICLOROTRIAZINA
29336913;ATRAZINA
29336914;SIMAZINA
29336915;CIANAZINA
29336916;ANILAZINA
29336919;OUTROS
2933692;CUJA ESTRUTURA CONT M FUN  ES OXIGENADAS, MAS N O CONT M CLORO EM LIGA  O COVALENTE
29336921;N,N,N-TRIIDROXIETILEXAIDROTRIAZINA
29336922;HEXAZINONA
29336923;METRIBUZIM
29336929;OUTROS
2933699;OUTROS
29336991;AMETRINA
29336992;METENAMINA E SEUS SAIS
29336999;OUTROS
29337;- LACTAMAS:
29337100;-- 6-HEXANOLACTAMA ( PSILON-CAPROLACTAMA)
293372;-- CLOBAZAM (DCI) E METIPRILONA (DCI)
29337210;CLOBAZAM
29337220;METIPRILONA
293379;-- OUTRAS LACTAMAS
29337910;PIRACETAM
29337990;OUTRAS
29339;- OUTROS:
293391;"-- ALPRAZOLAM (DCI), CAMAZEPAM (DCI), CLONAZEPAM (DCI), CLORAZEPATO, CLORDIAZEP XIDO (DCI), DELORAZEPAM (DCI), DIAZEPAM (DCI), ESTAZOLAM (DCI), FLUDIAZEPAM (DCI), FLUNITRAZEPAM (DCI), FLURAZEPAM (DCI), HALAZEPAM (DCI), LOFLAZEPATO DE ETILA (DCI), LORAZEPAM (DCI), LORMETAZEPAM (DCI), MAZINDOL (DCI), MEDAZEPAM (DCI), MIDAZOLAM (DCI), NIMETAZEPAM (DCI), NITRAZEPAM (DCI), NORDAZEPAM (DCI), OXAZEPAM (DCI), PINAZEPAM (DCI), PIROVALERONA (DCI), PRAZEPAM (DCI), TEMAZEPAM (DCI), TETRAZEPAM (DCI) E TRIAZOLAM (DCI); SAIS DESTES PRODUTOS"
2933911;"ALPRAZOLAM, CAMAZEPAM, CLONAZEPAM, CLORAZEPATO E CLORODIAZEP XIDO; SAIS DESTES PRODUTOS"
29339111;ALPRAZOLAM
29339112;CAMAZEPAM
29339113;CLONAZEPAM
29339114;CLORAZEPATO
29339115;CLORDIAZEP XIDO
29339119;OUTROS
2933912;"DELORAZEPAM, DIAZEPAM E ESTAZOLAM; SAIS DESTES PRODUTOS"
29339121;DELORAZEPAM
29339122;DIAZEPAM
29339123;ESTAZOLAM
29339129;OUTROS
2933913;"FLUDIAZEPAM, FLUNITRAZEPAM, FLURAZEPAM E HALAZEPAM; SAIS DESTES PRODUTOS"
29339131;FLUDIAZEPAM
29339132;FLUNITRAZEPAM
29339133;FLURAZEPAM
29339134;HALAZEPAM
29339139;OUTROS
2933914;"LOFLAZEPATO DE ETILA, LORAZEPAM E LORMETAZEPAM; SAIS DESTES PRODUTOS"
29339141;LOFLAZEPATO DE ETILA
29339142;LORAZEPAM
29339143;LORMETAZEPAM
29339149;OUTROS
2933915;"MAZINDOL, MEDAZEPAM E MIDAZOLAM; SAIS DESTES PRODUTOS"
29339151;MAZINDOL
29339152;MEDAZEPAM
29339153;MIDAZOLAM E SEUS SAIS
29339159;OUTROS
2933916;"NIMETAZEPAM, NITRAZEPAM, NORDAZEPAM E OXAZEPAM; SAIS DESTES PRODUTOS"
29339161;NIMETAZEPAM
29339162;NITRAZEPAM
29339163;NORDAZEPAM
29339164;OXAZEPAM
29339169;OUTROS
2933917;"PINAZEPAM, PIROVALERONA E PRAZEPAM; SAIS DESTES PRODUTOS"
29339171;PINAZEPAM
29339172;PIROVALERONA
29339173;PRAZEPAM
29339179;OUTROS
2933918;"TEMAZEPAM, TETRAZEPAM E TRIAZOLAM; SAIS DESTES PRODUTOS"
29339181;TEMAZEPAM
29339182;TETRAZEPAM
29339183;TRIAZOLAM
29339189;OUTROS
29339200;-- AZINF S METIL (ISO)
293399;-- OUTROS
2933991;CUJA ESTRUTURA CONT M UM CICLO PIRAZINA N O CONDENSADO OU CICLOS INDOL (HIDROGENADOS OU N O) SEM OUTRAS CONDENSA  ES
29339911;PIRAZINAMIDA
29339912;CLORIDRATO DE AMILORIDA
29339913;PINDOLOL
29339919;OUTROS
29339920;CUJA ESTRUTURA CONT M UM CICLO DIAZEPINA (HIDROGENADO OU N O)
2933993;CUJA ESTRUTURA CONT M UM CICLO AZEPINA (HIDROGENADO OU N O)
29339931;DIBENZOAZEPINA (IMINOESTILBENO)
29339932;CARBAMAZEPINA
29339933;CLORIDRATO DE CLOMIPRAMINA
29339934;MOLINATE (HEXAIDROAZEPIN-1-CARBOTIOATO DE S-ETILA)
29339935;HEXAMETILENOIMINA
29339939;OUTROS
2933994;CUJA ESTRUTURA CONT M UM CICLO PIRROL (HIDROGENADO OU N O)
29339941;"CLEMASTINA E SEUS DERIVADOS; SAIS DESTES PRODUTOS"
29339942;AMISULPRIDA
29339943;SULTOPRIDA
29339944;ALIZAPRIDA
29339945;"BUFLOMEDIL E SEUS DERIVADOS; SAIS DESTES PRODUTOS"
29339946;MALEATO DE ENALAPRIL
29339947;KETOROLAC TROMETAMINA
29339949;OUTROS
2933995;CUJA ESTRUTURA CONT M UM CICLO IMIDAZOL (HIDROGENADOS OU N O)
29339951;BENOMIL
29339952;OXIFENDAZOL
29339953;ALBENDAZOL E SEU SULF XIDO
29339954;MEBENDAZOL
29339955;FLUBENDAZOL
29339956;FEMBENDAZOL
29339959;OUTROS
2933996;CUJA ESTRUTURA CONT M UM CICLO TRIAZOL (HIDROGENADO OU N O), N O CONDENSADO
29339961;TRIADIMENOL
29339962;TRIADIMEFON
29339963;TRIAZOF S (FOSFOROTIOATO DE O,O-DIETILA O-(1-FENIL-1H-1,2,4-TRIAZOL-3-ILA))
29339969;OUTROS
2933999;OUTROS
29339991;AZINF S ET LICO
29339992;CIDO NALID XICO
29339993;CLOFAZIMINA
29339995;METILSSULFATO DE AMEZ NIO
29339996;HIDRAZIDA MALEICA E SEUS SAIS
29339999;OUTROS
2934;"CIDOS NUCLEICOS E SEUS SAIS, DE CONSTITUI  O QU MICA DEFINIDA OU N O; OUTROS COMPOSTOS HETEROC CLICOS."
293410;- COMPOSTOS CUJA ESTRUTURA CONT M UM CICLO TIAZOL (HIDROGENADO OU N O) N O CONDENSADO
29341010;FENTIAZAC
29341020;CLORIDRATO DE TIAZOLIDINA
29341030;TIABENDAZOL
29341090;OUTROS
293420;- COMPOSTOS CUJA ESTRUTURA CONT M CICLOS BENZOTIAZOL (HIDROGENADOS OU N O) SEM OUTRAS CONDENSA  ES
29342010;2-MERCAPTOBENZOTIAZOL E SEUS SAIS
29342020;2,2'-DITIO-BIS(BENZOTIAZOL) (DISSULFETO DE BENZOTIAZILA)
2934203;BENZOTIAZOL SULFENAMIDAS
29342031;2-(TERBUTILAMINOTIO)BENZOTIAZOL (N-TERBUTIL-BENZOTIAZOL-SULFENAMIDA)
29342032;2-(CICLOEXILAMINOTIO)BENZOTIAZOL (N-CICLOEXIL-BENZOTIAZOL-SULFENAMIDA)
29342033;2-(DICICLOEXILAMINOTIO)BENZOTIAZOL (N,N-DICICLOEXIL-BENZOTIAZOL-SULFENAMIDA)
29342034;2-(4-MORFOLINILTIO)BENZOTIAZOL (N-OXIDIETILENO-BENZOTIAZOL-SULFENAMIDA)
29342039;OUTRAS
29342040;2-(TIOCIANOMETILTIO)BENZOTIAZOL (TCMTB)
29342090;OUTROS
293430;- COMPOSTOS CUJA ESTRUTURA CONT M CICLOS FENOTIAZINA (HIDROGENADOS OU N O) SEM OUTRAS CONDENSA  ES
29343010;MALEATO DE METOTRIMEPRAZINA (MALEATO DE LEVOMEPROMAZINA)
29343020;ENANTATO DE FLUFENAZINA
29343030;PROMETAZINA
29343090;OUTROS
29349;- OUTROS:
293491;"-- AMINOREX (DCI), BROTIZOLAM (DCI), CLOTIAZEPAM (DCI), CLOXAZOLAM (DCI), DEXTROMORAMIDA (DCI), FENDIMETRAZINA (DCI), FENMETRAZINA (DCI), HALOXAZOLAM (DCI), KETAZOLAM (DCI), MESOCARBO (DCI), OXAZOLAM (DCI), PEMOLINA (DCI) E SUFENTANILA (DCI); SAIS DESTES PRODUTOS"
2934911;"AMINOREX E BROTIZOLAN; SAIS DESTES PRODUTOS"
29349111;AMINOREX E SEUS SAIS
29349112;BROTIZOLAM E SEUS SAIS
2934912;"CLOTIAZEPAM, CLOXAZOLAM E DEXTROMORAMIDA; SAIS DESTES PRODUTOS"
29349121;CLOTIAZEPAM
29349122;CLOXAZOLAM
29349123;DEXTROMORAMIDA
29349129;OUTROS
2934913;"FENDIMETRAZINA, FENMETRAZINA E HALOXAZOLAM; SAIS DESTES PRODUTOS"
29349131;FENDIMETRAZINA E SEUS SAIS
29349132;FENMETRAZINA E SEUS SAIS
29349133;HALOXAZOLAM E SEUS SAIS
2934914;"KETAZOLAM E MESOCARBO; SAIS DESTES PRODUTOS"
29349141;KETAZOLAM
29349142;MESOCARBO
29349149;OUTROS
29349150;OXAZOLAM E SEUS SAIS
29349160;PEMOLINA E SEUS SAIS
29349170;SUFENTANILA E SEUS SAIS
29349200;-- OUTRAS FENTANILAS E SEUS DERIVADOS
293499;-- OUTROS
2934991;CUJA ESTRUTURA CONT M UM CICLO OXAZINA (HIDROGENADO OU N O), EXCETO OS QUE CONTENHAM HETERO TOMO(S) DE ENXOFRE
29349911;MORFOLINA E SEUS SAIS
29349912;PIRENOXINA S DICA (CATALINO S DICO)
29349913;NIMORAZOL
29349914;ANIDRIDO ISATOICO (2H-3,1-BENZOXAZINA-2,4-(1H)-DIONA)
29349915;4,4'-DITIODIMORFOLINA
29349919;OUTROS
2934992;CUJA ESTRUTURA CONT M EXCLUSIVAMENTE 3 HETERO TOMOS DE NITROG NIO (AZOTO) E OXIG NIO EM CONJUNTO, EXCETO OS  CIDOS NUCLEICOS E SEUS SAIS E OS PRODUTOS COMPREENDIDOS NO ITEM 2934.99.1
29349922;ZIDOVUDINA (AZT)
29349923;TIMIDINA
29349924;FURAZOLIDONA
29349925;CITARABINA
29349926;OXADIAZONA
29349927;ESTAVUDINA
29349929;OUTROS
2934993;OUTROS, CUJA ESTRUTURA CONT M EXCLUSIVAMENTE HETERO TOMOS DE NITROG NIO (AZOTO) E OXIG NIO
29349931;CETOCONAZOL
29349932;CLORIDRATO DE PRAZOSINA
29349933;TALNIFLUMATO
29349934;CIDOS NUCLEICOS E SEUS SAIS
29349935;PROPICONAZOL
29349939;OUTROS
2934994;CUJA ESTRUTURA CONT M EXCLUSIVAMENTE AT  2 HETERO TOMOS DE ENXOFRE OU UM DE ENXOFRE E UM DE NITROG NIO (AZOTO)
29349941;TIOFENO
29349942;CIDO 6-AMINOPENICIL NICO
29349943;CIDO 7-AMINOCEFALOSPOR NICO
29349944;CIDO 7-AMINODESACETOXICEFALOSPOR NICO
29349945;CLORMEZANONA
29349946;9-(N-METIL-4-PIPERIDINILIDENO)TIOXANTENO
29349949;OUTROS
2934995;CUJA ESTRUTURA CONT M EXCLUSIVAMENTE 3 HETERO TOMOS DE ENXOFRE E NITROG NIO (AZOTO) EM CONJUNTO
29349951;TEBUTIURON
29349952;TETRAMISOL
29349953;LEVAMISOL E SEUS SAIS
29349954;TIOCONAZOL
29349959;OUTROS
2934996;OUTROS, CUJA ESTRUTURA CONT M EXCLUSIVAMENTE HETERO TOMOS DE ENXOFRE OU DE ENXOFRE E NITROG NIO (AZOTO)
29349961;CLORIDRATO DE TIZANIDINA
29349969;OUTROS
2934999;OUTROS
29349991;TIMOLOL
29349992;MALEATO  CIDO DE TIMOLOL
29349993;LAMIVUDINA
29349999;OUTROS
2935;SULFONAMIDAS.
29351000;- N-METILPERFLUOROCTANO SULFONAMIDA
29352000;- N-ETILPERFLUOROCTANO SULFONAMIDA
29353000;- N-ETIL-N-(2-HIDROXIETIL)PERFLUOROCTANO SULFONAMIDA
29354000;- N-(2-HIDROXIETIL)-N-METILPERFLUOROCTANO SULFONAMIDA
29355000;- OUTRAS PERFLUOROCTANOSSULFONAMIDAS
293590;- OUTRAS
2935901;CUJA ESTRUTURA CONT M EXCLUSIVAMENTE HETEROCICLO(S) COM HETERO TOMO(S) DE NITROG NIO (AZOTO)
29359011;SULFADIAZINA E SEU SAL S DICO
29359012;CLORTALIDONA
29359013;SULPIRIDA
29359014;VERALIPRIDA
29359015;SULFAMETAZINA (4,6-DIMETIL-2-SULFANILAMIDOPIRIMIDINA) E SEU SAL S DICO
29359019;OUTRAS
2935902;CUJA ESTRUTURA CONT M OUTRO(S) HETEROCICLO(S)
29359021;FUROSEMIDA
29359022;FTALILSULFATIAZOL
29359023;PIROXICAM
29359024;TENOXICAM
29359025;SULFAMETOXAZOL
29359029;OUTRAS
2935909;OUTRAS
29359091;CLORAMINA-B E CLORAMINA-T
29359092;GLIBURIDA
29359093;TOLUENOSSULFONAMIDAS
29359094;NIMESULIDA
29359095;BUMETANIDA
29359096;SULFAGUANIDINA
29359099;OUTRAS
2936;PROVITAMINAS E VITAMINAS, NATURAIS OU REPRODUZIDAS POR S NTESE (INCLUINDO OS CONCENTRADOS NATURAIS), BEM COMO OS SEUS DERIVADOS UTILIZADOS PRINCIPALMENTE COMO VITAMINAS, MISTURADOS OU N O ENTRE SI, MESMO EM QUAISQUER SOLU  ES.
29362;- VITAMINAS E SEUS DERIVADOS, N O MISTURADOS:
293621;-- VITAMINAS A E SEUS DERIVADOS
2936211;VITAMINA A1  LCOOL (RETINOL) E SEUS DERIVADOS
29362111;VITAMINA A1  LCOOL (RETINOL)
29362112;ACETATO
29362113;PALMITATO
29362119;OUTROS
29362190;OUTROS
293622;-- VITAMINA B1 E SEUS DERIVADOS
29362210;CLORIDRATO DE VITAMINA B1 (CLORIDRATO DE TIAMINA)
29362220;MONONITRATO DE VITAMINA B1 (MONONITRATO DE TIAMINA)
29362290;OUTROS
293623;-- VITAMINA B2 E SEUS DERIVADOS
29362310;VITAMINA B2 (RIBOFLAVINA)
29362320;5'-FOSFATO S DICO DE VITAMINA B2 (5'-FOSFATO S DICO DE RIBOFLAVINA)
29362390;OUTROS
293624;--  CIDO D- OU DL-PANTOT NICO (VITAMINA B5) E SEUS DERIVADOS
29362410;D-PANTOTENATO DE C LCIO
29362490;OUTROS
293625;-- VITAMINA B6 E SEUS DERIVADOS
29362510;VITAMINA B6
29362520;CLORIDRATO DE PIRIDOXINA
29362590;OUTROS
293626;-- VITAMINA B12 E SEUS DERIVADOS
29362610;VITAMINA B12 (CIANOCOBALAMINA)
29362620;COBAMAMIDA
29362630;HIDROXOCOBALAMINA E SEUS SAIS
29362690;OUTROS
293627;-- VITAMINA C E SEUS DERIVADOS
29362710;VITAMINA C ( CIDO L- OU DL-ASC RBICO)
29362720;ASCORBATO DE S DIO
29362790;OUTROS
293628;-- VITAMINA E E SEUS DERIVADOS
2936281;D- OU DL-ALFA-TOCOFEROL E SEUS DERIVADOS
29362811;D- OU DL-ALFA-TOCOFEROL
29362812;ACETATO DE D- OU DL-ALFA-TOCOFEROL
29362819;OUTROS
29362890;OUTROS
293629;-- OUTRAS VITAMINAS E SEUS DERIVADOS
2936291;VITAMINA B9 ( CIDO F LICO) E SEUS DERIVADOS
29362911;VITAMINA B9 ( CIDO F LICO) E SEUS SAIS
29362919;OUTROS
2936292;VITAMINAS D E SEUS DERIVADOS
29362921;VITAMINA D3 (COLECALCIFEROL)
29362929;OUTROS
2936293;VITAMINA H (BIOTINA) E SEUS DERIVADOS
29362931;VITAMINA H (BIOTINA)
29362939;OUTROS
29362940;VITAMINAS K E SEUS DERIVADOS
2936295;CIDO NICOT NICO E SEUS DERIVADOS
29362951;CIDO NICOT NICO
29362952;NICOTINAMIDA
29362953;NICOTINATO DE S DIO
29362959;OUTROS
29362990;OUTROS
29369000;- OUTRAS, INCLUINDO OS CONCENTRADOS NATURAIS
2937;"HORM NIOS, PROSTAGLANDINAS, TROMBOXANAS E LEUCOTRIENOS, NATURAIS OU REPRODUZIDOS POR S NTESE; SEUS DERIVADOS E AN LOGOS ESTRUTURAIS, INCLUINDO OS POLIPEPT DIOS DE CADEIA MODIFICADA, UTILIZADOS PRINCIPALMENTE COMO HORM NIOS."
29371;- HORM NIOS POLIPEPT DICOS, HORM NIOS PROTEICOS E HORM NIOS GLICOPROTEICOS, SEUS DERIVADOS E AN LOGOS ESTRUTURAIS:
29371100;-- SOMATOTROPINA, SEUS DERIVADOS E AN LOGOS ESTRUTURAIS
29371200;-- INSULINA E SEUS SAIS
293719;-- OUTROS
29371910;ACTH (CORTICOTROPINA)
29371920;HCG (GONADOTROPINA CORI NICA)
29371930;PMSG (GONADOTROPINA S RICA)
29371940;MENOTROPINAS
29371950;OXITOCINA
29371990;OUTROS
29372;- HORM NIOS ESTEROIDES, SEUS DERIVADOS E AN LOGOS ESTRUTURAIS:
293721;-- CORTISONA, HIDROCORTISONA, PREDNISONA (DEIDROCORTISONA) E PREDNISOLONA (DEIDROIDROCORTISONA)
29372110;CORTISONA
29372120;HIDROCORTISONA
29372130;PREDNISONA (DEIDROCORTISONA)
29372140;PREDNISOLONA (DEIDROIDROCORTISONA)
293722;-- DERIVADOS HALOGENADOS DOS HORM NIOS CORTICOSTEROIDES
29372210;DEXAMETASONA E SEUS ACETATOS
2937222;TRIANCINOLONA E SEUS DERIVADOS
29372221;ACETONIDA DA TRIANCINOLONA
29372229;OUTROS
2937223;FLUOCORTOLONA E SEUS DERIVADOS
29372231;VALERATO DE DIFLUCORTOLONA
29372239;OUTROS
29372290;OUTROS
293723;-- ESTROG NIOS E PROGESTOG NIOS
29372310;MEDROXIPROGESTERONA E SEUS DERIVADOS
2937232;NORGESTREL E SEUS DERIVADOS
29372321;L-NORGESTREL (LEVONORGESTREL)
29372322;DL-NORGESTREL
29372329;OUTROS
2937233;ESTRIOL, SEUS  STERES E SEUS SAIS
29372331;ESTRIOL E SEU SUCCINATO
29372339;OUTROS
2937234;"ESTRADIOL, SEUS  STERES E SEUS SAIS; DERIVADOS DESTES PRODUTOS"
29372341;HEMISSUCCINATO DE ESTRADIOL
29372342;FEMPROPIONATO DE ESTRADIOL (17-(3-FENILPROPIONATO) DE ESTRADIOL)
29372349;OUTROS
2937235;ALILESTRENOL, SEUS  STERES E SEUS SAIS
29372351;ALILESTRENOL
29372359;OUTROS
29372360;DESOGESTREL
29372370;LINESTRENOL
2937239;OUTROS
29372391;ACETATO DE ETINODIOL
29372392;GESTODENO
29372399;OUTROS
293729;-- OUTROS
29372910;METILPREDNISOLONA E SEUS DERIVADOS
29372920;21-SUCCINATO S DICO DE HIDROCORTISONA
2937293;CIPROTERONA E SEUS DERIVADOS
29372931;ACETATO DE CIPROTERONA
29372939;OUTROS
29372940;MESTEROLONA E SEUS DERIVADOS
29372950;ESPIRONOLACTONA
29372960;DEFLAZACORTE
29372990;OUTROS
29375000;- PROSTAGLANDINAS, TROMBOXANAS E LEUCOTRIENOS, SEUS DERIVADOS E AN LOGOS ESTRUTURAIS
293790;- OUTROS
29379010;TIRATRICOL (TRIAC) E SEU SAL S DICO
29379030;LEVOTIROXINA S DICA
29379040;LIOTIRONINA S DICA
29379090;OUTROS
2938;HETEROS DEOS, NATURAIS OU REPRODUZIDOS POR S NTESE, SEUS SAIS,  TERES,  STERES E OUTROS DERIVADOS.
29381000;- RUTOS DIO (RUTINA) E SEUS DERIVADOS
293890;- OUTROS
29389010;DESLANOS DIO
29389020;ESTEVIOS DIO
29389090;OUTROS
2939;ALCALOIDES, NATURAIS OU REPRODUZIDOS POR S NTESE, SEUS SAIS,  TERES,  STERES E OUTROS DERIVADOS.
29391;"- ALCALOIDES DO  PIO E SEUS DERIVADOS; SAIS DESTES PRODUTOS:"
293911;"-- CONCENTRADOS DE PALHA DE DORMIDEIRA (PAPOULA); BUPRENORFINA (DCI), CODE NA, DI-HIDROCODE NA (DCI), ETILMORFINA, ETORFINA (DCI), FOLCODINA (DCI), HERO NA, HIDROCODONA (DCI), HIDROMORFONA (DCI), MORFINA, NICOMORFINA (DCI), OXICODONA (DCI), OXIMORFONA (DCI), TEBACONA (DCI) E TEBA NA; SAIS DESTES PRODUTOS"
29391110;CONCENTRADOS DE PALHA DE DORMIDEIRA OU PAPOULA
2939112;"BUPRENORFINA, CODE NA E DI-HIDROCODE NA; SAIS DESTES PRODUTOS"
29391121;BUPRENORFINA E SEUS SAIS
29391122;CODE NA E SEUS SAIS
29391123;DI-HIDROCODE NA E SEUS SAIS
2939113;"ETILMORFINA E ETORFINA; SAIS DESTES PRODUTOS"
29391131;ETILMORFINA E SEUS SAIS
29391132;ETORFINA E SEUS SAIS
29391140;FOLCODINA E SEUS SAIS
2939115;"HERO NA, HIDROCODONA E HIDROMORFONA; SAIS DESTES PRODUTOS"
29391151;HERO NA E SEUS SAIS
29391152;HIDROCODONA E SEUS SAIS
29391153;HIDROMORFONA E SEUS SAIS
2939116;MORFINA E SEUS SAIS
29391161;MORFINA
29391162;CLORIDRATO E SULFATO DE MORFINA
29391169;OUTROS
29391170;NICOMORFINA E SEUS SAIS
2939118;"OXICODONA E OXIMORFONA; SAIS DESTES PRODUTOS"
29391181;OXICODONA E SEUS SAIS
29391182;OXIMORFONA E SEUS SAIS
2939119;"TEBACONA E TEBA NA; SAIS DESTES PRODUTOS"
29391191;TEBACONA E SEUS SAIS
29391192;TEBA NA E SEUS SAIS
29391900;-- OUTROS
29392000;"- ALCALOIDES DA QUINA E SEUS DERIVADOS; SAIS DESTES PRODUTOS"
293930;- CAFE NA E SEUS SAIS
29393010;CAFE NA
29393020;SAIS
29394;"- ALCALOIDES DA  FEDRA E SEUS DERIVADOS; SAIS DESTES PRODUTOS:"
29394100;-- EFEDRINA E SEUS SAIS
29394200;-- PSEUDOEFEDRINA (DCI) E SEUS SAIS
29394300;-- CATINA (DCI) E SEUS SAIS
29394400;-- NOREFEDRINA E SEUS SAIS
293945;-- LEVOMETANFETAMINA, METANFETAMINA (DCI), RACEMATO DE METANFETAMINA E SEUS SAIS
29394510;LEVOMETANFETAMINA E SEUS SAIS
29394520;METANFETAMINA E SEUS SAIS
29394530;RACEMATO DE METANFETAMINA E SEUS SAIS
29394900;-- OUTROS
29395;"- TEOFILINA E AMINOFILINA (TEOFILINA-ETILENODIAMINA) E SEUS DERIVADOS; SAIS DESTES PRODUTOS:"
29395100;-- FENETILINA (DCI) E SEUS SAIS
293959;-- OUTROS
29395910;TEOFILINA
29395920;AMINOFILINA
29395990;OUTROS
29396;"- ALCALOIDES DA CRAVAGEM DO CENTEIO (CENTEIO-ESPIGADO) E SEUS DERIVADOS; SAIS DESTES PRODUTOS:"
29396100;-- ERGOMETRINA (DCI) E SEUS SAIS
29396200;-- ERGOTAMINA (DCI) E SEUS SAIS
29396300;--  CIDO LIS RGICO E SEUS SAIS
293969;-- OUTROS
2939691;DERIVADOS DA ERGOMETRINA E SEUS SAIS
29396911;MALEATO DE METILERGOMETRINA
29396919;OUTROS
2939692;DERIVADOS DA ERGOTAMINA E SEUS SAIS
29396921;MESILATO DE DI-HIDROERGOTAMINA
29396929;OUTROS
2939693;"ERGOCORNINA E SEUS DERIVADOS; SAIS DESTES PRODUTOS"
29396931;MESILATO DE DI-HIDROERGOCORNINA
29396939;OUTROS
2939694;"ERGOCRIPTINA E SEUS DERIVADOS; SAIS DESTES PRODUTOS"
29396941;MESILATO DE ALFA-DI-HIDROERGOCRIPTINA
29396942;MESILATO DE BETA-DI-HIDROERGOCRIPTINA
29396949;OUTROS
2939695;"ERGOCRISTINA E SEUS DERIVADOS; SAIS DESTES PRODUTOS"
29396951;ERGOCRISTINA
29396952;METANOSSULFONATO DE DI-HIDROERGOCRISTINA
29396959;OUTROS
29396990;OUTROS
29397;- OUTROS, DE ORIGEM VEGETAL:
293972;"-- COCA NA, ECGONINA; SAIS,  STERES E OUTROS DERIVADOS DESTES PRODUTOS"
29397210;COCA NA E SEUS SAIS
29397220;ECGONINA E SEUS SAIS
29397290;OUTROS
293979;-- OUTROS
2939791;"ESCOPOLAMINA E SEUS DERIVADOS; SAIS DESTES PRODUTOS"
29397911;BROMETO DE N-BUTILESCOPOLAM NIO
29397919;OUTROS
29397920;"TEOBROMINA E SEUS DERIVADOS; SAIS DESTES PRODUTOS"
2939793;PILOCARPINA E SEUS SAIS
29397931;PILOCARPINA, SEU NITRATO E SEU CLORIDRATO
29397939;OUTROS
29397940;TIOCOLQUIC SIDO
29397990;OUTROS
293980;- OUTROS
29398010;SAXITOXINA
29398090;OUTROS
294000;"A  CARES QUIMICAMENTE PUROS, EXCETO SACAROSE, LACTOSE, MALTOSE, GLICOSE E FRUTOSE (LEVULOSE);  TERES, ACETAIS E  STERES DE A  CARES, E SEUS SAIS, EXCETO OS PRODUTOS DAS POSI  ES 29.37, 29.38 OU 29.39."
2940001;A  CARES QUIMICAMENTE PUROS
29400011;GALACTOSE
29400012;ARABINOSE
29400013;RAMNOSE
29400019;OUTROS
2940002;"CIDO LACTOBI NICO, SEUS SAIS E SEUS  STERES; DERIVADOS HALOGENADOS, SULFONADOS, NITRADOS OU NITROSADOS DESTES PRODUTOS"
29400021;CIDO LACTOBI NICO
29400022;LACTOBIONATO DE C LCIO
29400023;BROMOLACTOBIONATO DE C LCIO
29400029;OUTROS
2940009;OUTROS
29400092;FRUTOSE-1,6-DIFOSFATO DE C LCIO OU DE S DIO
29400093;MALTITOL
29400094;LACTOGLUCONATO DE C LCIO
29400099;OUTROS
2941;ANTIBI TICOS.
294110;"- PENICILINAS E SEUS DERIVADOS, COM A ESTRUTURA DO  CIDO PENICIL NICO; SAIS DESTES PRODUTOS"
29411010;AMPICILINA E SEUS SAIS
29411020;AMOXICILINA E SEUS SAIS
2941103;"PENICILINA V E SEUS DERIVADOS; SAIS DESTES PRODUTOS"
29411031;PENICILINA V POT SSICA
29411039;OUTROS
2941104;"PENICILINA G E SEUS DERIVADOS; SAIS DESTES PRODUTOS"
29411041;PENICILINA G POT SSICA
29411042;PENICILINA G BENZAT NICA
29411043;PENICILINA G PROCA NICA
29411049;OUTROS
29411090;OUTROS
294120;"- ESTREPTOMICINAS E SEUS DERIVADOS; SAIS DESTES PRODUTOS"
29412010;SULFATOS
29412090;OUTROS
294130;"- TETRACICLINAS E SEUS DERIVADOS; SAIS DESTES PRODUTOS"
29413010;CLORIDRATO DE TETRACICLINA
29413020;OXITETRACICLINA
2941303;MINOCICLINA E SEUS SAIS
29413031;MINOCICLINA
29413032;SAIS
29413090;OUTROS
294140;"- CLORANFENICOL E SEUS DERIVADOS; SAIS DESTES PRODUTOS"
2941401;CLORANFENICOL E SEUS  STERES
29414011;CLORANFENICOL, SEU PALMITATO, SEU SUCCINATO E SEU HEMISSUCCINATO
29414019;OUTROS
29414020;TIANFENICOL E SEUS  STERES
29414090;OUTROS
294150;"- ERITROMICINA E SEUS DERIVADOS; SAIS DESTES PRODUTOS"
29415010;CLARITROMICINA
29415020;ERITROMICINA E SEUS SAIS
29415090;OUTROS
294190;- OUTROS
2941901;"RIFAMICINAS E SEUS DERIVADOS; SAIS DESTES PRODUTOS"
29419011;RIFAMICINA S
29419012;RIFAMPICINA (RIFAMICINA AMP)
29419013;RIFAMICINA SV S DICA
29419019;OUTROS
2941902;"LINCOMICINA E SEUS DERIVADOS; SAIS DESTES PRODUTOS"
29419021;CLORIDRATO DE LINCOMICINA
29419022;FOSFATO DE CLINDAMICINA
29419029;OUTROS
2941903;"CEFALOSPORINAS E CEFAMICINAS, E SEUS DERIVADOS; SAIS DESTES PRODUTOS"
29419031;CEFTRIAXONA E SEUS SAIS
29419032;CEFOPERAZONA E SEUS SAIS, CEFAZOLINA S DICA
29419033;CEFACLOR E CEFALEXINA MONOIDRATADOS, CEFALOTINA S DICA
29419034;CEFADROXIL E SEUS SAIS
29419035;CEFOTAXIMA S DICA
29419036;CEFOXITINA E SEUS SAIS
29419037;CEFALOSPORINA C
29419039;OUTROS
2941904;AMINOGLUCOS DIOS E SEUS SAIS
29419041;SULFATO DE NEOMICINA
29419042;EMBONATO DE GENTAMICINA (PAMOATO DE GENTAMICINA)
29419043;SULFATO DE GENTAMICINA
29419049;OUTROS
2941905;MACROL DIOS E SEUS SAIS
29419051;EMBONATO DE ESPIRAMICINA (PAMOATO DE ESPIRAMICINA)
29419059;OUTROS
2941906;POLIENOS E SEUS SAIS
29419061;NISTATINA E SEUS SAIS
29419062;ANFOTERICINA B E SEUS SAIS
29419069;OUTROS
2941907;POLI TERES E SEUS SAIS
29419071;MONENSINA S DICA
29419072;NARASINA
29419073;AVILAMICINAS
29419079;OUTROS
2941908;POLIPEPT DIOS E SEUS SAIS
29419081;POLIMIXINAS E SEUS SAIS, EXCETO SULFATO DE COLISTINA
29419082;SULFATO DE COLISTINA
29419083;VIRGINIAMICINAS E SEUS SAIS
29419089;OUTROS
2941909;OUTROS
29419091;GRISEOFULVINA E SEUS SAIS
29419092;FUMARATO DE TIAMULINA
29419099;OUTROS
29420000;OUTROS COMPOSTOS ORG NICOS.
30;PRODUTOS FARMAC UTICOS.
3001;"GL NDULAS E OUTROS  RG OS PARA USOS OPOTER PICOS, DESSECADOS, MESMO EM P ; EXTRATOS DE GL NDULAS OU DE OUTROS  RG OS OU DAS SUAS SECRE  ES, PARA USOS OPOTER PICOS; HEPARINA E SEUS SAIS; OUTRAS SUBST NCIAS HUMANAS OU ANIMAIS PREPARADAS PARA FINS TERAP UTICOS OU PROFIL TICOS, N O ESPECIFICADAS NEM COMPREENDIDAS NOUTRAS POSI  ES."
300120;- EXTRATOS DE GL NDULAS OU DE OUTROS  RG OS OU DAS SUAS SECRE  ES
30012010;DE F GADO
30012090;OUTROS
300190;- OUTROS
30019010;HEPARINA E SEUS SAIS
30019020;PEDA OS DE PERIC RDIO DE ORIGEM BOVINA OU SU NA
3001903;GL NDULAS E OUTROS  RG OS, DESSECADOS, MESMO EM P
30019031;F GADOS
30019039;OUTROS
30019090;OUTROS
3002;"SANGUE HUMANO; SANGUE ANIMAL PREPARADO PARA USOS TERAP UTICOS, PROFIL TICOS OU DE DIAGN STICO; ANTISSOROS, OUTRAS FRA  ES DO SANGUE E PRODUTOS IMUNOL GICOS, MESMO MODIFICADOS OU OBTIDOS POR VIA BIOTECNOL GICA; VACINAS, TOXINAS, CULTURAS DE MICRORGANISMOS (EXCETO LEVEDURAS) E PRODUTOS SEMELHANTES; CULTURAS DE C LULAS, MESMO MODIFICADAS."
30021;- ANTISSOROS, OUTRAS FRA  ES DO SANGUE E PRODUTOS IMUNOL GICOS, MESMO MODIFICADOS OU OBTIDOS POR VIA BIOTECNOL GICA:
300212;-- ANTISSOROS E OUTRAS FRA  ES DO SANGUE
3002121;ANTISSOROS ESPEC FICOS DE ANIMAIS OU DE PESSOAS IMUNIZADOS
30021211;ANTIOF DICOS E OUTROS ANTIVENENOSOS
30021212;ANTITET NICO
30021213;ANTICATARRAL
30021214;ANTIPIOG NICO
30021215;ANTIDIFT RICO
30021216;POLIVALENTES
30021219;OUTROS
3002122;OUTRAS FRA  ES DO SANGUE, EXCETO AS PREPARADAS COMO MEDICAMENTOS
30021221;IMUNOGLOBULINA ANTI-RH
30021222;OUTRAS IMUNOGLOBULINAS S RICAS
30021223;CONCENTRADO DE FATOR VIII
30021224;SOROALBUMINA, SOB A FORMA DE GEL, PARA PREPARA  O DE REAGENTES DE DIAGN STICO
30021229;OUTROS
3002123;OUTRAS FRA  ES DO SANGUE, PREPARADAS COMO MEDICAMENTOS
30021231;SOROALBUMINA, EXCETO A HUMANA
30021232;PLASMINA (FIBRINOLISINA)
30021233;UROQUINASE
30021234;IMUNOGLOBULINA E CLORIDRATO DE HISTAMINA, ASSOCIADOS
30021235;IMUNOGLOBULINA G, LIOFILIZADA OU EM SOLU  O
30021236;SOROALBUMINA HUMANA
30021239;OUTROS
30021300;-- PRODUTOS IMUNOL GICOS, N O MISTURADOS, N O APRESENTADOS EM DOSES NEM ACONDICIONADOS PARA VENDA A RETALHO
30021400;-- PRODUTOS IMUNOL GICOS, MISTURADOS, N O APRESENTADOS EM DOSES NEM ACONDICIONADOS PARA VENDA A RETALHO
300215;-- PRODUTOS IMUNOL GICOS, APRESENTADOS EM DOSES OU ACONDICIONADOS PARA VENDA A RETALHO
30021510;"BETAINTERFERONA; ALFAPEGINTERFERONA 2A"
30021520;"BASILIXIMAB (DCI); BEVACIZUMAB (DCI); DACLIZUMAB (DCI); ETANERCEPT (DCI); GEMTUZUMAB OZOGAMICIN (DCI); OPRELVEKIN (DCI); RITUXIMAB (DCI); TRASTUZUMAB (DCI)"
30021590;OUTROS
30024;- VACINAS, TOXINAS, CULTURAS DE MICRORGANISMOS (EXCETO LEVEDURAS) E PRODUTOS SEMELHANTES:
300241;-- VACINAS PARA MEDICINA HUMANA
3002411;N O APRESENTADAS EM DOSES, NEM ACONDICIONADAS PARA VENDA A RETALHO
30024111;CONTRA A GRIPE
30024112;CONTRA A POLIOMIELITE
30024113;CONTRA A HEPATITE B
30024114;CONTRA O SARAMPO
30024115;CONTRA A MENINGITE
30024116;CONTRA A RUB OLA, SARAMPO E CAXUMBA (TR PLICE)
30024117;OUTRAS TR PLICES
30024118;ANTICATARRAL E ANTIPIOG NICO
30024119;OUTRAS
3002412;APRESENTADAS EM DOSES OU ACONDICIONADAS PARA VENDA A RETALHO
30024121;CONTRA A GRIPE
30024122;CONTRA A POLIOMIELITE
30024123;CONTRA A HEPATITE B
30024124;CONTRA O SARAMPO
30024125;CONTRA A MENINGITE
30024126;CONTRA A RUB OLA, SARAMPO E CAXUMBA (TR PLICE)
30024127;OUTRAS TR PLICES
30024128;ANTICATARRAL E ANTIPIOG NICO
30024129;OUTRAS
300242;-- VACINAS PARA MEDICINA VETERIN RIA
30024210;CONTRA A RAIVA
30024220;CONTRA A COCCIDIOSE
30024230;CONTRA A QUERATO-CONJUNTIVITE
30024240;CONTRA A CINOMOSE
30024250;CONTRA A LEPTOSPIROSE
30024260;CONTRA A FEBRE AFTOSA
30024270;"CONTRA AS SEGUINTES ENFERMIDADES: DE NEWCASTLE, A V RUS VIVO OU V RUS INATIVO; DE GUMBORO, A V RUS VIVO OU V RUS INATIVO; BRONQUITE, A V RUS VIVO OU V RUS INATIVO; DIFTEROVIRUELA, A V RUS VIVO; S NDROME DE QUEDA DE POSTURA (EDS); SALMONELOSE AVI RIA, ELABORADA COM CEPA 9R; C LERA DE AVES, INATIVADAS"
30024280;VACINAS COMBINADAS CONTRA AS ENFERMIDADES CITADAS NO ITEM 3002.42.70
30024290;OUTRAS
300249;-- OUTROS
30024910;ANTITOXINAS DE ORIGEM MICROBIANA
30024920;TUBERCULINAS
3002499;OUTROS
30024991;PARA A SA DE ANIMAL
30024992;PARA A SA DE HUMANA
30024994;RICINA
30024999;OUTROS
30025;- CULTURAS DE C LULAS, MESMO MODIFICADAS:
30025100;-- PRODUTOS DE TERAPIA CELULAR
30025900;-- OUTRAS
30029000;- OUTROS
3003;MEDICAMENTOS (EXCETO OS PRODUTOS DAS POSI  ES 30.02, 30.05 OU 30.06) CONSTITU DOS POR PRODUTOS MISTURADOS ENTRE SI, PREPARADOS PARA FINS TERAP UTICOS OU PROFIL TICOS, MAS N O APRESENTADOS EM DOSES NEM ACONDICIONADOS PARA VENDA A RETALHO.
300310;- QUE CONTENHAM PENICILINAS OU SEUS DERIVADOS, COM A ESTRUTURA DO  CIDO PENICIL NICO, OU ESTREPTOMICINAS OU SEUS DERIVADOS
3003101;QUE CONTENHAM PENICILINAS OU SEUS DERIVADOS, COM A ESTRUTURA DO  CIDO PENICIL NICO
30031011;AMPICILINA OU SEUS SAIS
30031012;AMOXICILINA OU SEUS SAIS
30031013;PENICILINA G BENZAT NICA
30031014;PENICILINA G POT SSICA
30031015;PENICILINA G PROCA NICA
30031019;OUTROS
30031020;QUE CONTENHAM ESTREPTOMICINAS OU SEUS DERIVADOS
300320;- OUTROS, QUE CONTENHAM ANTIBI TICOS
3003201;QUE CONTENHAM ANFENIC IS OU SEUS DERIVADOS
30032011;CLORANFENICOL, SEU PALMITATO, SEU SUCCINATO OU SEU HEMISSUCCINATO
30032019;OUTROS
3003202;QUE CONTENHAM MACROL DIOS OU SEUS DERIVADOS
30032021;ERITROMICINA OU SEUS SAIS
30032029;OUTROS
3003203;QUE CONTENHAM ANSAMICINAS OU SEUS DERIVADOS
30032031;RIFAMICINA SV S DICA
30032032;RIFAMPICINA
30032039;OUTROS
3003204;QUE CONTENHAM LINCOSAMIDAS OU SEUS DERIVADOS
30032041;CLORIDRATO DE LINCOMICINA
30032049;OUTROS
3003205;QUE CONTENHAM CEFALOSPORINAS, CEFAMICINAS OU DERIVADOS DESTES PRODUTOS
30032051;CEFALOTINA S DICA
30032052;CEFACLOR OU CEFALEXINA MONOIDRATADOS
30032059;OUTROS
3003206;QUE CONTENHAM AMINOGLUCOS DIOS OU SEUS DERIVADOS
30032061;SULFATO DE GENTAMICINA
30032062;DAUNORUBICINA
30032063;"IDARUBICINA; PIRARUBICINA"
30032069;OUTROS
3003207;QUE CONTENHAM POLIPEPT DIOS OU SEUS DERIVADOS
30032071;VANCOMICINA
30032072;ACTINOMICINAS
30032073;CICLOSPORINA A
30032079;OUTROS
3003209;OUTROS
30032091;MITOMICINA
30032092;FUMARATO DE TIAMULINA
30032093;BLEOMICINAS OU SEUS SAIS
30032094;IMIPENEM
30032095;ANFOTERICINA B EM LIPOSSOMAS
30032099;OUTROS
30033;- OUTROS, QUE CONTENHAM HORM NIOS OU OUTROS PRODUTOS DA POSI  O 29.37:
30033100;-- QUE CONTENHAM INSULINA
300339;-- OUTROS
3003391;"QUE CONTENHAM OS SEGUINTES HORM NIOS POLIPEPT DICOS OU PROTEICOS: BUSERELINA OU SEU ACETATO; CORTICOTROPINA (ACTH); GONADOTROPINA CORI NICA (HCG); GONADOTROPINA S RICA (PMSG); LEUPROLIDA OU SEU ACETATO; MENOTROPINAS; SOMATOSTATINA OU SEUS SAIS; SOMATOTROPINA; TRIPTORELINA OU SEUS SAIS"
30033911;SOMATOTROPINA
30033912;GONADOTROPINA CORI NICA (HCG)
30033913;MENOTROPINAS
30033914;CORTICOTROPINA (ACTH)
30033915;GONADOTROPINA S RICA (PMSG)
30033916;SOMATOSTATINA OU SEUS SAIS
30033917;BUSERELINA OU SEU ACETATO
30033918;TRIPTORELINA OU SEUS SAIS
30033919;LEUPROLIDA OU SEU ACETATO
3003392;QUE CONTENHAM OUTROS HORM NIOS POLIPEPT DICOS OU PROTEICOS, SEUS DERIVADOS OU AN LOGOS ESTRUTURAIS, MAS QUE N O CONTENHAM PRODUTOS DO ITEM 3003.39.1
30033921;LH-RH (GONADORELINA)
30033922;OXITOCINA
30033923;SAIS DE INSULINA
30033924;TIMOSINAS
30033925;OCTREOTIDA
30033926;GOSERELINA OU SEU ACETATO
30033927;NAFARELINA OU SEU ACETATO
30033929;OUTROS
3003393;QUE CONTENHAM ESTROG NIOS OU PROGESTOG NIOS, SEUS DERIVADOS OU AN LOGOS ESTRUTURAIS
30033931;HEMISSUCCINATO DE ESTRADIOL
30033932;FEMPROPIONATO DE ESTRADIOL
30033933;ESTRIOL OU SEU SUCCINATO
30033934;ALILESTRENOL
30033935;LINESTRENOL
30033936;"ACETATO DE MEGESTROL; FORMESTANO; FULVESTRANTO"
30033937;DESOGESTREL
30033939;OUTROS
3003398;"LEVOTIROXINA S DICA; LIOTIRONINA S DICA"
30033981;LEVOTIROXINA S DICA
30033982;LIOTIRONINA S DICA
3003399;OUTROS
30033991;SAL S DICO OU  STER MET LICO DO  CIDO 9,11,15-TRIIDROXI-16-(3-CLOROFENOXI)PROSTA-5,13-DIEN-1-OICO (DERIVADO DA PROSTAGLANDINA F2-ALFA)
30033992;TIRATRICOL (TRIAC) OU SEU SAL S DICO
30033994;ESPIRONOLACTONA
30033995;EXEMESTANO
30033999;OUTROS
30034;- OUTROS, QUE CONTENHAM ALCALOIDES OU SEUS DERIVADOS:
30034100;-- QUE CONTENHAM EFEDRINA OU SEUS SAIS
30034200;-- QUE CONTENHAM PSEUDOEFEDRINA (DCI) OU SEUS SAIS
30034300;-- QUE CONTENHAM NOREFEDRINA OU SEUS SAIS
300349;-- OUTROS
30034910;"VIMBLASTINA; VINCRISTINA; DERIVADOS DESTES PRODUTOS; TOPOTECAN OU SEU CLORIDRATO"
30034920;PILOCARPINA, SEU NITRATO OU SEU CLORIDRATO
30034930;METANOSSULFONATO DE DI-HIDROERGOCRISTINA
30034940;CODE NA OU SEUS SAIS
30034950;"GRANISETRON; TROPISETRONA OU SEU CLORIDRATO"
30034990;OUTROS
30036000;- OUTROS, QUE CONTENHAM PRINC PIOS ATIVOS ANTIMAL RICOS (ANTIPAL DICOS) DESCRITOS NA NOTA DE SUBPOSI  ES 2 DO PRESENTE CAP TULO
300390;- OUTROS
3003901;QUE CONTENHAM VITAMINAS OU OUTROS PRODUTOS DA POSI  O 29.36
30039011;FOLINATO DE C LCIO (LEUCOVORINA)
30039012;NICOTINAMIDA
30039013;"HIDROXOCOBALAMINA OU SEUS SAIS; CIANOCOBALAMINA"
30039014;VITAMINA A1 (RETINOL) OU SEUS DERIVADOS, EXCETO O  CIDO RETINOICO (TRETINO NA)
30039015;"D-PANTOTENATO DE C LCIO; VITAMINA D3 (COLECALCIFEROL)"
30039016;STERES DAS VITAMINAS A E D3, EM CONCENTRA  O IGUAL OU SUPERIOR A 1.500.000 UI/G DE VITAMINA A E IGUAL OU SUPERIOR A 50.000 UI/G DE VITAMINA D3
30039017;CIDO RETINOICO (TRETINO NA)
30039019;OUTROS
3003902;QUE CONTENHAM ENZIMAS MAS QUE N O CONTENHAM VITAMINAS NEM OUTROS PRODUTOS DA POSI  O 29.36
30039021;ESTREPTOQUINASE
30039022;L-ASPARAGINASE
30039023;DEOXIRRIBONUCLEASE
30039024;IDURSULFASE
30039025;"ALFA-AGALSIDASE; ALFAVELAGLICERASE"
30039029;OUTROS
3003903;QUE CONTENHAM PRODUTOS DAS POSI  ES 29.16 A 29.20, MAS QUE N O CONTENHAM PRODUTOS DOS ITENS 3003.90.1 E 3003.90.2
30039031;"PERMETRINA; NITRATO DE PROPATILA; BENZOATO DE BENZILA; DIOCTILSULFOSSUCCINATO DE S DIO"
30039032;"CIDO C LICO;  CIDO DEOXIC LICO; SAL MAGN SICO DO  CIDO DEIDROC LICO"
30039033;CIDO GLUC NICO, SEUS SAIS OU SEUS  STERES
30039034;"CIDO O-ACETILSALIC LICO; O-ACETILSALICILATO DE ALUM NIO; SALICILATO DE METILA; DICLORV S"
30039035;LACTOFOSFATO DE C LCIO
30039036;"CIDO L CTICO, SEUS SAIS OU SEUS  STERES;  CIDO 4-(4-HIDROXIFENOXI)-3,5-DI-IODOFENILAC TICO"
30039037;CIDO FUM RICO, SEUS SAIS OU SEUS  STERES
30039038;"ETRETINATO; FOSFESTROL OU SEUS SAIS DE DI OU TETRASS DIO"
30039039;OUTROS
3003904;QUE CONTENHAM PRODUTOS DAS POSI  ES 29.21 E 29.22, MAS QUE N O CONTENHAM PRODUTOS DOS ITENS 3003.90.1 A 3003.90.3
30039041;"SULFATO DE TRANILCIPROMINA; DIETILPROPIONA"
30039042;CLORIDRATO DE KETAMINA
30039043;CLEMBUTEROL OU SEU CLORIDRATO
30039044;TAMOXIFEN OU SEU CITRATO
30039045;"LEVODOPA; ALFA-METILDOPA"
30039046;"CLORIDRATO DE FENILEFRINA; MIRTECA NA; PROPRANOLOL OU SEUS SAIS"
30039047;"DICLOFENACO DE S DIO; DICLOFENACO DE POT SSIO; DICLOFENACO DE DIETILAM NIO"
30039048;"CLORAMBUCIL; CLORMETINA (DCI) OU SEU CLORIDRATO; MELFALANO; TOREMIFENE OU SEU CITRATO"
30039049;OUTROS
3003905;QUE CONTENHAM PRODUTOS DAS POSI  ES 29.24 A 29.26, MAS QUE N O CONTENHAM PRODUTOS DOS ITENS 3003.90.1 A 3003.90.4
30039051;"METOCLOPRAMIDA OU SEU CLORIDRATO; CLOSANTEL"
30039052;"ATENOLOL; PRILOCA NA OU SEU CLORIDRATO; TALIDOMIDA"
30039053;"LIDOCA NA OU SEU CLORIDRATO; FLUTAMIDA"
30039054;FEMPROPOREX
30039055;"PARACETAMOL; BROMOPRIDA"
30039056;"AMITRAZ; CIPERMETRINA"
30039057;"CLOREXIDINA OU SEUS SAIS; ISETIONATO DE PENTAMIDINA"
30039058;"AMINOGLUTETIMIDA; CARMUSTINA; DEFEROXAMINA (DESFERRIOXAMINA B) OU SEUS SAIS, DERIVADOS DESTES PRODUTOS; LOMUSTINA"
30039059;OUTROS
3003906;QUE CONTENHAM PRODUTOS DAS POSI  ES 29.30 A 29.32, MAS QUE N O CONTENHAM PRODUTOS DOS ITENS 3003.90.1 A 3003.90.5
30039061;QUERCETINA
30039062;TIAPRIDA
30039063;ETIDRONATO DISS DICO
30039064;CLORIDRATO DE AMIODARONA
30039065;"NITROVIN; MOXIDECTINA"
30039066;"CIDO CLODR NICO OU SEU SAL DISS DICO; ESTREPTOZOCINA; FOTEMUSTINA"
30039067;"CARBOCISTE NA; SULFIRAM"
30039069;OUTROS
3003907;QUE CONTENHAM PRODUTOS DA POSI  O 29.33, MAS QUE N O CONTENHAM PRODUTOS DOS ITENS 3003.90.1 A 3003.90.6
30039071;"TERFENADINA; TALNIFLUMATO; MALATO  CIDO DE CLEBOPRIDA; ECONAZOL OU SEU NITRATO; NITRATO DE ISOCONAZOL; FLUBENDAZOL; CLORIDRATO DE MEPIVACA NA; TRIMETOPRIMA; CLORIDRATO DE BUPIVACA NA"
30039072;"CLORIDRATO DE LOPERAMIDA; FEMBENDAZOL; KETOROLAC TROMETAMINA; NIFEDIPINA; NIMODIPINA; NITRENDIPINA"
30039073;"ALBENDAZOL OU SEU SULF XIDO; MEBENDAZOL; 6-MERCAPTOPURINA; METILSULFATO DE AMEZ NIO; OXIFENDAZOL; PRAZIQUANTEL"
30039074;"ALPRAZOLAM; BROMAZEPAM; CLORDIAZEP XIDO; CLORIDRATO DE PETIDINA; DIAZEPAM; DROPERIDOL; MAZINDOL; TRIAZOLAM"
30039075;"BENZETIMIDA OU SEU CLORIDRATO; FENITO NA OU SEU SAL S DICO; ISONIAZIDA; PIRAZINAMIDA"
30039076;"CIDO 2-(2-METIL-3-CLOROANILINA)NICOT NICO OU SEU SAL DE LISINA; METRONIDAZOL OU SEUS SAIS; AZATIOPRINA; NITRATO DE MICONAZOL"
30039077;"ENROFLOXACINA; MALEATO DE ENALAPRIL; MALEATO DE PIRILAMINA; NICARBAZINA; NORFLOXACINA; SAIS DE PIPERAZINA"
30039078;"ALTRETAMINA; BORTEZOMIB; CLORIDRATO DE ERLOTINIBE; DACARBAZINA; DISOPROXILFUMARATO DE TENOFOVIR; ENFUVIRTIDA; FLUSPIRILENO; LETROZOL; LOPINAVIR; MESILATO DE IMATINIB; NELFINAVIR OU SEU MESILATO; NEVIRAPINE; PEMETREXED; SAQUINAVIR; SULFATO DE ABACAVIR; SULFATO DE ATAZANAVIR; SULFATO DE INDINAVIR; TEMOZOLOMIDA; TIOGUANINA; TIOPENTAL S DICO; TOSILATO DE NIRAPARIBE; TRIETILENOTIOFOSFORAMIDA; TRIMETREXATO; URACIL E TEGAFUR; VERTEPORFIN"
30039079;OUTROS
3003908;QUE CONTENHAM PRODUTOS DAS POSI  ES 29.34, 29.35 E 29.38, MAS QUE N O CONTENHAM PRODUTOS DOS ITENS 3003.90.1 A 3003.90.7
30039081;"LEVAMISOL OU SEUS SAIS; TETRAMISOL"
30039082;"SULFADIAZINA OU SEU SAL S DICO; SULFAMETOXAZOL"
30039083;"CLOXAZOLAM; KETAZOLAM; PIROXICAM; TENOXICAM"
30039084;"FTALILSULFATIAZOL; INOSINA"
30039085;"ENANTATO DE FLUFENAZINA; PROMETAZINA; GLIBURIDA; RUTOS DIO; DESLANOS DIO"
30039086;"CLORTALIDONA; FUROSEMIDA"
30039087;"CLORIDRATO DE TIZANIDINA; CETOCONAZOL; FURAZOLIDONA"
30039088;"AMPRENAVIR; APREPITANTO; DELAVIRDINA OU SEU MESILATO; EFAVIRENZ; EMTRICITABINA; ETOP SIDO; EVEROLIMUS; FOSAMPRENAVIR C LCICO; FOSFATO DE FLUDARABINA; GENCITABINA OU SEU CLORIDRATO; MESILATO DE DABRAFENIBE; RALTITREXIDA; RITONAVIR; SIROLIMUS; TACROLIMUS; TEMSIROLIMUS; TENIP SIDO; TIPRANAVIR"
30039089;OUTROS
3003909;OUTROS
30039091;EXTRATO DE P LEN
30039092;"CRISAROBINA; DISOFENOL"
30039093;DICLOFENACO RESINATO
30039094;SILIMARINA
30039095;"BUSSULFANO; DEXORMAPLATINA; DIETILESTILBESTROL OU SEU DIPROPIONATO; ENLOPLATINA; IPROPLATINA; LOBAPLATINA; MIBOPLATINA; MILTEFOSINA; MITOTANO; ORMAPLATINA; PROCARBAZINA OU SEU CLORIDRATO; PROPOFOL; SEBRIPLATINA; ZENIPLATINA"
30039096;COMPLEXO DE FERRO DEXTRANA
30039097;SEVOFLURANO
30039099;OUTROS
3004;MEDICAMENTOS (EXCETO OS PRODUTOS DAS POSI  ES 30.02, 30.05 OU 30.06) CONSTITU DOS POR PRODUTOS MISTURADOS OU N O MISTURADOS, PREPARADOS PARA FINS TERAP UTICOS OU PROFIL TICOS, APRESENTADOS EM DOSES (INCLUINDO OS DESTINADOS A SEREM ADMINISTRADOS POR VIA PERCUT NEA) OU ACONDICIONADOS PARA VENDA A RETALHO.
300410;- QUE CONTENHAM PENICILINAS OU SEUS DERIVADOS, COM ESTRUTURA DO  CIDO PENICIL NICO, OU ESTREPTOMICINAS OU SEUS DERIVADOS
3004101;QUE CONTENHAM PENICILINAS OU SEUS DERIVADOS, COM ESTRUTURA DO  CIDO PENICIL NICO
30041011;AMPICILINA OU SEUS SAIS
30041012;AMOXICILINA OU SEUS SAIS
30041013;PENICILINA G BENZAT NICA
30041014;PENICILINA G POT SSICA
30041015;PENICILINA G PROCA NICA
30041019;OUTROS
30041020;QUE CONTENHAM ESTREPTOMICINAS OU SEUS DERIVADOS
300420;- OUTROS, QUE CONTENHAM ANTIBI TICOS
3004201;QUE CONTENHAM ANFENIC IS OU SEUS SAIS
30042011;CLORANFENICOL, SEU PALMITATO, SEU SUCCINATO OU SEU HEMISSUCCINATO
30042019;OUTROS
3004202;QUE CONTENHAM MACROL DIOS OU SEUS DERIVADOS
30042021;ERITROMICINA OU SEUS SAIS
30042029;OUTROS
3004203;QUE CONTENHAM ANSAMICINAS OU SEUS DERIVADOS
30042031;RIFAMICINA SV S DICA
30042032;RIFAMPICINA
30042039;OUTROS
3004204;QUE CONTENHAM LINCOSAMIDAS OU SEUS DERIVADOS
30042041;CLORIDRATO DE LINCOMICINA
30042049;OUTROS
3004205;QUE CONTENHAM CEFALOSPORINAS, CEFAMICINAS OU DERIVADOS DESTES PRODUTOS
30042051;CEFALOTINA S DICA
30042052;CEFACLOR OU CEFALEXINA MONOIDRATADOS
30042059;OUTROS
3004206;QUE CONTENHAM AMINOGLUCOS DIOS OU SEUS DERIVADOS
30042061;SULFATO DE GENTAMICINA
30042062;DAUNORUBICINA
30042063;"IDARUBICINA; PIRARUBICINA"
30042069;OUTROS
3004207;QUE CONTENHAM POLIPEPT DIOS OU SEUS DERIVADOS
30042071;VANCOMICINA
30042072;ACTINOMICINAS
30042073;CICLOSPORINA A
30042079;OUTROS
3004209;OUTROS
30042091;MITOMICINA
30042092;FUMARATO DE TIAMULINA
30042093;BLEOMICINAS OU SEUS SAIS
30042094;IMIPENEM
30042095;ANFOTERICINA B EM LIPOSSOMAS
30042099;OUTROS
30043;- OUTROS, QUE CONTENHAM HORM NIOS OU OUTROS PRODUTOS DA POSI  O 29.37:
30043100;-- QUE CONTENHAM INSULINA
300432;-- QUE CONTENHAM HORM NIOS CORTICOSTEROIDES, SEUS DERIVADOS OU AN LOGOS ESTRUTURAIS
30043210;HORM NIOS CORTICOSTEROIDES
30043220;ESPIRONOLACTONA
30043290;OUTROS
300439;-- OUTROS
3004391;"QUE CONTENHAM OS SEGUINTES HORM NIOS POLIPEPT DICOS OU PROTEICOS: BUSERELINA OU SEU ACETATO; CORTICOTROPINA (ACTH); GONADOTROPINA CORI NICA (HCG); GONADOTROPINA S RICA (PMSG); LEUPROLIDA OU SEU ACETATO; MENOTROPINAS; SOMATOSTATINA OU SEUS SAIS; SOMATOTROPINA; TRIPTORELINA OU SEUS SAIS"
30043911;SOMATOTROPINA
30043912;GONADOTROPINA CORI NICA (HCG)
30043913;MENOTROPINAS
30043914;CORTICOTROPINA (ACTH)
30043915;GONADOTROPINA S RICA (PMSG)
30043916;SOMATOSTATINA OU SEUS SAIS
30043917;BUSERELINA OU SEU ACETATO
30043918;TRIPTORELINA OU SEUS SAIS
30043919;LEUPROLIDA OU SEU ACETATO
3004392;QUE CONTENHAM OUTROS HORM NIOS POLIPEPT DICOS OU PROTEICOS, SEUS DERIVADOS OU AN LOGOS ESTRUTURAIS, MAS QUE N O CONTENHAM PRODUTOS DO ITEM 3004.39.1
30043921;LH-RH (GONADORELINA)
30043922;OXITOCINA
30043923;SAIS DE INSULINA
30043924;TIMOSINAS
30043925;CALCITONINA
30043926;OCTREOTIDA
30043927;GOSERELINA OU SEU ACETATO
30043928;NAFARELINA OU SEU ACETATO
30043929;OUTROS
3004393;QUE CONTENHAM ESTROG NIOS OU PROGESTOG NIOS, SEUS DERIVADOS OU AN LOGOS ESTRUTURAIS
30043931;HEMISSUCCINATO DE ESTRADIOL
30043932;FEMPROPIONATO DE ESTRADIOL
30043933;ESTRIOL OU SEU SUCCINATO
30043934;ALILESTRENOL
30043935;LINESTRENOL
30043936;"ACETATO DE MEGESTROL; FORMESTANO; FULVESTRANTO"
30043937;DESOGESTREL
30043939;OUTROS
3004398;"LEVOTIROXINA S DICA; LIOTIRONINA S DICA"
30043981;LEVOTIROXINA S DICA
30043982;LIOTIRONINA S DICA
3004399;OUTROS
30043991;SAL S DICO OU  STER MET LICO DO  CIDO 9,11,15-TRIIDROXI-16-(3-CLOROFENOXI)PROSTA-5,13-DIEN-1-OICO (DERIVADO DA PROSTAGLANDINA F2-ALFA)
30043992;TIRATRICOL (TRIAC) OU SEU SAL S DICO
30043994;EXEMESTANO
30043999;OUTROS
30044;- OUTROS, QUE CONTENHAM ALCALOIDES OU SEUS DERIVADOS:
30044100;-- QUE CONTENHAM EFEDRINA OU SEUS SAIS
30044200;-- QUE CONTENHAM PSEUDOEFEDRINA (DCI) OU SEUS SAIS
30044300;-- QUE CONTENHAM NOREFEDRINA OU SEUS SAIS
300449;-- OUTROS
30044910;"VIMBLASTINA; VINCRISTINA; DERIVADOS DESTES PRODUTOS; TOPOTECAN OU SEU CLORIDRATO"
30044920;PILOCARPINA, SEU NITRATO OU SEU CLORIDRATO
30044930;METANOSSULFONATO DE DI-HIDROERGOCRISTINA
30044940;CODE NA OU SEUS SAIS
30044950;"GRANISETRON; TROPISETRONA OU SEU CLORIDRATO"
30044990;OUTROS
300450;- OUTROS, QUE CONTENHAM VITAMINAS OU OUTROS PRODUTOS DA POSI  O 29.36
30045010;FOLINATO DE C LCIO (LEUCOVORINA)
30045020;NICOTINAMIDA
30045030;"HIDROXOCOBALAMINA OU SEUS SAIS; CIANOCOBALAMINA"
30045040;VITAMINA A1 (RETINOL) OU SEUS DERIVADOS, EXCETO O  CIDO RETINOICO (TRETINO NA)
30045050;"D-PANTOTENATO DE C LCIO; VITAMINA D3 (COLECALCIFEROL)"
30045060;CIDO RETINOICO (TRETINO NA)
30045090;OUTROS
30046000;- OUTROS, QUE CONTENHAM PRINC PIOS ATIVOS ANTIMAL RICOS (ANTIPAL DICOS) DESCRITOS NA NOTA DE SUBPOSI  ES 2 DO PRESENTE CAP TULO
300490;- OUTROS
3004901;QUE CONTENHAM ENZIMAS
30049011;ESTREPTOQUINASE
30049012;L-ASPARAGINASE
30049013;DEOXIRRIBONUCLEASE
30049014;IDURSULFASE
30049015;"ALFA-AGALSIDASE; ALFAVELAGLICERASE"
30049019;OUTROS
3004902;QUE CONTENHAM PRODUTOS DAS POSI  ES 29.16 A 29.20, MAS QUE N O CONTENHAM PRODUTOS DO ITEM 3004.90.1
30049021;"PERMETRINA; NITRATO DE PROPATILA; BENZOATO DE BENZILA; DIOCTILSULFOSSUCCINATO DE S DIO"
30049022;"CIDO C LICO;  CIDO DEOXIC LICO; SAL MAGN SICO DO  CIDO DEIDROC LICO"
30049023;CIDO GLUC NICO, SEUS SAIS OU SEUS  STERES
30049024;"CIDO O-ACETILSALIC LICO; O-ACETILSALICILATO DE ALUM NIO; SALICILATO DE METILA; DICLORV S"
30049025;LACTOFOSFATO DE C LCIO
30049026;"CIDO L CTICO, SEUS SAIS OU SEUS  STERES;  CIDO 4-(4-HIDROXIFENOXI)-3,5-DI-IODOFENILAC TICO;  CIDO FUM RICO, SEUS SAIS OU SEUS  STERES"
30049027;NITROGLICERINA, DESTINADA A SER ADMINISTRADA POR VIA PERCUT NEA
30049028;"ETRETINATO; FOSFESTROL OU SEUS SAIS DE DI OU TETRASS DIO"
30049029;OUTROS
3004903;QUE CONTENHAM PRODUTOS DAS POSI  ES 29.21 E 29.22, MAS QUE N O CONTENHAM PRODUTOS DOS ITENS 3004.90.1 E 3004.90.2
30049031;"SULFATO DE TRANILCIPROMINA; DIETILPROPIONA"
30049032;CLORIDRATO DE KETAMINA
30049033;CLEMBUTEROL OU SEU CLORIDRATO
30049034;TAMOXIFEN OU SEU CITRATO
30049035;"LEVODOPA; ALFA-METILDOPA"
30049036;"CLORIDRATO DE FENILEFRINA; MIRTECA NA; PROPRANOLOL OU SEUS SAIS"
30049037;"DICLOFENACO DE S DIO; DICLOFENACO DE POT SSIO; DICLOFENACO DE DIETILAM NIO"
30049038;"CLORAMBUCIL; CLORMETINA (DCI) OU SEU CLORIDRATO; MELFALANO; TOREMIFENE OU SEU CITRATO"
30049039;OUTROS
3004904;QUE CONTENHAM PRODUTOS DAS POSI  ES 29.24 A 29.26, MAS QUE N O CONTENHAM PRODUTOS DOS ITENS 3004.90.1 A 3004.90.3
30049041;"METOCLOPRAMIDA OU SEU CLORIDRATO; CLOSANTEL"
30049042;"ATENOLOL; PRILOCA NA OU SEU CLORIDRATO; TALIDOMIDA"
30049043;"LIDOCA NA OU SEU CLORIDRATO; FLUTAMIDA"
30049044;FEMPROPOREX
30049045;"PARACETAMOL; BROMOPRIDA"
30049046;"AMITRAZ; CIPERMETRINA"
30049047;"CLOREXIDINA OU SEUS SAIS; ISETIONATO DE PENTAMIDINA"
30049048;"AMINOGLUTETIMIDA; CARMUSTINA; DEFEROXAMINA (DESFERRIOXAMINA B) OU SEUS SAIS, DERIVADOS DESTES PRODUTOS; LOMUSTINA"
30049049;OUTROS
3004905;QUE CONTENHAM PRODUTOS DAS POSI  ES 29.30 A 29.32, MAS QUE N O CONTENHAM PRODUTOS DOS ITENS 3004.90.1 A 3004.90.4
30049051;QUERCETINA
30049052;TIAPRIDA
30049053;ETIDRONATO DISS DICO
30049054;CLORIDRATO DE AMIODARONA
30049055;"NITROVIN; MOXIDECTINA"
30049057;"CARBOCISTE NA; SULFIRAM"
30049058;"CIDO CLODR NICO OU SEU SAL DISS DICO; ESTREPTOZOCINA; FOTEMUSTINA"
30049059;OUTROS
3004906;QUE CONTENHAM PRODUTOS DA POSI  O 29.33, MAS QUE N O CONTENHAM PRODUTOS DOS ITENS 3004.90.1 A 3004.90.5
30049061;"TERFENADINA; TALNIFLUMATO; MALATO  CIDO DE CLEBOPRIDA; ECONAZOL OU SEU NITRATO; NITRATO DE ISOCONAZOL; FLUBENDAZOL; CLORIDRATO DE MEPIVACA NA; TRIMETOPRIMA; CLORIDRATO DE BUPIVACA NA"
30049062;"CLORIDRATO DE LOPERAMIDA; FEMBENDAZOL; KETOROLAC TROMETAMINA; NIFEDIPINA NIMODIPINA; NITRENDIPINA"
30049063;"ALBENDAZOL OU SEU SULF XIDO; MEBENDAZOL; 6-MERCAPTOPURINA; METILSULFATO DE AMEZ NIO; OXIFENDAZOL; PRAZIQUANTEL"
30049064;"ALPRAZOLAM; BROMAZEPAM; CLORDIAZEP XIDO; CLORIDRATO DE PETIDINA; DIAZEPAM; DROPERIDOL; MAZINDOL; TRIAZOLAM"
30049065;"BENZETIMIDA OU SEU CLORIDRATO; FENITO NA OU SEU SAL S DICO; ISONIAZIDA; PIRAZINAMIDA"
30049066;"CIDO 2-(2-METIL-3-CLOROANILINA)NICOT NICO OU SEU SAL DE LISINA; METRONIDAZOL OU SEUS SAIS; AZATIOPRINA; NITRATO DE MICONAZOL"
30049067;"ENROFLOXACINA; MALEATO DE ENALAPRIL; MALEATO DE PIRILAMINA; NICARBAZINA; NORFLOXACINA; SAIS DE PIPERAZINA"
30049068;"ALTRETAMINA; BORTEZOMIB; CLORIDRATO DE ERLOTINIBE; DACARBAZINA; DISOPROXILFUMARATO DE TENOFOVIR; ENFUVIRTIDA; FLUSPIRILENO; LETROZOL; LOPINAVIR; MESILATO DE IMATINIB; NELFINAVIR OU SEU MESILATO; NEVIRAPINE; PEMETREXED; SAQUINAVIR; SULFATO DE ABACAVIR; SULFATO DE ATAZANAVIR; SULFATO DE INDINAVIR; TEMOZOLOMIDA; TIOGUANINA; TIOPENTAL S DICO; TOSILATO DE NIRAPARIBE; TRIETILENOTIOFOSFORAMIDA; TRIMETREXATO; URACIL E TEGAFUR; VERTEPORFIN"
30049069;OUTROS
3004907;QUE CONTENHAM PRODUTOS DAS POSI  ES 29.34, 29.35 E 29.38, MAS QUE N O CONTENHAM PRODUTOS DOS ITENS 3004.90.1 A 3004.90.6
30049071;"LEVAMISOL OU SEUS SAIS; TETRAMISOL"
30049072;"SULFADIAZINA OU SEU SAL S DICO; SULFAMETOXAZOL"
30049073;"CLOXAZOLAM; KETAZOLAM; PIROXICAM; TENOXICAM"
30049074;"FTALILSULFATIAZOL; INOSINA"
30049075;"ENANTATO DE FLUFENAZINA; PROMETAZINA; GLIBURIDA; RUTOS DIO; DESLANOS DIO"
30049076;"CLORTALIDONA; FUROSEMIDA"
30049077;"CLORIDRATO DE TIZANIDINA; CETOCONAZOL; FURAZOLIDONA"
30049078;"AMPRENAVIR; APREPITANTO; DELAVIRDINA OU SEU MESILATO; EFAVIRENZ; EMTRICITABINA; ETOP SIDO; EVEROLIMUS; FOSAMPRENAVIR C LCICO; FOSFATO DE FLUDARABINA; GENCITABINA OU SEU CLORIDRATO; MESILATO DE DABRAFENIBE; RALTITREXIDA; RITONAVIR; SIROLIMUS; TACROLIMUS; TEMSIROLIMUS; TENIP SIDO; TIPRANAVIR"
30049079;OUTROS
3004909;OUTROS
30049091;EXTRATO DE P LEN
30049092;"CRISAROBINA; DISOFENOL"
30049093;DICLOFENACO RESINATO
30049094;SILIMARINA
30049095;"BUSSULFANO; DEXORMAPLATINA; DIETILESTILBESTROL OU SEU DIPROPIONATO; ENLOPLATINA; IPROPLATINA; LOBAPLATINA; MIBOPLATINA; MILTEFOSINA; MITOTANO; ORMAPLATINA; PROCARBAZINA OU SEU CLORIDRATO; PROPOFOL; SEBRIPLATINA; ZENIPLATINA"
30049096;COMPLEXO DE FERRO DEXTRANA
30049097;SEVOFLURANO
30049098;REGENERADOR DE CARTILAGEM, CONSTITU DO POR COL GENO MOLDADO, ABSORV VEL
30049099;OUTROS
3005;PASTAS (OUATES), GAZES, ATADURAS (LIGADURAS) E ARTIGOS AN LOGOS (POR EXEMPLO, CURATIVOS (PENSOS), ESPARADRAPOS, SINAPISMOS), IMPREGNADOS OU RECOBERTOS DE SUBST NCIAS FARMAC UTICAS OU ACONDICIONADOS PARA VENDA A RETALHO PARA USOS MEDICINAIS, CIR RGICOS, ODONTOL GICOS OU VETERIN RIOS.
300510;- CURATIVOS (PENSOS) ADESIVOS E OUTROS ARTIGOS COM UMA CAMADA ADESIVA
30051010;IMPREGNADOS OU RECOBERTOS DE SUBST NCIAS FARMAC UTICAS
30051020;CURATIVOS (PENSOS) CIR RGICOS QUE PERMITEM A OBSERVA  O DIRETA DE FERIDAS
30051030;CURATIVOS (PENSOS) IMPERME VEIS APLIC VEIS SOBRE MUCOSAS
30051040;CURATIVOS (PENSOS) COM OBTURADOR PR PRIOS PARA COLOSTOMIA (CONES OBTURADORES)
30051050;CURATIVOS (PENSOS) COM FECHO DE CORRER PR PRIOS PARA FECHAR FERIMENTOS
30051090;OUTROS
300590;- OUTROS
3005901;CURATIVOS (PENSOS) REABSORV VEIS
30059011;DE  CIDO POLIGLIC LICO
30059012;DE COPOL MEROS DE  CIDO GLIC LICO E  CIDO L CTICO
30059019;OUTROS
30059020;CAMPOS CIR RGICOS, DE FALSO TECIDO (TECIDO N O TECIDO)
30059090;OUTROS
3006;PREPARA  ES E ARTIGOS FARMAC UTICOS INDICADOS NA NOTA 4 DESTE CAP TULO.
300610;"- CATEGUTES ESTERILIZADOS, MATERIAIS ESTERILIZADOS SEMELHANTES PARA SUTURAS CIR RGICAS (INCLUINDO OS FIOS ABSORV VEIS ESTERILIZADOS PARA CIRURGIA OU ODONTOLOGIA) E ADESIVOS ESTERILIZADOS PARA TECIDOS ORG NICOS, UTILIZADOS EM CIRURGIA PARA FECHAR FERIMENTOS; LAMIN RIAS ESTERILIZADAS; HEMOST TICOS ABSORV VEIS ESTERILIZADOS PARA CIRURGIA OU ODONTOLOGIA; BARREIRAS ANTIADERENTES ESTERILIZADAS PARA CIRURGIA OU ODONTOLOGIA, ABSORV VEIS OU N O"
30061010;MATERIAIS PARA SUTURAS CIR RGICAS, DE POLIDIOXANONA
30061020;MATERIAIS PARA SUTURAS CIR RGICAS, DE A O INOXID VEL
30061090;OUTROS
300630;"- PREPARA  ES OPACIFICANTES PARA EXAMES RADIOGR FICOS; REAGENTES DE DIAGN STICO CONCEBIDOS PARA SEREM ADMINISTRADOS AO PACIENTE"
3006301;PREPARA  ES OPACIFICANTES PARA EXAMES RADIOGR FICOS
30063011;BASE DE IOEXOL
30063012;BASE DE IOCARMATO DE DIMEGLUMINA OU DE IODIXANOL
30063013;BASE DE IOPAMIDOL
30063015;BASE DE DI XIDO DE ZIRC NIO E SULFATO DE GENTAMICINA
30063016;BASE DE DIATRIZOATO DE S DIO OU DE MEGLUMINA
30063017;BASE DE IOMEPROL, IOPROMIDA OU DE IOVERSOL
30063018;BASE DE IOTALAMATO DE S DIO, DE IOTALAMATO DE MEGLUMINA OU DE SUAS MISTURAS
30063019;OUTRAS
3006302;REAGENTES DE DIAGN STICO CONCEBIDOS PARA SEREM ADMINISTRADOS AO PACIENTE
30063021;BASE DE SOMATOLIBERINA
30063029;OUTROS
300640;"- CIMENTOS E OUTROS PRODUTOS PARA OBTURA  O DENT RIA; CIMENTOS PARA RECONSTITUI  O  SSEA"
3006401;CIMENTOS E OUTROS PRODUTOS PARA OBTURA  O DENT RIA
30064011;CIMENTOS
30064012;OUTROS PRODUTOS PARA OBTURA  O DENT RIA
30064020;CIMENTOS PARA RECONSTITUI  O  SSEA
30065000;- ESTOJOS E CAIXAS DE PRIMEIROS SOCORROS, GUARNECIDOS
30066000;- PREPARA  ES QU MICAS CONTRACEPTIVAS   BASE DE HORM NIOS, DE OUTROS PRODUTOS DA POSI  O 29.37 OU DE ESPERMICIDAS
30067000;- PREPARA  ES APRESENTADAS SOB A FORMA DE GEL CONCEBIDAS PARA USO EM MEDICINA HUMANA OU VETERIN RIA COMO LUBRIFICANTE PARA DETERMINADAS PARTES DO CORPO EM INTERVEN  ES CIR RGICAS OU EXAMES M DICOS OU COMO MEIO DE LIGA  O ENTRE O CORPO E OS INSTRUMENTOS M DICOS
30069;- OUTROS:
300691;-- EQUIPAMENTOS IDENTIFIC VEIS PARA OSTOMIA
30069110;BOLSAS PARA COLOSTOMIA, ILEOSTOMIA E UROSTOMIA
30069190;OUTROS
30069200;-- RES DUOS FARMAC UTICOS
30069300;-- PLACEBOS E ESTOJOS PARA ENSAIOS CL NICOS CEGOS (OU DUPLO-CEGOS) DESTINADOS A UM ENSAIO CL NICO RECONHECIDO, APRESENTADOS EM DOSES
31;ADUBOS (FERTILIZANTES).
31010000;"ADUBOS (FERTILIZANTES) DE ORIGEM ANIMAL OU VEGETAL, MESMO MISTURADOS ENTRE SI OU TRATADOS QUIMICAMENTE; ADUBOS (FERTILIZANTES) RESULTANTES DA MISTURA OU DO TRATAMENTO QU MICO DE PRODUTOS DE ORIGEM ANIMAL OU VEGETAL."
3102;ADUBOS (FERTILIZANTES) MINERAIS OU QU MICOS, NITROGENADOS (AZOTADOS).
310210;- UREIA, MESMO EM SOLU  O AQUOSA
31021010;QUE CONTENHA, EM PESO, MAIS DE 45 % DE NITROG NIO (AZOTO), CALCULADO SOBRE O PRODUTO ANIDRO NO ESTADO SECO
31021090;OUTRA
31022;"- SULFATO DE AM NIO; SAIS DUPLOS E MISTURAS, DE SULFATO DE AM NIO E DE NITRATO DE AM NIO:"
31022100;-- SULFATO DE AM NIO
310229;-- OUTROS
31022910;SULFONITRATO DE AM NIO
31022990;OUTROS
31023000;- NITRATO DE AM NIO, MESMO EM SOLU  O AQUOSA
31024000;- MISTURAS DE NITRATO DE AM NIO COM CARBONATO DE C LCIO OU COM OUTRAS MAT RIAS INORG NICAS DESPROVIDAS DE PODER FERTILIZANTE
310250;- NITRATO DE S DIO
3102501;NATURAL
31025011;QUE CONTENHA, EM PESO, 16,3 % OU MENOS DE NITROG NIO (AZOTO)
31025019;OUTRO
31025090;OUTRO
31026000;- SAIS DUPLOS E MISTURAS DE NITRATO DE C LCIO E DE NITRATO DE AM NIO
31028000;- MISTURAS DE UREIA COM NITRATO DE AM NIO EM SOLU  ES AQUOSAS OU AMONIACAIS
31029000;- OUTROS, INCLUINDO AS MISTURAS N O MENCIONADAS NAS SUBPOSI  ES PRECEDENTES
3103;ADUBOS (FERTILIZANTES) MINERAIS OU QU MICOS, FOSFATADOS.
31031;- SUPERFOSFATOS:
31031100;-- QUE CONTENHAM, EM PESO, 35 % OU MAIS DE PENT XIDO DE DIF SFORO (P2O5)
31031900;-- OUTROS
310390;- OUTROS
3103901;HIDROGENO-ORTOFOSFATO DE C LCIO
31039011;QUE CONTENHA, EM PESO, 46 % OU MENOS DE PENT XIDO DE DIF SFORO (P2O5)
31039019;OUTROS
31039090;OUTROS
3104;ADUBOS (FERTILIZANTES) MINERAIS OU QU MICOS, POT SSICOS.
310420;- CLORETO DE POT SSIO
31042010;QUE CONTENHA, EM PESO, 60 % OU MENOS DE  XIDO DE POT SSIO (K2O)
31042090;OUTROS
310430;- SULFATO DE POT SSIO
31043010;QUE CONTENHA, EM PESO, 52 % OU MENOS DE  XIDO DE POT SSIO (K2O)
31043090;OUTROS
310490;- OUTROS
31049010;SULFATO DUPLO DE POT SSIO E MAGN SIO, QUE CONTENHA, EM PESO, 30 % OU MAIS DE  XIDO DE POT SSIO (K2O)
31049090;OUTROS
3105;"ADUBOS (FERTILIZANTES) MINERAIS OU QU MICOS, QUE CONTENHAM DOIS OU TR S DOS SEGUINTES ELEMENTOS FERTILIZANTES: NITROG NIO (AZOTO), F SFORO E POT SSIO; OUTROS ADUBOS (FERTILIZANTES); PRODUTOS DO PRESENTE CAP TULO APRESENTADOS EM TABLETES OU FORMAS SEMELHANTES, OU AINDA EM EMBALAGENS DE PESO BRUTO N O SUPERIOR A 10 KG."
31051000;- PRODUTOS DO PRESENTE CAP TULO APRESENTADOS EM TABLETES OU FORMAS SEMELHANTES, OU AINDA EM EMBALAGENS DE PESO BRUTO N O SUPERIOR A 10 KG
31052000;- ADUBOS (FERTILIZANTES) MINERAIS OU QU MICOS, QUE CONTENHAM OS TR S ELEMENTOS FERTILIZANTES: NITROG NIO (AZOTO), F SFORO E POT SSIO
31053000;- HIDROGENO-ORTOFOSFATO DE DIAM NIO (FOSFATO DE DIAM NIO OU DIAMONIACAL)
31054000;- DI-HIDROGENO-ORTOFOSFATO DE AM NIO (FOSFATO DE MONOAM NIO OU MONOAMONIACAL), MESMO MISTURADO COM HIDROGENO-ORTOFOSFATO DE DIAM NIO (FOSFATO DE DIAM NIO OU DIAMONIACAL)
31055;- OUTROS ADUBOS (FERTILIZANTES) MINERAIS OU QU MICOS, QUE CONTENHAM OS DOIS ELEMENTOS FERTILIZANTES: NITROG NIO (AZOTO) E F SFORO:
31055100;-- QUE CONTENHAM NITRATOS E FOSFATOS
31055900;-- OUTROS
31056000;- ADUBOS (FERTILIZANTES) MINERAIS OU QU MICOS, QUE CONTENHAM OS DOIS ELEMENTOS FERTILIZANTES: F SFORO E POT SSIO
310590;- OUTROS
3105901;NITRATO DE S DIO POT SSICO
31059011;QUE CONTENHA, EM PESO, 15 % OU MENOS DE NITROG NIO (AZOTO) E 15 % OU MENOS DE  XIDO DE POT SSIO (K2O)
31059019;OUTROS
31059090;OUTROS
32;"EXTRATOS TANANTES E TINTORIAIS; TANINOS E SEUS DERIVADOS; PIGMENTOS E OUTRAS MAT RIAS CORANTES; TINTAS E VERNIZES; M STIQUES; TINTAS DE ESCREVER."
3201;"EXTRATOS TANANTES DE ORIGEM VEGETAL; TANINOS E SEUS SAIS,  TERES,  STERES E OUTROS DERIVADOS."
32011000;- EXTRATO DE QUEBRACHO
32012000;- EXTRATO DE MIMOSA
320190;- OUTROS
3201901;EXTRATOS
32019011;DE GAMBIR
32019012;DE CARVALHO OU DE CASTANHEIRO
32019019;OUTROS
32019020;TANINOS
32019090;OUTROS
3202;"PRODUTOS TANANTES ORG NICOS SINT TICOS; PRODUTOS TANANTES INORG NICOS; PREPARA  ES TANANTES, MESMO QUE CONTENHAM PRODUTOS TANANTES NATURAIS; PREPARA  ES ENZIM TICAS PARA A PR -CURTIMENTA."
32021000;- PRODUTOS TANANTES ORG NICOS SINT TICOS
320290;- OUTROS
3202901;PRODUTOS TANANTES INORG NICOS
32029011;BASE DE SAIS DE CROMO
32029012;BASE DE SAIS DE TIT NIO
32029013;BASE DE SAIS DE ZIRC NIO
32029019;OUTROS
3202902;PREPARA  ES TANANTES
32029021;BASE DE COMPOSTOS DE CROMO
32029029;OUTROS
32029030;PREPARA  ES ENZIM TICAS PARA A PR -CURTIMENTA
320300;"MAT RIAS CORANTES DE ORIGEM VEGETAL OU ANIMAL (INCLUINDO OS EXTRATOS TINTORIAIS, MAS EXCLUINDO OS NEGROS DE ORIGEM ANIMAL), MESMO DE CONSTITUI  O QU MICA DEFINIDA; PREPARA  ES INDICADAS NA NOTA 3 DO PRESENTE CAP TULO,   BASE DE MAT RIAS CORANTES DE ORIGEM VEGETAL OU ANIMAL."
3203001;MAT RIAS CORANTES DE ORIGEM VEGETAL
32030011;HEMATE NA
32030012;FISETINA
32030013;MORINA
32030019;OUTRAS
3203002;MAT RIAS CORANTES DE ORIGEM ANIMAL
32030021;CARMIM DE COCHONILHA
32030029;OUTRAS
32030030;PREPARA  ES INDICADAS NA NOTA 3 DO PRESENTE CAP TULO,   BASE DE MAT RIAS CORANTES DE ORIGEM VEGETAL OU ANIMAL
3204;"MAT RIAS CORANTES ORG NICAS SINT TICAS, MESMO DE CONSTITUI  O QU MICA DEFINIDA; PREPARA  ES INDICADAS NA NOTA 3 DO PRESENTE CAP TULO,   BASE DE MAT RIAS CORANTES ORG NICAS SINT TICAS; PRODUTOS ORG NICOS SINT TICOS DO TIPO UTILIZADO COMO AGENTES DE AVIVAMENTO FLUORESCENTES OU COMO LUMIN FOROS, MESMO DE CONSTITUI  O QU MICA DEFINIDA."
32041;- MAT RIAS CORANTES ORG NICAS SINT TICAS E PREPARA  ES INDICADAS NA NOTA 3 DO PRESENTE CAP TULO,   BASE DESSAS MAT RIAS CORANTES:
32041100;-- CORANTES DISPERSOS E PREPARA  ES   BASE DESSES CORANTES
320412;"-- CORANTES  CIDOS, MESMO METALIZADOS, E PREPARA  ES   BASE DESSES CORANTES; CORANTES MORDENTES E PREPARA  ES   BASE DESSES CORANTES"
32041210;CORANTES  CIDOS, MESMO METALIZADOS, E PREPARA  ES   BASE DESSES CORANTES
32041220;CORANTES MORDENTES E PREPARA  ES   BASE DESSES CORANTES
32041300;-- CORANTES B SICOS E PREPARA  ES   BASE DESSES CORANTES
32041400;-- CORANTES DIRETOS E PREPARA  ES   BASE DESSES CORANTES
320415;-- CORANTES DE CUBA (INCLUINDO OS UTILIZ VEIS, NO ESTADO EM QUE SE APRESENTAM, COMO PIGMENTOS) E PREPARA  ES   BASE DESSES CORANTES
32041510;INDIGO BLUE SEGUNDO COLOUR INDEX 73000
32041520;DIBENZANTRONA
32041530;12,12-DIMETOXIDIBENZANTRONA
32041590;OUTROS
32041600;-- CORANTES REAGENTES E PREPARA  ES   BASE DESSES CORANTES
32041700;-- PIGMENTOS E PREPARA  ES   BASE DESSES PIGMENTOS
320418;-- MAT RIAS CORANTES CAROTENOIDES E PREPARA  ES   BASE DESSAS MAT RIAS
32041810;CAROTENOIDES
32041820;PREPARA  ES QUE CONTENHAM BETA-CAROTENO,  STERES MET LICO OU ET LICO DO  CIDO 8'-APO-BETA-CAROTENOICO OU CANTAXANTINA, COM  LEOS VEGETAIS, AMIDO, GELATINA, SACAROSE OU DEXTRINA, PR PRIAS PARA COLORIR ALIMENTOS
32041830;OUTRAS PREPARA  ES PR PRIAS PARA COLORIR ALIMENTOS
32041890;OUTRAS
320419;-- OUTRAS, INCLUINDO AS MISTURAS DE MAT RIAS CORANTES DE DUAS OU MAIS DAS SUBPOSI  ES 3204.11 A 3204.19
32041920;CORANTES SOL VEIS EM SOLVENTES (CORANTES SOLVENTES)
32041930;CORANTES AZOICOS
32041990;OUTRAS
320420;- PRODUTOS ORG NICOS SINT TICOS DO TIPO UTILIZADO COMO AGENTES DE AVIVAMENTO FLUORESCENTES
3204201;DERIVADOS DO ESTILBENO
32042011;DERIVADOS DO  CIDO 4,4-BIS-(1,3,5)TRIAZINIL-6-AMINOESTILBENO-2,2-DISSULF NICO
32042019;OUTROS
32042090;OUTROS
32049000;- OUTROS
32050000;"LACAS CORANTES; PREPARA  ES INDICADAS NA NOTA 3 DO PRESENTE CAP TULO,   BASE DE LACAS CORANTES."
3206;"OUTRAS MAT RIAS CORANTES; PREPARA  ES INDICADAS NA NOTA 3 DO PRESENTE CAP TULO, EXCETO DAS POSI  ES 32.03, 32.04 OU 32.05; PRODUTOS INORG NICOS DO TIPO UTILIZADO COMO LUMIN FOROS, MESMO DE CONSTITUI  O QU MICA DEFINIDA."
32061;- PIGMENTOS E PREPARA  ES   BASE DE DI XIDO DE TIT NIO:
320611;-- QUE CONTENHAM, EM PESO, 80 % OU MAIS DE DI XIDO DE TIT NIO, CALCULADO SOBRE A MAT RIA SECA
32061110;PIGMENTOS TIPO RUTILO
32061120;OUTROS PIGMENTOS
32061130;PREPARA  ES
320619;-- OUTROS
32061910;PIGMENTO CONSTITU DO POR MICA REVESTIDA COM PEL CULA DE DI XIDO DE TIT NIO
32061990;OUTROS
32062000;- PIGMENTOS E PREPARA  ES   BASE DE COMPOSTOS DE CROMO
32064;- OUTRAS MAT RIAS CORANTES E OUTRAS PREPARA  ES:
32064100;-- ULTRAMAR E SUAS PREPARA  ES
320642;-- LITOP NIO, OUTROS PIGMENTOS E PREPARA  ES   BASE DE SULFETO DE ZINCO
32064210;LITOP NIO
32064290;OUTROS
320649;-- OUTRAS
32064910;PIGMENTOS E PREPARA  ES   BASE DE COMPOSTOS DE C DMIO
32064920;PIGMENTOS E PREPARA  ES   BASE DE HEXACIANOFERRATOS (FERROCIANETOS E FERRICIANETOS)
32064990;OUTRAS
320650;- PRODUTOS INORG NICOS DO TIPO UTILIZADO COMO LUMIN FOROS
3206501;COM SUBST NCIAS RADIOATIVAS DE RADIOATIVIDADE ESPEC FICA INFERIOR OU IGUAL A 74 BQ/G (0,002  CI/G)
32065011;HALOFOSFATOS DE C LCIO OU DE ESTR NCIO
32065019;OUTROS
3206502;SEM SUBST NCIAS RADIOATIVAS
32065021;HALOFOSFATOS DE C LCIO OU DE ESTR NCIO
32065029;OUTROS
3207;"PIGMENTOS, OPACIFICANTES E CORES PREPARADOS, COMPOSI  ES VITRIFIC VEIS, ENGOBOS, POLIMENTOS (ESMALTES MET LICOS*) L QUIDOS E PREPARA  ES SEMELHANTES, DO TIPO UTILIZADO NAS IND STRIAS DA CER MICA, DO ESMALTE E DO VIDRO; FRITAS DE VIDRO E OUTROS VIDROS, EM P , EM GR NULOS, EM LAMELAS OU EM FLOCOS."
320710;- PIGMENTOS, OPACIFICANTES E CORES PREPARADOS E PREPARA  ES SEMELHANTES
32071020;SUSPENS O DE PIGMENTOS EM SOLVENTES ORG NICOS, DO TIPO UTILIZADO EM IMPRESSORAS DE JATO DE TINTA PARA DECORA  O DE SUPERF CIES CER MICAS POR COZIMENTO
32071030;OUTROS,   BASE DE ZIRC NIO OU DE SEUS SAIS
32071090;OUTROS
320720;- COMPOSI  ES VITRIFIC VEIS, ENGOBOS E PREPARA  ES SEMELHANTES
32072010;ENGOBOS
3207209;OUTRAS
32072091;COM UM TEOR, EM PESO, DE PRATA IGUAL OU SUPERIOR A 25 % OU DE BISMUTO IGUAL OU SUPERIOR A 40 %, DO TIPO UTILIZADO NA FABRICA  O DE CIRCUITOS IMPRESSOS
32072099;OUTRAS
32073000;- POLIMENTOS (ESMALTES MET LICOS*) L QUIDOS E PREPARA  ES SEMELHANTES
320740;- FRITAS DE VIDRO E OUTROS VIDROS, EM P , EM GR NULOS, EM LAMELAS OU EM FLOCOS
32074010;FRITAS DE VIDRO
32074090;OUTROS
3208;"TINTAS E VERNIZES,   BASE DE POL MEROS SINT TICOS OU DE POL MEROS NATURAIS MODIFICADOS, DISPERSOS OU DISSOLVIDOS EM MEIO N O AQUOSO; SOLU  ES DEFINIDAS NA NOTA 4 DO PRESENTE CAP TULO."
320810;-   BASE DE POLI STERES
32081010;TINTAS
32081020;VERNIZES
32081030;SOLU  ES DEFINIDAS NA NOTA 4 DO PRESENTE CAP TULO
320820;-   BASE DE POL MEROS ACR LICOS OU VIN LICOS
3208201;TINTAS
32082011;BASE DE POL MEROS ACR LICOS, APRESENTADAS EM SORTIDOS DEFINIDOS NA NOTA 3 DA SE  O VI, DO TIPO UTILIZADO PARA A FABRICA  O DE CIRCUITOS IMPRESSOS
32082019;OUTRAS
32082020;VERNIZES
32082030;SOLU  ES DEFINIDAS NA NOTA 4 DO PRESENTE CAP TULO
320890;- OUTROS
32089010;TINTAS
3208902;VERNIZES
32089021;BASE DE DERIVADOS DE CELULOSE
32089029;OUTROS
3208903;SOLU  ES DEFINIDAS NA NOTA 4 DO PRESENTE CAP TULO
32089031;DE SILICONES
32089039;OUTRAS
3209;TINTAS E VERNIZES,   BASE DE POL MEROS SINT TICOS OU DE POL MEROS NATURAIS MODIFICADOS, DISPERSOS OU DISSOLVIDOS NUM MEIO AQUOSO.
320910;-   BASE DE POL MEROS ACR LICOS OU VIN LICOS
32091010;TINTAS
32091020;VERNIZES
320990;- OUTROS
3209901;TINTAS
32099011;BASE DE POLITETRAFLUORETILENO
32099019;OUTRAS
32099020;VERNIZES
321000;"OUTRAS TINTAS E VERNIZES; PIGMENTOS DE  GUA PREPARADOS, DO TIPO UTILIZADO PARA ACABAMENTO DE COUROS."
32100010;TINTAS
32100020;VERNIZES
32100030;PIGMENTOS A  GUA PREPARADOS, DO TIPO UTILIZADO PARA ACABAMENTO DE COUROS
32110000;SECANTES PREPARADOS.
3212;"PIGMENTOS (INCLUINDO OS P S E FLOCOS MET LICOS) DISPERSOS EM MEIOS N O AQUOSOS, NO ESTADO L QUIDO OU PASTOSO, DO TIPO UTILIZADO NA FABRICA  O DE TINTAS; FOLHAS PARA MARCAR A FERRO; TINTURAS E OUTRAS MAT RIAS CORANTES APRESENTADAS EM FORMAS OU EMBALAGENS PARA VENDA A RETALHO."
32121000;- FOLHAS PARA MARCAR A FERRO
321290;- OUTROS
32129010;ALUM NIO EM P  OU EM LAMELAS, EMPASTADO COM SOLVENTE DO TIPO HIDROCARBONETOS, COM UM TEOR DE ALUM NIO IGUAL OU SUPERIOR A 60 %, EM PESO
32129090;OUTROS
3213;CORES PARA PINTURA ART STICA, ATIVIDADES EDUCATIVAS, PINTURA DE TABULETAS, MODIFICA  O DE TONALIDADES, RECREA  O E CORES SEMELHANTES, EM PASTILHAS, TUBOS, POTES, FRASCOS, GOD S OU ACONDICIONAMENTOS SEMELHANTES.
32131000;- CORES EM SORTIDOS
32139000;- OUTRAS
3214;"M STIQUE DE VIDRACEIRO, CIMENTOS DE RESINA E OUTRAS M STIQUES; INDUTOS UTILIZADOS EM PINTURA; INDUTOS N O REFRAT RIOS DO TIPO UTILIZADO EM ALVENARIA."
321410;"- M STIQUE DE VIDRACEIRO, CIMENTOS DE RESINA E OUTRAS M STIQUES; INDUTOS UTILIZADOS EM PINTURA"
32141010;M STIQUE DE VIDRACEIRO, CIMENTOS DE RESINA E OUTRAS M STIQUES
32141020;INDUTOS UTILIZADOS EM PINTURA
32149000;- OUTROS
3215;TINTAS DE IMPRESS O, TINTAS DE ESCREVER OU DE DESENHAR E OUTRAS TINTAS, MESMO CONCENTRADAS OU NO ESTADO S LIDO.
32151;- TINTAS DE IMPRESS O:
32151100;-- PRETAS
32151900;-- OUTRAS
32159000;- OUTRAS
33;"LEOS ESSENCIAIS E RESINOIDES; PRODUTOS DE PERFUMARIA OU DE TOUCADOR PREPARADOS E PREPARA  ES COSM TICAS."
3301;"LEOS ESSENCIAIS (DESTERPENADOS OU N O), INCLUINDO OS DENOMINADOS ""CONCRETOS"" OU ""ABSOLUTOS""; RESINOIDES; OLEORRESINAS DE EXTRA  O; SOLU  ES CONCENTRADAS DE  LEOS ESSENCIAIS EM GORDURAS, EM  LEOS FIXOS, EM CERAS OU EM MAT RIAS AN LOGAS, OBTIDAS POR TRATAMENTO DE FLORES ATRAV S DE SUBST NCIAS GORDAS OU POR MACERA  O; SUBPRODUTOS TERP NICOS RESIDUAIS DA DESTERPENA  O DOS  LEOS ESSENCIAIS;  GUAS DESTILADAS AROM TICAS E SOLU  ES AQUOSAS DE  LEOS ESSENCIAIS."
33011;-  LEOS ESSENCIAIS DE CITROS (CITRINOS):
330112;-- DE LARANJA
33011210;DE PETIT GRAIN
33011290;OUTROS
33011300;-- DE LIM O
330119;-- OUTROS
33011910;DE LIMA
33011990;OUTROS
33012;-  LEOS ESSENCIAIS, EXCETO DE CITROS (CITRINOS):
33012400;-- DE HORTEL -PIMENTA (MENTHA PIPERITA)
330125;-- DE OUTRAS MENTAS
33012510;DE MENTA JAPONESA (MENTHA ARVENSIS)
33012520;DE MENTHA SPEARMINT (MENTHA VIRIDIS L.)
33012590;OUTROS
330129;-- OUTROS
3301291;"DE CITRONELA; DE CEDRO; DE PAU-SANTO (BULNESIA SARMIENTOI); DE LEMONGRASS; DE PAU-ROSA; DE PALMA ROSA; DE CORIANDRO; DE CABRE VA; DE EUCALIPTO"
33012911;DE CITRONELA
33012912;DE CEDRO
33012913;DE PAU-SANTO (BULNESIA SARMIENTOI)
33012914;DE LEMONGRASS
33012915;DE PAU-ROSA
33012916;DE PALMA ROSA
33012917;DE CORIANDRO
33012918;DE CABRE VA
33012919;DE EUCALIPTO
3301292;"DE ALFAZEMA OU LAVANDA; DE VETIVER"
33012921;DE ALFAZEMA OU LAVANDA
33012922;DE VETIVER
33012990;OUTROS
33013000;- RESINOIDES
330190;- OUTROS
33019010;SOLU  ES CONCENTRADAS DE  LEOS ESSENCIAIS EM GORDURAS, EM  LEOS FIXOS, EM CERAS OU EM MAT RIAS AN LOGAS, OBTIDAS POR TRATAMENTO DE FLORES ATRAV S DE SUBST NCIAS GORDAS OU POR MACERA  O
33019020;SUBPRODUTOS TERP NICOS RESIDUAIS DA DESTERPENA  O DOS  LEOS ESSENCIAIS
33019030;GUAS DESTILADAS AROM TICAS E SOLU  ES AQUOSAS DE  LEOS ESSENCIAIS
33019040;OLEORRESINAS DE EXTRA  O
3302;"MISTURAS DE SUBST NCIAS ODOR FERAS E MISTURAS (INCLUINDO AS SOLU  ES ALCO LICAS)   BASE DE UMA OU MAIS DESTAS SUBST NCIAS, DO TIPO UTILIZADO COMO MAT RIAS B SICAS PARA A IND STRIA; OUTRAS PREPARA  ES   BASE DE SUBST NCIAS ODOR FERAS, DO TIPO UTILIZADO PARA FABRICA  O DE BEBIDAS."
33021000;- DO TIPO UTILIZADO PARA AS IND STRIAS ALIMENTARES OU DE BEBIDAS
330290;- OUTRAS
3302901;PARA PERFUMARIA
33029011;VETIVEROL
33029019;OUTRAS
3302909;OUTRAS
33029091;MISTURAS   BASE DE SUBST NCIAS ODOR FERAS APRESENTADAS SOB A FORMA DE MICROC PSULAS
33029099;OUTRAS
330300;PERFUMES E  GUAS-DE-COL NIA.
33030010;PERFUMES (EXTRATOS)
33030020;GUAS-DE-COL NIA
3304;"PRODUTOS DE BELEZA OU DE MAQUIAGEM PREPARADOS E PREPARA  ES PARA CONSERVA  O OU CUIDADOS DA PELE (EXCETO MEDICAMENTOS), INCLUINDO AS PREPARA  ES ANTISSOLARES E OS BRONZEADORES; PREPARA  ES PARA MANICUROS E PEDICUROS."
33041000;- PRODUTOS DE MAQUIAGEM PARA OS L BIOS
330420;- PRODUTOS DE MAQUIAGEM PARA OS OLHOS
33042010;SOMBRA, DELINEADOR, L PIS PARA SOBRANCELHAS E R MEL
33042090;OUTROS
33043000;- PREPARA  ES PARA MANICUROS E PEDICUROS
33049;- OUTROS:
33049100;-- P S, INCLUINDO OS COMPACTOS
330499;-- OUTROS
33049910;"CREMES DE BELEZA E CREMES NUTRITIVOS; LO  ES T NICAS"
33049990;OUTROS
3305;PREPARA  ES CAPILARES.
33051000;- XAMPUS
33052000;- PREPARA  ES PARA ONDULA  O OU ALISAMENTO, PERMANENTES
33053000;- LAQU S (LACAS*) PARA O CABELO
33059000;- OUTRAS
3306;"PREPARA  ES PARA HIGIENE BUCAL OU DENT RIA, INCLUINDO OS P S E CREMES PARA FACILITAR A ADER NCIA DE DENTADURAS; FIOS UTILIZADOS PARA LIMPAR OS ESPA OS INTERDENTAIS (FIOS DENTAIS), EM EMBALAGENS INDIVIDUAIS PARA VENDA A RETALHO."
33061000;- DENTIFR CIOS (DENT FRICOS)
33062000;- FIOS UTILIZADOS PARA LIMPAR OS ESPA OS INTERDENTAIS (FIOS DENTAIS)
33069000;- OUTRAS
3307;"PREPARA  ES PARA BARBEAR (ANTES, DURANTE OU AP S), DESODORANTES (DESODORIZANTES) CORPORAIS, PREPARA  ES PARA BANHOS, DEPILAT RIOS, OUTROS PRODUTOS DE PERFUMARIA OU DE TOUCADOR PREPARADOS E OUTRAS PREPARA  ES COSM TICAS, N O ESPECIFICADOS NEM COMPREENDIDOS NOUTRAS POSI  ES; DESODORANTES (DESODORIZANTES) DE AMBIENTE, PREPARADOS, MESMO N O PERFUMADOS, MESMO COM PROPRIEDADES DESINFETANTES."
33071000;- PREPARA  ES PARA BARBEAR (ANTES, DURANTE OU AP S)
330720;- DESODORANTES (DESODORIZANTES) CORPORAIS E ANTIPERSPIRANTES
33072010;L QUIDOS
33072090;OUTROS
33073000;- SAIS PERFUMADOS E OUTRAS PREPARA  ES PARA BANHOS
33074;- PREPARA  ES PARA PERFUMAR OU PARA DESODORIZAR AMBIENTES, INCLUINDO AS PREPARA  ES ODOR FERAS PARA CERIM NIAS RELIGIOSAS:
33074100;-- AGARBATE E OUTRAS PREPARA  ES ODOR FERAS QUE ATUEM POR COMBUST O
33074900;-- OUTRAS
33079000;- OUTROS
34;"SAB ES, AGENTES ORG NICOS DE SUPERF CIE, PREPARA  ES PARA LAVAGEM, PREPARA  ES LUBRIFICANTES, CERAS ARTIFICIAIS, CERAS PREPARADAS, PRODUTOS DE CONSERVA  O E LIMPEZA, VELAS E ARTIGOS SEMELHANTES, MASSAS OU PASTAS PARA MODELAR, ""CERAS PARA ODONTOLOGIA"" E COMPOSI  ES PARA ODONTOLOGIA   BASE DE GESSO."
3401;"SAB ES; PRODUTOS E PREPARA  ES ORG NICOS TENSOATIVOS UTILIZADOS COMO SAB O, EM BARRAS, P ES, PEDA OS OU FIGURAS MOLDADAS, MESMO QUE CONTENHAM SAB O; PRODUTOS E PREPARA  ES ORG NICOS TENSOATIVOS PARA LAVAGEM DA PELE, SOB A FORMA DE L QUIDO OU DE CREME, ACONDICIONADOS PARA VENDA A RETALHO, MESMO QUE CONTENHAM SAB O; PAPEL, PASTAS (OUATES), FELTROS E FALSOS TECIDOS (TECIDOS N O TECIDOS), IMPREGNADOS, REVESTIDOS OU RECOBERTOS DE SAB O OU DE DETERGENTES."
34011;- SAB ES, PRODUTOS E PREPARA  ES ORG NICOS TENSOATIVOS, EM BARRAS, P ES, PEDA OS OU FIGURAS MOLDADAS, E PAPEL, PASTAS (OUATES), FELTROS E FALSOS TECIDOS (TECIDOS N O TECIDOS), IMPREGNADOS, REVESTIDOS OU RECOBERTOS DE SAB O OU DE DETERGENTES:
340111;-- DE TOUCADOR (INCLUINDO OS DE USO MEDICINAL)
34011110;SAB ES MEDICINAIS
34011190;OUTROS
34011900;-- OUTROS
340120;- SAB ES SOB OUTRAS FORMAS
34012010;DE TOUCADOR
34012090;OUTROS
34013000;- PRODUTOS E PREPARA  ES ORG NICOS TENSOATIVOS PARA LAVAGEM DA PELE, SOB A FORMA DE L QUIDO OU DE CREME, ACONDICIONADOS PARA VENDA A RETALHO, MESMO QUE CONTENHAM SAB O
3402;"AGENTES ORG NICOS DE SUPERF CIE (EXCETO SAB ES); PREPARA  ES TENSOATIVAS, PREPARA  ES PARA LAVAGEM (INCLUINDO AS PREPARA  ES AUXILIARES PARA LAVAGEM) E PREPARA  ES PARA LIMPEZA, MESMO QUE CONTENHAM SAB O, EXCETO AS DA POSI  O 34.01."
34023;- AGENTES ORG NICOS DE SUPERF CIE ANI NICOS, MESMO ACONDICIONADOS PARA VENDA A RETALHO:
34023100;--  CIDOS SULF NICOS DE ALQUILBENZENOS LINEARES E SEUS SAIS
340239;-- OUTROS
34023910;DIBUTILNAFTALENOSSULFATO DE S DIO
34023920;N-METIL-N-OLEILTAURATO DE S DIO
34023930;ALQUILSULFONATO DE S DIO, SECUND RIO
34023990;OUTROS
34024;- OUTROS AGENTES ORG NICOS DE SUPERF CIE, MESMO ACONDICIONADOS PARA VENDA A RETALHO:
340241;-- CATI NICOS
34024110;ACETATO DE OLEILAMINA
34024190;OUTROS
34024200;-- N O I NICOS
34024900;-- OUTROS
34025000;- PREPARA  ES ACONDICIONADAS PARA VENDA A RETALHO
340290;- OUTRAS
3402901;MISTURAS ENTRE SI DE AGENTES ORG NICOS DE SUPERF CIE
34029011;QUE CONTENHAM EXCLUSIVAMENTE PRODUTOS N O I NICOS
34029019;OUTRAS
3402902;SOLU  ES OU EMULS ES DE PRODUTOS TENSOATIVOS DAS SUBPOSI  ES 3402.31 A 3402.49, E OUTRAS PREPARA  ES TENSOATIVAS PROPRIAMENTE DITAS
34029021;SOLU  ES OU EMULS ES HIDROALCO LICAS DE (1-PERFLUORALQUIL-2-ACETOXI)PROPIL-BETA NA
34029022;BASE DE NONANOILOXIBENZENOSSULFONATO DE S DIO
34029023;SOLU  ES OU EMULS ES HIDROALCO LICAS DE SULFONATOS DE PERFLUORALQUILTRIMETILAM NIO E DE PERFLUORALQUILACRILAMIDA
34029029;OUTRAS
3402903;PREPARA  ES PARA LAVAGEM (DETERGENTES)
34029031;BASE DE NONILFENOL ETOXILADO
34029039;OUTRAS
34029090;OUTRAS
3403;PREPARA  ES LUBRIFICANTES (INCLUINDO OS  LEOS DE CORTE, AS PREPARA  ES ANTIADERENTES DE PORCAS E PARAFUSOS, AS PREPARA  ES ANTIFERRUGEM OU ANTICORROS O E AS PREPARA  ES PARA DESMOLDAGEM,   BASE DE LUBRIFICANTES) E PREPARA  ES DO TIPO UTILIZADO PARA LUBRIFICAR E AMACIAR MAT RIAS T XTEIS, PARA UNTAR COUROS, PELES COM PELO E OUTRAS MAT RIAS, EXCETO AS QUE CONTENHAM, COMO CONSTITUINTES DE BASE, 70 % OU MAIS, EM PESO, DE  LEOS DE PETR LEO OU DE MINERAIS BETUMINOSOS.
34031;- QUE CONTENHAM  LEOS DE PETR LEO OU DE MINERAIS BETUMINOSOS:
340311;-- PREPARA  ES PARA TRATAMENTO DE MAT RIAS T XTEIS, COUROS, PELES COM PELO OU DE OUTRAS MAT RIAS
34031110;PARA O TRATAMENTO DE MAT RIAS T XTEIS
34031120;PARA O TRATAMENTO DE COUROS E PELES
34031190;OUTRAS
34031900;-- OUTRAS
34039;- OUTRAS:
340391;-- PREPARA  ES PARA TRATAMENTO DE MAT RIAS T XTEIS, COUROS, PELES COM PELO OU DE OUTRAS MAT RIAS
34039110;PARA O TRATAMENTO DE MAT RIAS T XTEIS
34039120;PARA O TRATAMENTO DE COUROS E PELES
34039190;OUTRAS
34039900;-- OUTRAS
3404;CERAS ARTIFICIAIS E CERAS PREPARADAS.
340420;- DE POLI(OXIETILENO) (POLIETILENOGLICOL)
34042010;CERAS ARTIFICIAIS
34042020;CERAS PREPARADAS
340490;- OUTRAS
3404901;CERAS ARTIFICIAIS
34049011;DE POLIETILENO, EMULSION VEIS
34049012;OUTRAS, DE POLIETILENO
34049013;DE POLIPROPILENOGLIC IS
34049014;DE D MERO DE ALQUILCETENO COM DOIS GRUPOS ALTERNADOS N-ALQUILA DE C12, C14 E C16, EM GR NULOS
34049019;OUTRAS
3404902;CERAS PREPARADAS
34049021;BASE DE VASELINA E  LCOOIS DE LANOLINA (EUCERINA ANIDRA)
34049022;BASE DE HIDROXIESTEARIL CETIL  TER
34049029;OUTRAS
3405;POMADAS E CREMES PARA CAL ADO, ENC USTICAS, PREPARA  ES PARA DAR BRILHO A PINTURAS DE CARRO ARIAS, VIDROS OU METAIS, PASTAS E P S PARA AREAR E PREPARA  ES SEMELHANTES (MESMO APRESENTADOS EM PAPEL, PASTAS (OUATES), FELTROS, FALSOS TECIDOS (TECIDOS N O TECIDOS), PL STICO ALVEOLAR OU BORRACHA ALVEOLAR, IMPREGNADOS, REVESTIDOS OU RECOBERTOS DAQUELAS PREPARA  ES), COM EXCLUS O DAS CERAS DA POSI  O 34.04.
34051000;- POMADAS, CREMES E PREPARA  ES SEMELHANTES, PARA CAL ADO OU PARA COUROS
34052000;- ENC USTICAS E PREPARA  ES SEMELHANTES, PARA CONSERVA  O E LIMPEZA DE M VEIS DE MADEIRA, SOALHOS E DE OUTROS ARTIGOS DE MADEIRA
34053000;- PREPARA  ES PARA DAR BRILHO A PINTURAS DE CARRO ARIAS E PRODUTOS SEMELHANTES, EXCETO PREPARA  ES PARA DAR BRILHO A METAIS
34054000;- PASTAS, P S E OUTRAS PREPARA  ES PARA AREAR
34059000;- OUTROS
34060000;VELAS, PAVIOS, C RIOS E ARTIGOS SEMELHANTES.
340700;"MASSAS OU PASTAS PARA MODELAR, INCLUINDO AS PR PRIAS PARA RECREA  O DE CRIAN AS; ""CERAS PARA ODONTOLOGIA"" APRESENTADAS EM SORTIDOS, EM EMBALAGENS PARA VENDA A RETALHO OU EM PLAQUETAS, FERRADURAS, BASTONETES OU FORMAS SEMELHANTES; OUTRAS COMPOSI  ES PARA ODONTOLOGIA   BASE DE GESSO."
34070010;MASSAS OU PASTAS PARA MODELAR
34070020;"""CERAS PARA ODONTOLOGIA"""
34070090;OUTRAS
35;"MAT RIAS ALBUMINOIDES; PRODUTOS   BASE DE AMIDOS OU DE F CULAS MODIFICADOS; COLAS; ENZIMAS."
3501;"CASE NAS, CASEINATOS E OUTROS DERIVADOS DAS CASE NAS; COLAS DE CASE NA."
35011000;- CASE NAS
350190;- OUTROS
3501901;CASEINATOS E OUTROS DERIVADOS DAS CASE NAS
35019011;CASEINATO DE S DIO
35019019;OUTROS
35019020;COLAS DE CASE NA
3502;ALBUMINAS (INCLUINDO OS CONCENTRADOS DE V RIAS PROTE NAS DE SORO DE LEITE, QUE CONTENHAM, EM PESO, CALCULADO SOBRE A MAT RIA SECA, MAIS DE 80 % DE PROTE NAS DE SORO DE LEITE), ALBUMINATOS E OUTROS DERIVADOS DAS ALBUMINAS.
35021;- OVALBUMINA:
35021100;-- SECA
35021900;-- OUTRA
35022000;- LACTALBUMINA, INCLUINDO OS CONCENTRADOS DE DUAS OU MAIS PROTE NAS DE SORO DE LEITE
350290;- OUTROS
35029010;SOROALBUMINA
35029090;OUTROS
350300;"GELATINAS (INCLUINDO AS APRESENTADAS EM FOLHAS DE FORMA QUADRADA OU RETANGULAR, MESMO TRABALHADAS NA SUPERF CIE OU CORADAS) E SEUS DERIVADOS; ICTIOCOLA; OUTRAS COLAS DE ORIGEM ANIMAL, EXCETO COLAS DE CASE NA DA POSI  O 35.01."
3503001;GELATINAS E SEUS DERIVADOS
35030011;DE OSSE NA, COM GRAU DE PUREZA IGUAL OU SUPERIOR A 99,98 %, EM PESO
35030012;DE OSSE NA, COM GRAU DE PUREZA INFERIOR A 99,98 %, EM PESO
35030019;OUTROS
35030090;OUTRAS
350400;"PEPTONAS E SEUS DERIVADOS; OUTRAS MAT RIAS PROTEICAS E SEUS DERIVADOS, N O ESPECIFICADOS NEM COMPREENDIDOS NOUTRAS POSI  ES; P  DE PELES, TRATADO OU N O PELO CROMO."
3504001;PEPTONAS E SEUS DERIVADOS
35040011;PEPTONAS E PEPTONATOS
35040019;OUTROS
35040020;PROTE NAS DE SOJA EM P , COM UM TEOR DE PROTE NAS IGUAL OU SUPERIOR A 90 %, EM PESO, EM BASE SECA
35040030;PROTE NAS DE BATATA EM P , COM UM TEOR DE PROTE NAS IGUAL OU SUPERIOR A 80 %, EM PESO, EM BASE SECA
35040090;OUTROS
3505;"DEXTRINA E OUTROS AMIDOS E F CULAS MODIFICADOS (POR EXEMPLO, AMIDOS E F CULAS PR -GELATINIZADOS OU ESTERIFICADOS); COLAS   BASE DE AMIDOS OU DE F CULAS, DE DEXTRINA OU DE OUTROS AMIDOS OU F CULAS MODIFICADOS."
35051000;- DEXTRINA E OUTROS AMIDOS E F CULAS MODIFICADOS
35052000;- COLAS
3506;"COLAS E OUTROS ADESIVOS PREPARADOS, N O ESPECIFICADOS NEM COMPREENDIDOS NOUTRAS POSI  ES; PRODUTOS DE QUALQUER ESP CIE UTILIZADOS COMO COLAS OU ADESIVOS, ACONDICIONADOS PARA VENDA A RETALHO COMO COLAS OU ADESIVOS, DE PESO L QUIDO N O SUPERIOR A 1 KG."
350610;- PRODUTOS DE QUALQUER ESP CIE UTILIZADOS COMO COLAS OU ADESIVOS, ACONDICIONADOS PARA VENDA A RETALHO COMO COLAS OU ADESIVOS, DE PESO L QUIDO N O SUPERIOR A 1 KG
35061010;BASE DE CIANOACRILATOS
35061090;OUTROS
35069;- OUTROS:
350691;-- ADESIVOS   BASE DE POL MEROS DAS POSI  ES 39.01 A 39.13 OU DE BORRACHA
35069110;BASE DE BORRACHA
35069120;BASE DE POL MEROS DAS POSI  ES 39.01 A 39.13, DISPERSOS OU PARA DISPERSAR EM MEIO AQUOSO
35069190;OUTROS
35069900;-- OUTROS
3507;"ENZIMAS; ENZIMAS PREPARADAS N O ESPECIFICADAS NEM COMPREENDIDAS NOUTRAS POSI  ES."
35071000;- COALHO E SEUS CONCENTRADOS
350790;- OUTRAS
3507901;AMILASES E SEUS CONCENTRADOS
35079011;ALFA-AMILASE (ASPERGILLUS ORYZAE)
35079019;OUTROS
3507902;PROTEASES E SEUS CONCENTRADOS
35079021;FIBRINUCLEASES
35079022;BROMELINA
35079023;ESTREPTOQUINASE
35079024;ESTREPTODORNASE
35079025;MISTURA DE ESTREPTOQUINASE E ESTREPTODORNASE
35079026;PAPA NA
35079029;OUTROS
3507903;OUTRAS ENZIMAS E SEUS CONCENTRADOS
35079031;LISOZIMA E SEU CLORIDRATO
35079032;L-ASPARAGINASE
35079039;OUTROS
3507904;ENZIMAS PREPARADAS
35079041;BASE DE CELULASES
35079042;BASE DE TRANSGLUTAMINASE
35079049;OUTRAS
36;"P LVORAS E EXPLOSIVOS; ARTIGOS DE PIROTECNIA; F SFOROS; LIGAS PIROF RICAS; MAT RIAS INFLAM VEIS."
36010000;P LVORAS PROPULSIVAS.
36020000;EXPLOSIVOS PREPARADOS, EXCETO P LVORAS PROPULSIVAS.
3603;"ESTOPINS E RASTILHOS, DE SEGURAN A; CORD IS (CORD ES) DETONANTES; ESCORVAS E C PSULAS FULMINANTES; INFLAMADORES; DETONADORES EL TRICOS."
36031000;- ESTOPINS E RASTILHOS, DE SEGURAN A
36032000;- CORD IS (CORD ES) DETONANTES
36033000;- ESCORVAS FULMINANTES
36034000;- C PSULAS FULMINANTES
36035000;- INFLAMADORES
36036000;- DETONADORES EL TRICOS
3604;FOGOS DE ARTIF CIO, FOGUETES DE SINALIZA  O OU CONTRA O GRANIZO E SEMELHANTES, BOMBAS, PETARDOS E OUTROS ARTIGOS DE PIROTECNIA.
36041000;- FOGOS DE ARTIF CIO
360490;- OUTROS
36049010;FOGUETES E CARTUCHOS CONTRA O GRANIZO E SEMELHANTES
36049090;OUTROS
36050000;F SFOROS, EXCETO OS ARTIGOS DE PIROTECNIA DA POSI  O 36.04.
3606;"FERROC RIO E OUTRAS LIGAS PIROF RICAS, SOB QUAISQUER FORMAS; ARTIGOS DE MAT RIAS INFLAM VEIS INDICADOS NA NOTA 2 DO PRESENTE CAP TULO."
36061000;- COMBUST VEIS L QUIDOS E COMBUST VEIS GASOSOS LIQUEFEITOS, EM RECIPIENTES DO TIPO UTILIZADO PARA CARREGAR OU RECARREGAR ISQUEIROS OU ACENDEDORES, COM CAPACIDADE N O SUPERIOR A 300 CM3
36069000;- OUTROS
37;PRODUTOS PARA FOTOGRAFIA E CINEMATOGRAFIA.
3701;"CHAPAS E FILMES PLANOS, FOTOGR FICOS, SENSIBILIZADOS, N O IMPRESSIONADOS, DE MAT RIAS DIFERENTES DO PAPEL, CART O OU DOS T XTEIS; FILMES FOTOGR FICOS PLANOS, DE REVELA  O E C PIA INSTANT NEAS, SENSIBILIZADOS, N O IMPRESSIONADOS, MESMO EM CARTUCHOS."
370110;- PARA RAIOS X
37011010;SENSIBILIZADOS EM UMA FACE
3701102;SENSIBILIZADOS NAS DUAS FACES
37011021;PR PRIOS PARA USO ODONTOL GICO
37011029;OUTROS
370120;- FILMES DE REVELA  O E C PIA INSTANT NEAS
37012010;PARA FOTOGRAFIA A CORES (POLICROMO)
37012020;PARA FOTOGRAFIA MONOCROM TICA
370130;- OUTRAS CHAPAS E FILMES CUJA DIMENS O DE PELO MENOS UM DOS LADOS SEJA SUPERIOR A 255 MM
37013010;PARA FOTOGRAFIA A CORES (POLICROMO)
3701302;CHAPAS SENSIBILIZADAS COM POL MEROS FOTOSSENS VEIS
37013021;DE ALUM NIO
37013022;DE POLI STER
37013029;OUTRAS
3701303;CHAPAS SENSIBILIZADAS POR OUTROS PROCEDIMENTOS
37013031;DE ALUM NIO
37013039;OUTRAS
37013040;FILMES PARA AS ARTES GR FICAS
37013050;FILMES HELIOGR FICOS, DE POLI STER
37013090;OUTROS
37019;- OUTROS:
37019100;-- PARA FOTOGRAFIA A CORES (POLICROMO)
37019900;-- OUTROS
3702;"FILMES FOTOGR FICOS SENSIBILIZADOS, N O IMPRESSIONADOS, EM ROLOS, DE MAT RIAS DIFERENTES DO PAPEL, CART O OU DOS T XTEIS; FILMES FOTOGR FICOS DE REVELA  O E C PIA INSTANT NEAS, EM ROLOS, SENSIBILIZADOS, N O IMPRESSIONADOS."
370210;- PARA RAIOS X
37021010;SENSIBILIZADOS EM UMA FACE
37021020;SENSIBILIZADOS EM AMBAS AS FACES
37023;- OUTROS FILMES, N O PERFURADOS, DE LARGURA N O SUPERIOR A 105 MM:
37023100;-- PARA FOTOGRAFIA A CORES (POLICROMO)
37023200;-- OUTROS, QUE CONTENHAM UMA EMULS O DE HALOGENETOS DE PRATA
37023900;-- OUTROS
37024;- OUTROS FILMES, N O PERFURADOS, DE LARGURA SUPERIOR A 105 MM:
37024100;-- DE LARGURA SUPERIOR A 610 MM E COMPRIMENTO SUPERIOR A 200 M, PARA FOTOGRAFIA A CORES (POLICROMO)
370242;-- DE LARGURA SUPERIOR A 610 MM E COMPRIMENTO SUPERIOR A 200 M, EXCETO PARA FOTOGRAFIA A CORES (POLICROMO)
37024210;PARA AS ARTES GR FICAS
37024290;OUTROS
370243;-- DE LARGURA SUPERIOR A 610 MM E COMPRIMENTO N O SUPERIOR A 200 M
37024310;PARA AS ARTES GR FICAS
37024320;HELIOGR FICOS, DE POLI STER
37024390;OUTROS
370244;-- DE LARGURA SUPERIOR A 105 MM, MAS N O SUPERIOR A 610 MM
37024410;PARA FOTOGRAFIA A CORES (POLICROMO)
3702442;PARA FOTOGRAFIA MONOCROM TICA
37024421;PARA AS ARTES GR FICAS
37024422;FOTOPOLIMERIZ VEIS, SENSIBILIZADAS   BASE DE COMPOSTOS ACR LICOS, DO TIPO UTILIZADO PARA A FABRICA  O DE CIRCUITOS IMPRESSOS
37024429;OUTROS
37025;- OUTROS FILMES, PARA FOTOGRAFIA A CORES (POLICROMO):
37025200;-- DE LARGURA N O SUPERIOR A 16 MM
37025300;-- DE LARGURA SUPERIOR A 16 MM, MAS N O SUPERIOR A 35 MM, E COMPRIMENTO N O SUPERIOR A 30 M, PARA DIAPOSITIVOS
370254;-- DE LARGURA SUPERIOR A 16 MM, MAS N O SUPERIOR A 35 MM, E COMPRIMENTO N O SUPERIOR A 30 M, EXCETO PARA DIAPOSITIVOS
3702541;DE LARGURA IGUAL A 35 MM
37025411;EM BOBINAS (FILMPACKS)
37025412;DE 12 EXPOSI  ES (0,5 M DE COMPRIMENTO), DE 24 EXPOSI  ES (1,0 M DE COMPRIMENTO) OU DE 36 EXPOSI  ES (1,5 M DE COMPRIMENTO)
37025419;OUTROS
3702549;OUTROS
37025491;EM BOBINAS (FILMPACKS)
37025499;OUTROS
370255;-- DE LARGURA SUPERIOR A 16 MM, MAS N O SUPERIOR A 35 MM, E COMPRIMENTO SUPERIOR A 30 M
37025510;DE LARGURA IGUAL A 35 MM
37025590;OUTROS
37025600;-- DE LARGURA SUPERIOR A 35 MM
37029;- OUTROS:
37029600;-- DE LARGURA N O SUPERIOR A 35 MM E COMPRIMENTO N O SUPERIOR A 30 M
37029700;-- DE LARGURA N O SUPERIOR A 35 MM E COMPRIMENTO SUPERIOR A 30 M
37029800;-- DE LARGURA SUPERIOR A 35 MM
3703;PAP IS, CART ES E T XTEIS, FOTOGR FICOS, SENSIBILIZADOS, N O IMPRESSIONADOS.
370310;- EM ROLOS DE LARGURA SUPERIOR A 610 MM
37031010;PARA FOTOGRAFIA A CORES (POLICROMO)
3703102;PARA FOTOGRAFIA MONOCROM TICA
37031021;PAPEL HELIOGR FICO
37031029;OUTROS
37032000;- OUTROS, PARA FOTOGRAFIA A CORES (POLICROMO)
370390;- OUTROS
37039010;PAPEL PARA FOTOCOMPOSI  O
37039090;OUTROS
37040000;CHAPAS, FILMES, PAP IS, CART ES E T XTEIS, FOTOGR FICOS, IMPRESSIONADOS, MAS N O REVELADOS.
370500;CHAPAS E FILMES, FOTOGR FICOS, IMPRESSIONADOS E REVELADOS, EXCETO OS FILMES CINEMATOGR FICOS.
37050010;FOTOM SCARAS SOBRE VIDRO PLANO, POSITIVAS, PR PRIAS PARA GRAVA  O EM PASTILHAS DE SIL CIO (CHIPS) PARA FABRICA  O DE MICROESTRUTURAS ELETR NICAS
37050090;OUTROS
3706;FILMES CINEMATOGR FICOS IMPRESSIONADOS E REVELADOS, QUE CONTENHAM OU N O GRAVA  O DE SOM OU QUE CONTENHAM APENAS GRAVA  O DE SOM.
37061000;- DE LARGURA IGUAL OU SUPERIOR A 35 MM
37069000;- OUTROS
3707;"PREPARA  ES QU MICAS PARA USOS FOTOGR FICOS, EXCETO VERNIZES, COLAS, ADESIVOS E PREPARA  ES SEMELHANTES; PRODUTOS N O MISTURADOS, QUER DOSEADOS TENDO EM VISTA USOS FOTOGR FICOS, QUER ACONDICIONADOS PARA VENDA A RETALHO PARA ESSES MESMOS USOS E PRONTOS PARA UTILIZA  O."
37071000;- EMULS ES PARA SENSIBILIZA  O
370790;- OUTROS
37079010;FIXADORES
3707902;REVELADORES
37079021;BASE DE NEGRO DE FUMO OU DE UM CORANTE E RESINAS TERMOPL STICAS, PARA A REPRODU  O DE DOCUMENTOS POR PROCESSO ELETROST TICO
37079029;OUTROS
37079030;COMPOSTOS DIAZOICOS FOTOSSENS VEIS PARA PREPARA  O DE EMULS ES
37079090;OUTROS
38;PRODUTOS DIVERSOS DAS IND STRIAS QU MICAS.
3801;"GRAFITA ARTIFICIAL; GRAFITA COLOIDAL OU SEMICOLOIDAL; PREPARA  ES   BASE DE GRAFITA OU DE OUTROS CARBONOS, EM PASTAS, BLOCOS, PLAQUETAS OU OUTROS PRODUTOS INTERMEDI RIOS."
38011000;- GRAFITA ARTIFICIAL
380120;- GRAFITA COLOIDAL OU SEMICOLOIDAL
38012010;SUSPENS O SEMICOLOIDAL EM  LEOS MINERAIS
38012090;OUTROS
380130;- PASTAS CARBONADAS PARA ELETRODOS E PASTAS SEMELHANTES PARA REVESTIMENTO INTERIOR DE FORNOS
38013010;PASTA CARBONADA PARA ELETRODOS
38013090;OUTRAS
38019000;- OUTRAS
3802;"CARV ES ATIVADOS; MAT RIAS MINERAIS NATURAIS ATIVADAS; NEGROS DE ORIGEM ANIMAL, INCLUINDO O NEGRO ANIMAL ESGOTADO."
38021000;- CARV ES ATIVADOS
380290;- OUTROS
38029010;FARINHAS SILICIOSAS F SSEIS
38029020;BENTONITA
38029030;ATAPULGITA
38029040;OUTRAS ARGILAS E TERRAS
38029050;BAUXITA
38029090;OUTROS
380300;TALL OIL, MESMO REFINADO.
38030010;EM BRUTO
38030090;OUTROS
380400;LIX VIAS RESIDUAIS DA FABRICA  O DAS PASTAS DE CELULOSE, MESMO CONCENTRADAS, DESA UCARADAS OU TRATADAS QUIMICAMENTE, INCLUINDO OS LIGNOSSULFONATOS, MAS EXCLUINDO O TALL OIL DA POSI  O 38.03.
3804001;LIX VIAS RESIDUAIS DA FABRICA  O DE PASTAS DE CELULOSE
38040011;AO SULFITO
38040012;SODA OU AO SULFATO
38040020;LIGNOSSULFONATOS
3805;"ESS NCIAS DE TEREBINTINA, DE PINHEIRO OU PROVENIENTES DA FABRICA  O DA PASTA DE PAPEL AO SULFATO E OUTRAS ESS NCIAS TERP NICAS PROVENIENTES DA DESTILA  O OU DE OUTROS TRATAMENTOS DAS MADEIRAS DE CON FERAS; DIPENTENO EM BRUTO; ESS NCIA PROVENIENTE DA FABRICA  O DA PASTA DE PAPEL AO BISSULFITO E OUTROS PARACIMENOS EM BRUTO;  LEO DE PINHO QUE CONTENHA ALFA-TERPINEOL COMO CONSTITUINTE PRINCIPAL."
38051000;- ESS NCIAS DE TEREBINTINA, DE PINHEIRO OU PROVENIENTES DA FABRICA  O DA PASTA DE PAPEL AO SULFATO
380590;- OUTROS
38059010;LEO DE PINHO
38059090;OUTROS
3806;"COLOF NIAS E  CIDOS RES NICOS, E SEUS DERIVADOS; ESS NCIA DE COLOF NIA E  LEOS DE COLOF NIA; GOMAS FUNDIDAS."
38061000;- COLOF NIAS E  CIDOS RES NICOS
38062000;- SAIS DE COLOF NIAS, DE  CIDOS RES NICOS OU DE DERIVADOS DE COLOF NIAS OU DE  CIDOS RES NICOS, EXCETO OS SAIS DE ADUCTOS DE COLOF NIAS
38063000;- GOMAS  STERES
380690;- OUTROS
3806901;OUTROS DERIVADOS DE COLOF NIAS OU DE  CIDOS RES NICOS
38069011;COLOF NIAS OXIDADAS, HIDROGENADAS, DESIDROGENADAS, POLIMERIZADAS OU MODIFICADAS COM  CIDOS FUM RICO OU MALEICO OU COM ANIDRIDO MALEICO
38069012;"ABIETATOS DE METILA OU DE BENZILA; HIDROABIETATO DE METILA"
38069019;OUTROS
38069090;OUTROS
38070000;"ALCATR ES DE MADEIRA;  LEOS DE ALCATR O DE MADEIRA; CREOSOTO DE MADEIRA; METILENO; BREU (PEZ) VEGETAL; BREU (PEZ) PARA A IND STRIA DA CERVEJA E PREPARA  ES SEMELHANTES   BASE DE COLOF NIAS, DE  CIDOS RES NICOS OU DE BREU (PEZ) VEGETAL."
3808;INSETICIDAS, RODENTICIDAS, FUNGICIDAS, HERBICIDAS, INIBIDORES DE GERMINA  O E REGULADORES DE CRESCIMENTO PARA PLANTAS, DESINFETANTES E PRODUTOS SEMELHANTES, APRESENTADOS EM FORMAS OU EMBALAGENS PARA VENDA A RETALHO OU COMO PREPARA  ES OU AINDA SOB A FORMA DE ARTIGOS, TAIS COMO FITAS, MECHAS E VELAS SULFURADAS E PAPEL MATA-MOSCAS.
38085;- MERCADORIAS MENCIONADAS NA NOTA DE SUBPOSI  ES 1 DO PRESENTE CAP TULO:
38085200;-- DDT (ISO) (CLOFENOTANO (DCI)), ACONDICIONADO EM EMBALAGENS COM UM CONTE DO DE PESO L QUIDO N O SUPERIOR A 300 G
380859;-- OUTRAS
38085910;APRESENTADAS EM FORMAS OU EMBALAGENS EXCLUSIVAMENTE PARA USO DIRETO EM APLICA  ES DOMISSANIT RIAS
3808592;APRESENTADAS DE OUTRO MODO
38085921;BASE DE METAMIDOF S (ISO) OU DE MONOCROTOF S (ISO)
38085922;BASE DE ENDOSSULFAN (ISO)
38085923;BASE DE ALACLOR (ISO)
38085924;BASE DE 1,2,3,4,5,6-HEXACLOROCICLOEXANO (HCH (ISO)), INCLUINDO O LINDANO (ISO, DCI)
38085925;BASE DE TRICLORFOM (ISO)
38085926;BASE DE N-ETILPERFLUOROCTANO SULFONAMIDA
38085929;OUTRAS
38086;- MERCADORIAS MENCIONADAS NA NOTA DE SUBPOSI  ES 2 DO PRESENTE CAP TULO:
38086100;-- ACONDICIONADAS EM EMBALAGENS COM UM CONTE DO DE PESO L QUIDO N O SUPERIOR A 300 G
380862;-- ACONDICIONADAS EM EMBALAGENS COM UM CONTE DO DE PESO L QUIDO SUPERIOR A 300 G, MAS N O SUPERIOR A 7,5 KG
38086210;BASE DE ALFA-CIPERMETRINA (ISO)
38086290;OUTRAS
380869;-- OUTRAS
38086910;BASE DE ALFA-CIPERMETRINA (ISO)
38086990;OUTRAS
38089;- OUTROS:
380891;-- INSETICIDAS
3808911;APRESENTADOS EM FORMAS OU EMBALAGENS EXCLUSIVAMENTE PARA USO DIRETO EM APLICA  ES DOMISSANIT RIAS
38089111;QUE CONTENHAM BROMOMETANO (BROMETO DE METILA) OU BROMOCLOROMETANO
38089119;OUTROS
38089120;APRESENTADOS DE OUTRO MODO, QUE CONTENHAM BROMOMETANO (BROMETO DE METILA) OU BROMOCLOROMETANO
3808919;OUTROS
38089191;BASE DE ACEFATO OU DE BACILLUS THURINGIENSIS
38089192;BASE DE CIPERMETRINAS OU DE PERMETRINA
38089193;BASE DE DICROTOF S
38089194;BASE DE DISSULFOTON
38089195;BASE DE FOSFETO DE ALUM NIO
38089196;BASE DE DICLORV S
38089197;BASE DE  LEO MINERAL OU DE TIOMETON
38089199;OUTROS
380892;-- FUNGICIDAS
3808921;APRESENTADOS EM FORMAS OU EMBALAGENS EXCLUSIVAMENTE PARA USO DIRETO EM APLICA  ES DOMISSANIT RIAS
38089211;QUE CONTENHAM BROMOMETANO (BROMETO DE METILA) OU BROMOCLOROMETANO
38089219;OUTROS
38089220;APRESENTADOS DE OUTRO MODO, QUE CONTENHAM BROMOMETANO (BROMETO DE METILA) OU BROMOCLOROMETANO
3808929;OUTROS
38089291;BASE DE HIDR XIDO DE COBRE, DE OXICLORETO DE COBRE OU DE  XIDO CUPROSO
38089292;BASE DE ENXOFRE OU DE ZIRAM
38089293;BASE DE MANCOZEB OU DE MANEB
38089294;BASE DE SULFIRAM
38089295;BASE DE COMPOSTOS DE ARS NIO, COBRE OU CROMO, EXCETO OS PRODUTOS DO SUBITEM 3808.92.91
38089296;BASE DE THIRAM
38089297;BASE DE PROPICONAZOL
38089299;OUTROS
380893;-- HERBICIDAS, INIBIDORES DE GERMINA  O E REGULADORES DE CRESCIMENTO PARA PLANTAS
3808931;HERBICIDAS APRESENTADOS EM FORMAS OU EMBALAGENS EXCLUSIVAMENTE PARA USO DIRETO EM APLICA  ES DOMISSANIT RIAS
38089311;QUE CONTENHAM BROMOMETANO (BROMETO DE METILA) OU BROMOCLOROMETANO
38089319;OUTROS
3808932;HERBICIDAS APRESENTADOS DE OUTRO MODO
38089321;QUE CONTENHAM BROMOMETANO (BROMETO DE METILA) OU BROMOCLOROMETANO
38089322;OUTROS,   BASE DE  CIDO 2,4-DICLOROFENOXIAC TICO (2,4-D), DE  CIDO 4-(2,4-DICLOROFENOXI)BUT RICO (2,4-DB), DE  CIDO (4-CLORO-2-METIL)FENOXIAC TICO (MCPA) OU DE DERIVADOS DE 2,4-D OU 2,4-DB
38089323;OUTROS,   BASE DE ATRAZINA OU DE DIURON
38089324;OUTROS,   BASE DE GLIFOSATO OU SEUS SAIS, DE IMAZAQUIM OU DE LACTOFEN
38089325;OUTROS,   BASE DE DICLORETO DE PARAQUATE, DE PROPANIL OU DE SIMAZINA
38089326;OUTROS,   BASE DE TRIFLURALINA
38089327;OUTROS,   BASE DE IMAZETAPIR
38089328;OUTROS,   BASE DE AMETRINA OU DE HEXAZINONA
38089329;OUTROS
3808933;INIBIDORES DE GERMINA  O
38089331;QUE CONTENHAM BROMOMETANO (BROMETO DE METILA) OU BROMOCLOROMETANO
38089332;OUTROS, APRESENTADOS EM FORMAS OU EMBALAGENS EXCLUSIVAMENTE PARA USO DIRETO EM APLICA  ES DOMISSANIT RIAS
38089333;OUTROS
3808934;REGULADORES DE CRESCIMENTO DAS PLANTAS APRESENTADOS EM FORMAS OU EMBALAGENS EXCLUSIVAMENTE PARA USO DIRETO EM APLICA  ES DOMISSANIT RIAS
38089341;QUE CONTENHAM BROMOMETANO (BROMETO DE METILA) OU BROMOCLOROMETANO
38089349;OUTROS
3808935;REGULADORES DE CRESCIMENTO DAS PLANTAS, APRESENTADOS DE OUTRO MODO
38089351;QUE CONTENHAM BROMOMETANO (BROMETO DE METILA) OU BROMOCLOROMETANO
38089352;OUTROS,   BASE DE HIDRAZIDA MALEICA
38089359;OUTROS
380894;-- DESINFETANTES
3808941;APRESENTADOS EM FORMAS OU EMBALAGENS EXCLUSIVAMENTE PARA USO DIRETO EM APLICA  ES DOMISSANIT RIAS
38089411;QUE CONTENHAM BROMOMETANO (BROMETO DE METILA) OU BROMOCLOROMETANO
38089419;OUTROS
3808942;APRESENTADOS DE OUTRO MODO
38089421;QUE CONTENHAM BROMOMETANO (BROMETO DE METILA) OU BROMOCLOROMETANO
38089422;OUTROS,   BASE DE 2-(TIOCIANOMETILTIO) BENZOTIAZOL
38089429;OUTROS
380899;-- OUTROS
3808991;APRESENTADOS EM FORMAS OU EMBALAGENS EXCLUSIVAMENTE PARA USO DIRETO EM APLICA  ES DOMISSANIT RIAS
38089911;QUE CONTENHAM BROMOMETANO (BROMETO DE METILA) OU BROMOCLOROMETANO
38089919;OUTROS
38089920;APRESENTADOS DE OUTRO MODO, QUE CONTENHAM BROMOMETANO (BROMETO DE METILA) OU BROMOCLOROMETANO
3808999;OUTROS
38089991;ACARICIDAS   BASE DE AMITRAZ, DE CLORFENVINF S OU DE PROPARGITE
38089992;ACARICIDAS   BASE DE CIEXATIN OU DE  XIDO DE FEMBUTATINA
38089993;OUTROS ACARICIDAS
38089994;NEMATICIDAS   BASE DE METAM S DIO
38089995;OUTROS NEMATICIDAS
38089996;RATICIDAS
38089999;OUTROS
3809;AGENTES DE APRESTO OU DE ACABAMENTO, ACELERADORES DE TINGIMENTO OU DE FIXA  O DE MAT RIAS CORANTES E OUTROS PRODUTOS E PREPARA  ES (POR EXEMPLO, APRESTOS PREPARADOS E PREPARA  ES MORDENTES) DO TIPO UTILIZADO NA IND STRIA T XTIL, NA IND STRIA DO PAPEL, NA IND STRIA DO COURO OU EM IND STRIAS SEMELHANTES, N O ESPECIFICADOS NEM COMPREENDIDOS NOUTRAS POSI  ES.
380910;-   BASE DE MAT RIAS AMIL CEAS
38091010;DO TIPO UTILIZADO NA IND STRIA T XTIL
38091090;OUTROS
38099;- OUTROS:
380991;-- DO TIPO UTILIZADO NA IND STRIA T XTIL OU NAS IND STRIAS SEMELHANTES
38099110;APRESTOS PREPARADOS
38099120;PREPARA  ES MORDENTES
38099130;PRODUTOS IGN FUGOS
3809914;IMPERMEABILIZANTES
38099141;BASE DE PARAFINA OU DE DERIVADOS DE  CIDOS GRAXOS (GORDOS)
38099149;OUTROS
38099190;OUTROS
380992;-- DO TIPO UTILIZADO NA IND STRIA DO PAPEL OU NAS IND STRIAS SEMELHANTES
3809921;IMPERMEABILIZANTES
38099211;BASE DE PARAFINA OU DE DERIVADOS DE  CIDOS GRAXOS (GORDOS)
38099219;OUTROS
38099290;OUTROS
380993;-- DO TIPO UTILIZADO NA IND STRIA DO COURO OU NAS IND STRIAS SEMELHANTES
3809931;IMPERMEABILIZANTES
38099311;BASE DE PARAFINA OU DE DERIVADOS DE  CIDOS GRAXOS (GORDOS)
38099319;OUTROS
38099390;OUTROS
3810;"PREPARA  ES PARA DECAPAGEM DE METAIS; FLUXOS PARA SOLDAR E OUTRAS PREPARA  ES AUXILIARES PARA SOLDAR METAIS; PASTAS E P S PARA SOLDAR, COMPOSTOS DE METAL E DE OUTRAS MAT RIAS; PREPARA  ES DO TIPO UTILIZADO PARA ENCHIMENTO OU REVESTIMENTO DE ELETRODOS OU DE VARETAS PARA SOLDAR."
381010;"- PREPARA  ES PARA DECAPAGEM DE METAIS; PASTAS E P S PARA SOLDAR, COMPOSTOS DE METAL E DE OUTRAS MAT RIAS"
38101010;PREPARA  ES PARA DECAPAGEM DE METAIS
38101020;PASTAS E P S PARA SOLDAR
38109000;- OUTROS
3811;PREPARA  ES ANTIDETONANTES, INIBIDORES DE OXIDA  O, ADITIVOS PEPTIZANTES, BENEFICIADORES DE VISCOSIDADE, ADITIVOS ANTICORROSIVOS E OUTROS ADITIVOS PREPARADOS, PARA  LEOS MINERAIS (INCLUINDO A GASOLINA) OU PARA OUTROS L QUIDOS UTILIZADOS PARA OS MESMOS FINS QUE OS  LEOS MINERAIS.
38111;- PREPARA  ES ANTIDETONANTES:
38111100;--   BASE DE COMPOSTOS DE CHUMBO
38111900;-- OUTRAS
38112;- ADITIVOS PARA  LEOS LUBRIFICANTES:
381121;-- QUE CONTENHAM  LEOS DE PETR LEO OU DE MINERAIS BETUMINOSOS
38112110;MELHORADORES DO  NDICE DE VISCOSIDADE
38112120;ANTIDESGASTES, ANTICORROSIVOS OU ANTIOXIDANTES, QUE CONTENHAM DIALQUILDITIOFOSFATO DE ZINCO OU DIARILDITIOFOSFATO DE ZINCO
38112130;DISPERSANTES SEM CINZAS
38112140;DETERGENTES MET LICOS
38112150;OUTRAS PREPARA  ES QUE CONTENHAM, PELO MENOS, UM DE QUAISQUER DOS PRODUTOS COMPREENDIDOS NOS ITENS 3811.21.10, 3811.21.20, 3811.21.30 E 3811.21.40
38112190;OUTROS
381129;-- OUTROS
38112910;DISPERSANTES SEM CINZAS
38112920;DETERGENTES MET LICOS
38112990;OUTROS
381190;- OUTROS
38119010;DISPERSANTES SEM CINZAS, PARA  LEOS DE PETR LEO COMBUST VEIS
38119090;OUTROS
3812;"PREPARA  ES DENOMINADAS ""ACELERADORES DE VULCANIZA  O""; PLASTIFICANTES COMPOSTOS PARA BORRACHA OU PL STICO, N O ESPECIFICADOS NEM COMPREENDIDOS NOUTRAS POSI  ES; PREPARA  ES ANTIOXIDANTES E OUTROS ESTABILIZADORES COMPOSTOS, PARA BORRACHA OU PL STICO."
38121000;"- PREPARA  ES DENOMINADAS ""ACELERADORES DE VULCANIZA  O"""
38122000;- PLASTIFICANTES COMPOSTOS PARA BORRACHA OU PL STICO
38123;- PREPARA  ES ANTIOXIDANTES E OUTROS ESTABILIZADORES COMPOSTOS, PARA BORRACHA OU PL STICO:
38123100;-- MISTURAS DE OLIG MEROS DE 2,2,4-TRIMETIL-1,2-DI-HIDROQUINOLINA (TMQ)
381239;-- OUTROS
3812391;PARA BORRACHA
38123911;QUE CONTENHAM DERIVADOS N-SUBSTITU DOS DE P-FENILENODIAMINA
38123912;QUE CONTENHAM FOSFITOS DE ALQUILA, DE ARILA OU DE ALQUIL-ARILA
38123919;OUTROS
3812392;PARA PL STICO
38123921;QUE CONTENHAM DERIVADOS N-SUBSTITU DOS DE P-FENILENODIAMINA
38123929;OUTROS
381300;"COMPOSI  ES E CARGAS PARA APARELHOS EXTINTORES; GRANADAS E BOMBAS, EXTINTORAS."
38130010;QUE CONTENHAM BROMOCLORODIFLUOROMETANO, BROMOTRIFLUOROMETANO OU DIBROMOTETRAFLUOROETANOS
38130020;QUE CONTENHAM HIDROBROMOFLUORCARBONETOS (HBFC) DO METANO, DO ETANO OU DO PROPANO
38130030;QUE CONTENHAM HIDROCLOROFLUORCARBONETOS (HCFC) DO METANO, DO ETANO OU DO PROPANO
38130040;QUE CONTENHAM BROMOCLOROMETANO
38130090;OUTROS
381400;"SOLVENTES E DILUENTES ORG NICOS COMPOSTOS, N O ESPECIFICADOS NEM COMPREENDIDOS NOUTRAS POSI  ES; PREPARA  ES CONCEBIDAS PARA REMOVER TINTAS OU VERNIZES."
38140010;QUE CONTENHAM CLOROFLUORCARBONETOS (CFC) DO METANO, DO ETANO OU DO PROPANO, MESMO QUE CONTENHAM HIDROCLOROFLUORCARBONETOS (HCFC)
38140020;QUE CONTENHAM HIDROCLOROFLUORCARBONETOS (HCFC) DO METANO, DO ETANO OU DO PROPANO, MAS QUE N O CONTENHAM CLOROFLUORCARBONETOS (CFC)
38140030;QUE CONTENHAM TETRACLORETO DE CARBONO, BROMOCLOROMETANO OU 1,1,1-TRICLOROETANO (METILCLOROF RMIO)
38140090;OUTROS
3815;INICIADORES DE REA  O, ACELERADORES DE REA  O E PREPARA  ES CATAL TICAS, N O ESPECIFICADOS NEM COMPREENDIDOS NOUTRAS POSI  ES.
38151;- CATALISADORES EM SUPORTE:
38151100;-- TENDO COMO SUBST NCIA ATIVA O N QUEL OU UM COMPOSTO DE N QUEL
381512;-- TENDO COMO SUBST NCIA ATIVA UM METAL PRECIOSO OU UM COMPOSTO DE METAL PRECIOSO
38151210;EM COLMEIA CER MICA OU MET LICA PARA CONVERS O CATAL TICA DE GASES DE ESCAPE DE VE CULOS
38151220;COM TAMANHO DE PART CULA INFERIOR A 500 MICR METROS (M CRONS)
38151290;OUTROS
38151900;-- OUTROS
381590;- OUTROS
38159010;PARA CRAQUEAMENTO DE PETR LEO
3815909;OUTROS
38159091;TENDO COMO SUBST NCIA ATIVA O ISOPRENILALUM NIO (IPRA)
38159092;TENDO COMO SUBST NCIA ATIVA O  XIDO DE ZINCO
38159093;TENDO COMO SUBST NCIA ATIVA  XIDOS DE TERRAS RARAS
38159099;OUTROS
381600;CIMENTOS, ARGAMASSAS, CONCRETOS (BET ES) E COMPOSI  ES SEMELHANTES, REFRAT RIOS, INCLUINDO OS AGLOMERADOS DE DOLOMITA, EXCETO OS PRODUTOS DA POSI  O 38.01.
3816001;CIMENTOS E ARGAMASSAS
38160011;BASE DE MAGNESITA CALCINADA
38160012;BASE DE SILIMANITA
38160019;OUTROS
3816002;OUTRAS PREPARA  ES   BASE DE CROMO-MAGNESITA, DE ZIRC NIO, DE SILIMANITA, DE CIANITA, DE ANDALUZITA, DE COR NDON OU DE DIASP RIO
38160021;QUE CONTENHAM GRAFITA E 50 % OU MAIS, EM PESO, DE COR NDON
38160029;OUTRAS
38160090;OUTROS
381700;MISTURAS DE ALQUILBENZENOS OU DE ALQUILNAFTALENOS, EXCETO AS DAS POSI  ES 27.07 OU 29.02.
38170010;MISTURAS DE ALQUILBENZENOS
38170020;MISTURAS DE ALQUILNAFTALENOS
381800;"ELEMENTOS QU MICOS DOPADOS, PR PRIOS PARA UTILIZA  O EM ELETR NICA, EM FORMA DE DISCOS, WAFERS OU FORMAS AN LOGAS; COMPOSTOS QU MICOS DOPADOS, PR PRIOS PARA UTILIZA  O EM ELETR NICA."
38180010;DE SIL CIO
38180090;OUTROS
38190000;FLUIDOS PARA FREIOS (TRAV ES) HIDR ULICOS E OUTROS L QUIDOS PREPARADOS PARA TRANSMISS ES HIDR ULICAS, QUE N O CONTENHAM  LEOS DE PETR LEO NEM DE MINERAIS BETUMINOSOS, OU QUE OS CONTENHAM EM PROPOR  O INFERIOR A 70 %, EM PESO.
38200000;PREPARA  ES ANTICONGELANTES E L QUIDOS PREPARADOS PARA DESCONGELAMENTO.
38210000;MEIOS DE CULTURA PREPARADOS PARA O DESENVOLVIMENTO E A MANUTEN  O DE MICRORGANISMOS (INCLUINDO OS V RUS E OS ORGANISMOS SIMILARES) OU DE C LULAS VEGETAIS, HUMANAS OU ANIMAIS.
3822;"REAGENTES DE DIAGN STICO OU DE LABORAT RIO EM QUALQUER SUPORTE E REAGENTES DE DIAGN STICO OU DE LABORAT RIO PREPARADOS, MESMO NUM SUPORTE, MESMO APRESENTADOS SOB A FORMA DE ESTOJOS, EXCETO OS DA POSI  O 30.06; MATERIAIS DE REFER NCIA CERTIFICADOS."
38221;- REAGENTES DE DIAGN STICO OU DE LABORAT RIO EM QUALQUER SUPORTE E REAGENTES DE DIAGN STICO OU DE LABORAT RIO PREPARADOS, MESMO NUM SUPORTE, MESMO APRESENTADOS SOB A FORMA DE ESTOJOS:
38221100;-- PARA A MAL RIA (PALUDISMO)
38221200;-- PARA A ZIKA E OUTRAS DOEN AS TRANSMITIDAS POR MOSQUITOS DO G NERO AEDES
38221300;-- PARA A DETERMINA  O DOS GRUPOS OU DOS FATORES SANGU NEOS
382219;-- OUTROS
38221910;REAGENTES PARA DETERMINA  O DE COMPONENTES DO SANGUE OU DA URINA, SOBRE SUPORTE DE PAPEL, EM ROLOS, SEM SUPORTE ADICIONAL HIDR FOBO, IMPR PRIOS PARA USO DIRETO
38221920;REAGENTES PARA DETERMINA  O DE GLICOSE NO SANGUE, SOBRE SUPORTE EM TIRAS, PARA USO DIRETO
38221930;REAGENTES DE ORIGEM MICROBIANA PARA DIAGN STICO
38221940;ANTICORPOS MONOCLONAIS EM SOLU  O TAMP O, QUE CONTENHAM ALBUMINA BOVINA
38221990;OUTROS
38229000;- OUTROS
3823;"CIDOS GRAXOS (GORDOS) MONOCARBOX LICOS INDUSTRIAIS;  LEOS  CIDOS DE REFINA  O;  LCOOIS GRAXOS (GORDOS) INDUSTRIAIS."
38231;"-  CIDOS GRAXOS (GORDOS) MONOCARBOX LICOS INDUSTRIAIS;  LEOS  CIDOS DE REFINA  O:"
38231100;--  CIDO ESTE RICO
38231200;--  CIDO OLEICO
38231300;--  CIDOS GRAXOS (GORDOS) DO TALL OIL
382319;-- OUTROS
38231910;CIDO CAPR LICO
38231990;OUTROS
382370;-  LCOOIS GRAXOS (GORDOS) INDUSTRIAIS
38237010;ESTE RICO
38237020;L URICO
38237040;CET LICO
38237090;OUTROS
3824;"AGLUTINANTES PREPARADOS PARA MOLDES OU PARA N CLEOS DE FUNDI  O; PRODUTOS QU MICOS E PREPARA  ES DAS IND STRIAS QU MICAS OU DAS IND STRIAS CONEXAS (INCLUINDO OS CONSTITU DOS POR MISTURAS DE PRODUTOS NATURAIS), N O ESPECIFICADOS NEM COMPREENDIDOS NOUTRAS POSI  ES."
38241000;- AGLUTINANTES PREPARADOS PARA MOLDES OU PARA N CLEOS DE FUNDI  O
38243000;- CARBONETOS MET LICOS N O AGLOMERADOS, MISTURADOS ENTRE SI OU COM AGLUTINANTES MET LICOS
38244000;- ADITIVOS PREPARADOS PARA CIMENTOS, ARGAMASSAS OU CONCRETOS (BET ES)
38245000;- ARGAMASSAS E CONCRETOS (BET ES), N O REFRAT RIOS
38246000;- SORBITOL, EXCETO O DA SUBPOSI  O 2905.44
38248;- MERCADORIAS MENCIONADAS NA NOTA DE SUBPOSI  ES 3 DO PRESENTE CAP TULO:
382481;-- QUE CONTENHAM OXIRANO ( XIDO DE ETILENO)
38248110;MISTURA DE  XIDO DE PROPILENO COM UM CONTE DO DE  XIDO DE ETILENO INFERIOR OU IGUAL A 30 %, EM PESO
38248190;OUTRAS
382482;-- QUE CONTENHAM POLIBROMOBIFENILAS (PBB), POLICLOROTERFENILAS (PCT) OU POLICLOROBIFENILAS (PCB)
38248210;QUE CONTENHAM POLICLOROBIFENILAS (PCB)
38248290;OUTRAS
38248300;-- QUE CONTENHAM FOSFATO DE TRIS(2,3-DIBROMOPROPILA)
38248400;-- QUE CONTENHAM ALDRIN (ISO), CANFECLORO (ISO) (TOXAFENO), CLORDANO (ISO), CLORDECONA (ISO), DDT (ISO) (CLOFENOTANO (DCI), 1,1,1-TRICLORO-2,2-BIS(P-CLOROFENIL)ETANO), DIELDRIN (ISO, DCI), ENDOSSULFAN (ISO), ENDRIN (ISO), HEPTACLORO (ISO) OU MIREX (ISO)
38248500;-- QUE CONTENHAM 1,2,3,4,5,6-HEXACLOROCICLOEXANO (HCH (ISO)), INCLUINDO O LINDANO (ISO, DCI)
38248600;-- QUE CONTENHAM PENTACLOROBENZENO (ISO) OU HEXACLOROBENZENO (ISO)
38248700;-- QUE CONTENHAM  CIDO PERFLUOROCTANO SULF NICO, SEUS SAIS, PERFLUOROCTANOSSULFONAMIDAS, OU FLUORETO DE PERFLUOROCTANOSSULFONILA
382488;-- QUE CONTENHAM  TERES TETRA-, PENTA-, HEXA-, HEPTA- OU OCTABROMODIFEN LICOS
38248810;QUE CONTENHAM  TERES TETRA- OU PENTABROMODIFEN LICOS
38248820;QUE CONTENHAM  TERES HEXA-, HEPTA- OU OCTABROMODIFEN LICOS
38248900;-- QUE CONTENHAM PARAFINAS CLORADAS DE CADEIA CURTA
38249;- OUTROS:
38249100;-- MISTURAS E PREPARA  ES CONSTITU DAS PRINCIPALMENTE POR METILFOSFONATO DE (5-ETIL-2-METIL-2- XIDO-1,3,2-DIOXAFOSFINAN-5-IL)METIL METILA E METILFOSFONATO DE BIS[(5-ETIL-2-METIL-2- XIDO-1,3,2-DIOXAFOSFINAN-5-IL)METILA]
38249200;--  STERES DE POLIGLICOL DO  CIDO METILFOSF NICO
382499;-- OUTROS
3824991;PRODUTOS INTERMEDI RIOS DA FABRICA  O DE ANTIBI TICOS OU DE VITAMINAS OU DE OUTROS PRODUTOS DA POSI  O 29.36
38249911;SALINOMICINA MICELIAL
38249912;COM UM TEOR DE CIANOCOBALAMINA INFERIOR OU IGUAL A 55 %, EM PESO
38249913;DA FABRICA  O DA PRIMICINA AM NICA
38249914;SENDURAMICINA S DICA, DA FABRICA  O DA SENDURAMICINA
38249915;MADURAMICINA AM NICA, EM SOLU  O ALCO LICA, DA FABRICA  O DA MADURAMICINA
38249919;OUTROS
3824992;"DERIVADOS DE  CIDOS GRAXOS (GORDOS) INDUSTRIAIS; MISTURAS E PREPARA  ES QUE CONTENHAM  LCOOIS GRAXOS (GORDOS) OU  CIDOS CARBOX LICOS OU DERIVADOS DESTES PRODUTOS"
38249921;"CIDOS GRAXOS (GORDOS) DIMERIZADOS; PREPARA  ES QUE CONTENHAM  CIDOS GRAXOS (GORDOS) DIMERIZADOS"
38249922;"PREPARA  ES QUE CONTENHAM ESTEAROILBENZOILMETANO E PALMITOILBENZOILMETANO; PREPARA  ES QUE CONTENHAM CAPRILATO E CAPRATO DE PROPILENOGLICOL"
38249923;PREPARA  ES QUE CONTENHAM TRIGLICER DIOS DOS  CIDOS CAPR LICO E C PRICO
38249924;"STERES DE  LCOOIS GRAXOS (GORDOS) DE C12 A C20 DO  CIDO METACR LICO E SUAS MISTURAS;  STERES DE  CIDOS MONOCARBOX LICOS DE C10 RAMIFICADOS COM GLICEROL"
38249925;"MISTURAS DE  STERES DIMET LICOS DOS  CIDOS AD PICO, GLUT RICO E SUCC NICO; MISTURAS DE  CIDOS DIB SICOS DE C11 E C12;  CIDOS NAFT NICOS, SEUS SAIS INSOL VEIS EM  GUA E SEUS  STERES"
38249929;OUTROS
3824993;MISTURAS E PREPARA  ES PARA BORRACHA OU PL STICO E OUTRAS MISTURAS E PREPARA  ES PARA ENDURECER RESINAS SINT TICAS, COLAS, PINTURAS OU USOS SEMELHANTES
38249931;QUE CONTENHAM ISOCIANATOS DE HEXAMETILENO OU OUTROS ISOCIANATOS
38249932;QUE CONTENHAM AMINAS GRAXAS DE C8 A C22
38249933;QUE CONTENHAM POLIETILENOAMINAS E DIETILENOTRIAMINAS, PR PRIAS PARA A COAGULA  O DO L TEX
38249934;OUTRAS, QUE CONTENHAM POLIETILENOAMINAS
38249935;MISTURAS DE MONO-, DI- E TRIISOPROPANOLAMINAS
38249936;RETICULANTES PARA SILICONES
38249939;OUTRAS
3824994;"MISTURAS E PREPARA  ES DESINCRUSTANTES, ANTICORROSIVAS OU ANTIOXIDANTES; FLUIDOS PARA A TRANSFER NCIA DE CALOR"
38249941;PREPARA  ES DESINCRUSTANTES, ANTICORROSIVAS OU ANTIOXIDANTES
38249942;MISTURA EUT TICA DE DIFENILA E  XIDO DE DIFENILA
38249943;BASE DE TRIMETIL-3,9-DIETILDECANO
38249949;OUTROS
3824995;"POLIETILENOGLIC IS E SUAS MISTURAS; POLIPROPILENOGLIC IS E SUAS MISTURAS; MISTURAS E PREPARA  ES QUE CONTENHAM  STERES DE  CIDOS INORG NICOS E SEUS DERIVADOS"
38249951;ANTIESPUMANTES QUE CONTENHAM FOSFATO DE TRIBUTILA EM SOLU  O DE  LCOOL ISOPROP LICO
38249952;MISTURAS DE POLIETILENOGLIC IS
38249953;POLIPROPILENOGLICOL L QUIDO
38249954;RETARDANTE DE CHAMA QUE CONTENHA MISTURAS DE TRIFENILFOSFATOS ISOPROPILADOS
38249959;OUTROS
3824996;CONTRASTES PARA EXAMES DE DIAGN STICO POR IMAGENS DE RESSON NCIA MAGN TICA OU DE ECOGRAFIA
38249961;BASE DE GADOBENATO DE DIMEGLUMINA, DE GADOBUTROL, DE GADOPENTETATO DE DIMEGLUMINA, DE GADOTERATO DE MEGLUMINA, DE GADOTERIDOL OU DE GADOXETATO DISS DICO
38249962;BASE DE HEXAFLUORETO DE ENXOFRE
38249969;OUTROS
3824997;PRODUTOS E PREPARA  ES   BASE DE ELEMENTOS QU MICOS OU DE SEUS COMPOSTOS INORG NICOS, N O ESPECIFICADOS NEM COMPREENDIDOS NOUTRAS POSI  ES
38249971;"CAL SODADA; CARBONATO DE C LCIO HIDR FUGO"
38249972;"PREPARA  ES   BASE DE S LICA EM SUSPENS O COLOIDAL; NITRETO DE BORO DE ESTRUTURA CRISTALINA C BICA, COMPACTADO COM SUBSTRATO DE CARBONETO DE TUNGST NIO (VOLFR MIO)"
38249973;"PREPARA  ES   BASE DE CARBONETO DE TUNGST NIO (VOLFR MIO) COM N QUEL COMO AGLOMERANTE; BROMETO DE HIDROG NIO EM SOLU  O"
38249974;PREPARA  ES   BASE DE HIDR XIDO DE N QUEL OU DE C DMIO, DE  XIDO DE C DMIO OU DE  XIDO FERROSO F RRICO, PR PRIOS PARA A FABRICA  O DE ACUMULADORES ALCALINOS
38249975;"PREPARA  ES UTILIZADAS NA ELABORA  O DE MEIOS DE CULTURA; TROCADORES DE  ONS PARA O TRATAMENTO DE  GUAS; PREPARA  ES   BASE DE ZE LITAS ARTIFICIAIS"
38249976;COMPOSTOS ABSORVENTES   BASE DE METAIS PARA APERFEI OAR O V CUO NOS TUBOS OU V LVULAS EL TRICAS
38249977;ADUBOS (FERTILIZANTES) FOLIARES QUE CONTENHAM ZINCO OU MANGAN S
38249978;"PREPARA  ES   BASE DE  XIDO DE ALUM NIO E  XIDO DE ZIRC NIO, COM UM CONTE DO DE  XIDO DE ZIRC NIO IGUAL OU SUPERIOR A 20 %, EM PESO; PREPARA  ES DE  XIDO DE ALUM NIO COM  XIDO DE LANT NIO"
38249979;OUTROS
3824998;PRODUTOS E PREPARA  ES   BASE DE COMPOSTOS ORG NICOS, N O ESPECIFICADOS NEM COMPREENDIDOS NOUTRAS POSI  ES
38249981;PREPARA  ES   BASE DE ANIDRIDO POLIISOBUTENILSUCC NICO, EM  LEO MINERAL
38249982;"HALQUINOL; TETRACLOROHIDROXIGLICINA DE ALUM NIO E ZIRC NIO"
38249983;"TRIISOCIANATO DE TIOFOSFATO DE FENILA OU DE TRIFENILMETANO, EM SOLU  O DE CLORETO DE METILENO OU DE ACETATO DE ETILA; PREPARA  ES   BASE DE TETRAACETILETILENODIAMINA (TAED), EM GR NULOS"
38249984;QUE CONTENHAM  TERES DECABROMODIFEN LICOS
38249985;METILATO DE S DIO EM METANOL
38249986;"MANEB; MANCOZEB; CLORETO DE BENZALC NIO"
38249987;DISPERS O AQUOSA DE MICROC PSULAS DE POLIURETANO OU DE MELAMINA-FORMALDE DO QUE CONTENHA UM PRECURSOR DE CORANTE EM SOLVENTES ORG NICOS
38249988;"MISTURAS CONSTITU DAS PRINCIPALMENTE PELOS COMPOSTOS SEGUINTES (GRUPOS ALQUILA DE C1 A C3, EXCETO NOS CASOS EXPRESSAMENTE INDICADOS): ALQUILFOSFONOFLUORIDATOS DE O-ALQUILA (DE AT  C10, INCLUINDO CICLOALQUILA); N,N-DIALQUILFOSFOROAMIDOCIANIDATOS DE O-ALQUILA (DE AT  C10, INCLUINDO CICLOALQUILA); HIDROG NIO ALQUILFOSFONOTIOATOS DE [S-2-(DIALQUILAMINO)ETILA], SEUS  STERES DE O-ALQUILA (DE AT  C10, INCLUINDO CICLOALQUILA) OU SEUS SAIS ALQUILADOS OU PROTONADOS; DIFLUORETOS DE ALQUILFOSFONILA; HIDROG NIO ALQUILFOSFONITOS DE [O-2-(DIALQUILAMINO)ETILA], SEUS  STERES DE O-ALQUILA (DE AT  C10, INCLUINDO CICLOALQUILA) OU SEUS SAIS ALQUILADOS OU PROTONADOS; DIALOGENETOS DE N,N-DIALQUILFOSFOROAM DICOS; N,N-DIALQUILFOSFOROAMIDATOS DE DIALQUILA; N,N-DIALQUIL-2-CLOROETILAMINAS OU SEUS SAIS PROTONADOS; N,N-DIALQUIL-2-AMINOETAN IS OU SEUS SAIS PROTONADOS; N,N-DIALQUILAMINOETANO-2-TI IS OU SEUS SAIS PROTONADOS; OUTRAS MISTURAS CONSTITU DAS PRINCIPALMENTE POR COMPOSTOS QUE CONTENHAM UM  TOMO DE F SFORO LIGADO A UM GRUPO ALQUILA (DE C1 A C3) MAS SEM OUTROS  TOMOS DE CARBONO"
38249989;OUTROS
3825;"PRODUTOS RESIDUAIS DAS IND STRIAS QU MICAS OU DAS IND STRIAS CONEXAS, N O ESPECIFICADOS NEM COMPREENDIDOS NOUTRAS POSI  ES; RES DUOS MUNICIPAIS; LAMAS DE TRATAMENTO DE ESGOTOS (LAMAS DE DEPURA  O*); OUTROS RES DUOS MENCIONADOS NA NOTA 6 DESTE CAP TULO."
38251000;- RES DUOS MUNICIPAIS
38252000;- LAMAS DE TRATAMENTO DE ESGOTOS (LAMAS DE DEPURA  O*)
38253000;- RES DUOS CL NICOS
38254;- RES DUOS DE SOLVENTES ORG NICOS:
38254100;-- HALOGENADOS
38254900;-- OUTROS
38255000;- RES DUOS DE SOLU  ES DECAPANTES PARA METAIS, DE FLUIDOS HIDR ULICOS, DE FLUIDOS PARA FREIOS (TRAV ES) E DE FLUIDOS ANTICONGELANTES
38256;- OUTROS RES DUOS DAS IND STRIAS QU MICAS OU DAS IND STRIAS CONEXAS:
38256100;-- QUE CONTENHAM PRINCIPALMENTE CONSTITUINTES ORG NICOS
38256900;-- OUTROS
38259000;- OUTROS
38260000;BIODIESEL E SUAS MISTURAS, QUE N O CONTENHAM OU QUE CONTENHAM MENOS DE 70 %, EM PESO, DE  LEOS DE PETR LEO OU DE  LEOS MINERAIS BETUMINOSOS.
3827;MISTURAS QUE CONTENHAM DERIVADOS HALOGENADOS DO METANO, DO ETANO OU DO PROPANO, N O ESPECIFICADAS NEM COMPREENDIDAS NOUTRAS POSI  ES.
38271;"- QUE CONTENHAM CLOROFLUORCARBONETOS (CFC), MESMO QUE CONTENHAM HIDROCLOROFLUORCARBONETOS (HCFC), PERFLUORCARBONETOS (PFC) OU HIDROFLUORCARBONETOS (HFC); QUE CONTENHAM HIDROBROMOFLUORCARBONETOS (HBFC); QUE CONTENHAM TETRACLORETO DE CARBONO; QUE CONTENHAM 1,1,1-TRICLOROETANO (METILCLOROF RMIO):"
382711;-- QUE CONTENHAM CLOROFLUORCARBONETOS (CFC), MESMO QUE CONTENHAM HIDROCLOROFLUORCARBONETOS (HCFC), PERFLUORCARBONETOS (PFC) OU HIDROFLUORCARBONETOS (HFC)
38271110;QUE CONTENHAM TRICLOROTRIFLUOROETANOS
38271190;OUTRAS
38271200;-- QUE CONTENHAM HIDROBROMOFLUORCARBONETOS (HBFC)
38271300;-- QUE CONTENHAM TETRACLORETO DE CARBONO
38271400;-- QUE CONTENHAM 1,1,1-TRICLOROETANO (METILCLOROF RMIO)
38272000;- QUE CONTENHAM BROMOCLORODIFLUOROMETANO (HALON-1211), BROMOTRIFLUOROMETANO (HALON-1301) OU DIBROMOTETRAFLUOROETANOS (HALON-2402)
38273;- QUE CONTENHAM HIDROCLOROFLUORCARBONETOS (HCFC), MESMO QUE CONTENHAM PERFLUORCARBONETOS (PFC) OU HIDROFLUORCARBONETOS (HFC), MAS QUE N O CONTENHAM CLOROFLUORCARBONETOS (CFC):
382731;-- QUE CONTENHAM SUBST NCIAS DAS SUBPOSI  ES 2903.41 A 2903.48
38273110;QUE CONTENHAM CLORODIFLUOROMETANO E PENTAFLUOROETANO
38273190;OUTRAS
382732;-- OUTRAS, QUE CONTENHAM SUBST NCIAS DAS SUBPOSI  ES 2903.71 A 2903.75
38273210;QUE CONTENHAM CLORODIFLUOROMETANO E CLOROTETRAFLUOROETANO
38273290;OUTRAS
38273900;-- OUTRAS
38274000;- QUE CONTENHAM BROMETO DE METILA (BROMOMETANO) OU BROMOCLOROMETANO
38275;- QUE CONTENHAM TRIFLUOROMETANO (HFC-23) OU PERFLUORCARBONETOS (PFC), MAS QUE N O CONTENHAM CLOROFLUORCARBONETOS (CFC) OU HIDROCLOROFLUORCARBONETOS (HCFC):
38275100;-- QUE CONTENHAM TRIFLUOROMETANO (HFC-23)
38275900;-- OUTRAS
38276;- QUE CONTENHAM OUTROS HIDROFLUORCARBONETOS (HFC), MAS QUE N O CONTENHAM CLOROFLUORCARBONETOS (CFC) OU HIDROCLOROFLUORCARBONETOS (HCFC):
38276100;-- QUE CONTENHAM, EM MASSA, 15 % OU MAIS DE 1,1,1-TRIFLUOROETANO (HFC-143A)
38276200;-- OUTRAS, N O MENCIONADAS NA SUBPOSI  O ACIMA, QUE CONTENHAM, EM MASSA, 55 % OU MAIS DE PENTAFLUOROETANO (HFC-125), MAS QUE N O CONTENHAM DERIVADOS FLUORADOS N O SATURADOS DOS HIDROCARBONETOS AC CLICOS (HFO)
38276300;-- OUTRAS, N O MENCIONADAS NAS SUBPOSI  ES ACIMA, QUE CONTENHAM, EM MASSA, 40 % OU MAIS DE PENTAFLUOROETANO (HFC-125)
38276400;-- OUTRAS, N O MENCIONADAS NAS SUBPOSI  ES ACIMA, QUE CONTENHAM, EM MASSA, 30 % OU MAIS DE 1,1,1,2-TETRAFLUOROETANO (HFC-134A), MAS QUE N O CONTENHAM DERIVADOS FLUORADOS N O SATURADOS DOS HIDROCARBONETOS AC CLICOS (HFO)
38276500;-- OUTRAS, N O MENCIONADAS NAS SUBPOSI  ES ACIMA, QUE CONTENHAM, EM MASSA, 20 % OU MAIS DE DIFLUOROMETANO (HFC-32) E 20 % OU MAIS DE PENTAFLUOROETANO (HFC-125)
38276800;-- OUTRAS, N O MENCIONADAS NAS SUBPOSI  ES ACIMA, QUE CONTENHAM SUBST NCIAS DAS SUBPOSI  ES 2903.41 A 2903.48
38276900;-- OUTRAS
38279000;- OUTRAS
39;PL STICO E SUAS OBRAS.
3901;POL MEROS DE ETILENO, EM FORMAS PRIM RIAS.
390110;- POLIETILENO DE DENSIDADE INFERIOR A 0,94
39011020;COM CARGA
39011030;SEM CARGA
390120;- POLIETILENO DE DENSIDADE IGUAL OU SUPERIOR A 0,94
3901201;COM CARGA
39012011;VULCANIZADO, DE DENSIDADE SUPERIOR A 1,3
39012019;OUTROS
3901202;SEM CARGA
39012021;VULCANIZADO, DE DENSIDADE SUPERIOR A 1,3
39012029;OUTROS
390130;- COPOL MEROS DE ETILENO E ACETATO DE VINILA
39013010;NAS FORMAS PREVISTAS NA NOTA 6 A) DESTE CAP TULO
39013090;OUTROS
39014000;- COPOL MEROS DE ETILENO E ALFA-OLEFINA, DE DENSIDADE INFERIOR A 0,94
390190;- OUTROS
39019010;COPOL MEROS DE ETILENO E  CIDO ACR LICO
39019020;COPOL MEROS DE ETILENO E MON MEROS COM RADICAIS CARBOX LICOS, INCLUSIVE COM METACRILATO DE METILA OU ACRILATO DE METILA COMO TERCEIRO MON MERO
39019030;POLIETILENO CLOROSSULFONADO
39019040;POLIETILENO CLORADO
39019050;COPOL MEROS DE ETILENO -  CIDO METACR LICO, COM UM CONTE DO DE ETILENO IGUAL OU SUPERIOR A 60 %, EM PESO
39019090;OUTROS
3902;POL MEROS DE PROPILENO OU DE OUTRAS OLEFINAS, EM FORMAS PRIM RIAS.
390210;- POLIPROPILENO
39021010;COM CARGA
39021020;SEM CARGA
39022000;- POLI-ISOBUTILENO
39023000;- COPOL MEROS DE PROPILENO
39029000;- OUTROS
3903;POL MEROS DE ESTIRENO, EM FORMAS PRIM RIAS.
39031;- POLIESTIRENO:
390311;-- EXPANS VEL
39031110;COM CARGA
39031120;SEM CARGA
39031900;-- OUTROS
39032000;- COPOL MEROS DE ESTIRENO-ACRILONITRILA (SAN)
390330;- COPOL MEROS DE ACRILONITRILA-BUTADIENO-ESTIRENO (ABS)
39033010;COM CARGA
39033020;SEM CARGA
390390;- OUTROS
39039010;COPOL MEROS DE METACRILATO DE METILBUTADIENO-ESTIRENO (MBS)
39039020;COPOL MEROS DE ACRILONITRILO-ESTIRENO-ACRILATO DE BUTILO (ASA)
39039090;OUTROS
3904;POL MEROS DE CLORETO DE VINILA OU DE OUTRAS OLEFINAS HALOGENADAS, EM FORMAS PRIM RIAS.
390410;- POLI(CLORETO DE VINILA), N O MISTURADO COM OUTRAS SUBST NCIAS
39041010;OBTIDO POR PROCESSO DE SUSPENS O
39041020;OBTIDO POR PROCESSO DE EMULS O
39041090;OUTROS
39042;- OUTRO POLI(CLORETO DE VINILA):
39042100;-- N O PLASTIFICADO
39042200;-- PLASTIFICADO
39043000;- COPOL MEROS DE CLORETO DE VINILA E ACETATO DE VINILA
390440;- OUTROS COPOL MEROS DE CLORETO DE VINILA
39044010;COM ACETATO DE VINILA, COM UM  CIDO DIB SICO OU COM  LCOOL VIN LICO, NAS FORMAS PREVISTAS NA NOTA 6 B) DESTE CAP TULO
39044090;OUTROS
390450;- POL MEROS DE CLORETO DE VINILIDENO
39045010;COPOL MEROS DE CLORETO DE VINILIDENO, SEM EMULSIONANTE NEM PLASTIFICANTE
39045090;OUTROS
39046;- POL MEROS FLUORADOS:
390461;-- POLITETRAFLUORETILENO
39046110;NAS FORMAS PREVISTAS NA NOTA 6 A) DESTE CAP TULO
39046190;OUTROS
390469;-- OUTROS
39046910;COPOL MERO DE FLUORETO DE VINILIDENO E HEXAFLUORPROPILENO
39046990;OUTROS
390490;- OUTROS
39049010;POLI(CLORETO DE VINILA) CLORADO
39049090;OUTROS
3905;"POL MEROS DE ACETATO DE VINILA OU DE OUTROS  STERES DE VINILA, EM FORMAS PRIM RIAS; OUTROS POL MEROS DE VINILA, EM FORMAS PRIM RIAS."
39051;- POLI(ACETATO DE VINILA):
39051200;-- EM DISPERS O AQUOSA
390519;-- OUTRO
39051910;COM GRUPOS  LCOOL VIN LICO, NAS FORMAS PREVISTAS NA NOTA 6 B) DESTE CAP TULO
39051990;OUTRO
39052;- COPOL MEROS DE ACETATO DE VINILA:
39052100;-- EM DISPERS O AQUOSA
39052900;-- OUTROS
39053000;- POLI( LCOOL VIN LICO), MESMO QUE CONTENHA GRUPOS ACETATO N O HIDROLISADOS
39059;- OUTROS:
390591;-- COPOL MEROS
39059130;DE VINILPIRROLIDONA E ACETATO DE VINILA, EM SOLU  O ALCO LICA
39059190;OUTROS
390599;-- OUTROS
39059910;POLI(VINILFORMAL)
39059920;POLI(BUTIRAL DE VINILA)
39059930;POLI(VINILPIRROLIDONA) IODADA
39059990;OUTROS
3906;POL MEROS ACR LICOS, EM FORMAS PRIM RIAS.
39061000;- POLI(METACRILATO DE METILA)
390690;- OUTROS
3906901;NAS FORMAS PREVISTAS NA NOTA 6 A) DESTE CAP TULO, EM  GUA
39069011;POLI( CIDO ACR LICO) E SEUS SAIS
39069012;SAL S DICO DO POLI( CIDO ACRILAM DICO), SOL VEL EM  GUA
39069019;OUTROS
3906902;NAS FORMAS PREVISTAS NA NOTA 6 A) DESTE CAP TULO, EM SOLVENTES ORG NICOS
39069021;POLI( CIDO ACR LICO) E SEUS SAIS
39069022;COPOL MERO DE METACRILATO DE 2-DI-ISOPROPILAMINOETILA E METACRILATO DE N-DECILA, EM SUSPENS O DE DIMETILACETAMIDA
39069029;OUTROS
3906903;NAS FORMAS PREVISTAS NA NOTA 6 A) DESTE CAP TULO, EM OUTROS SOLVENTES OU SEM SOLVENTE
39069031;POLI( CIDO ACR LICO) E SEUS SAIS
39069032;SAL S DICO DO POLI( CIDO ACRILAM DICO), SOL VEL EM  GUA
39069039;OUTROS
3906905;NAS FORMAS PREVISTAS NA NOTA 6 B) DESTE CAP TULO, EXCETO COPOL MEROS
39069051;POLI( CIDO ACR LICO) E SEUS SAIS
39069052;SAL S DICO DO POLI( CIDO ACRILAM DICO), SOL VEL EM  GUA
39069053;CARBOXIPOLIMETILENO, EM P
39069054;POLI(ACRILATO DE S DIO), COM CAPACIDADE DE ABSOR  O DE UMA SOLU  O AQUOSA DE CLORETO DE S DIO 0,9 %, EM PESO, IGUAL OU SUPERIOR A VINTE VEZES SEU PR PRIO PESO
39069059;OUTROS
3906906;COPOL MEROS NAS FORMAS PREVISTAS NA NOTA 6 B) DESTE CAP TULO
39069061;COPOL MERO DE ACRILATO DE POT SSIO E ACRILAMIDA, COM CAPACIDADE DE ABSOR  O DE  GUA DESTILADA DE AT  QUATROCENTAS VEZES SEU PR PRIO PESO
39069062;COPOL MEROS DE ACRILATO DE METILA-ETILENO COM UM CONTE DO DE ACRILATO DE METILA IGUAL OU SUPERIOR A 50 %, EM PESO
39069063;COPOL MERO DE ACRILATO DE ETILA, ACRILATO DE N-BUTILA E ACRILATO DE 2-METOXIETILA
39069064;COPOL MERO DE ACRILATO DE POT SSIO E  CIDO ACR LICO, COM CAPACIDADE DE ABSOR  O DE  GUA DESTILADA DE AT  QUATROCENTAS VEZES SEU PR PRIO PESO
39069065;COPOL MERO DE ACRILAMIDA E ACRILATO DE S DIO
39069069;OUTROS
3907;"POLIACETAIS, OUTROS POLI TERES E RESINAS EP XIDAS, EM FORMAS PRIM RIAS; POLICARBONATOS, RESINAS ALQU DICAS, POLI STERES AL LICOS E OUTROS POLI STERES, EM FORMAS PRIM RIAS."
390710;- POLIACETAIS
39071010;COM CARGA, NAS FORMAS PREVISTAS NA NOTA 6 A) DESTE CAP TULO
39071020;COM CARGA, NAS FORMAS PREVISTAS NA NOTA 6 B) DESTE CAP TULO
3907103;SEM CARGA, NAS FORMAS PREVISTAS NA NOTA 6 A) DESTE CAP TULO
39071031;POLIDEXTROSE
39071039;OUTROS
3907104;SEM CARGA, NAS FORMAS PREVISTAS NA NOTA 6 B) DESTE CAP TULO, N O ESTABILIZADOS
39071041;POLIDEXTROSE
39071042;OUTROS, EM P  QUE PASSE ATRAV S DE UMA PENEIRA COM ABERTURA DE MALHA DE 0,85 MM EM PROPOR  O SUPERIOR A 80 %, EM PESO
39071049;OUTROS
3907109;OUTROS
39071091;EM GR NULOS, DE DI METRO DE PART CULA SUPERIOR A 2 MM, SEGUNDO A NORMA ASTM E 11-70
39071099;OUTROS
39072;- OUTROS POLI TERES:
39072100;-- METILFOSFONATO DE BIS(POLIOXIETILENO)
390729;-- OUTROS
3907291;POLI( XIDO DE FENILENO), MESMO MODIFICADO COM ESTIRENO OU ESTIRENO-ACRILONITRILA
39072911;COM CARGA
39072912;SEM CARGA
39072920;POLITETRAMETILENOETERGLICOL
3907293;POLIETERPOLI IS
39072931;POLIETILENOGLICOL 400
39072939;OUTROS
3907294;POLI(EPICLORIDRINA) (PECH) E SEUS COPOL MEROS
39072941;POLI(EPICLORIDRINA)
39072942;COPOL MEROS DE  XIDO DE ETILENO
39072949;OUTROS
3907299;OUTROS
39072991;POLIACETAL POLI TER (PAPE)
39072992;TER METAL LICO DE POLI(OXIETILENO) (HPEG)
39072999;OUTROS
390730;- RESINAS EP XIDAS
3907301;COM CARGA
39073011;NAS FORMAS PREVISTAS NA NOTA 6 A) DESTE CAP TULO
39073019;OUTRAS
3907302;SEM CARGA
39073021;COPOL MERO DE TETRABROMOBISFENOL A E EPICLORIDRINA (RESINA EP XIDA BROMADA)
39073022;OUTRAS, NAS FORMAS PREVISTAS NA NOTA 6 A) DESTE CAP TULO
39073029;OUTRAS
390740;- POLICARBONATOS
39074010;NAS FORMAS PREVISTAS NA NOTA 6 B) DESTE CAP TULO, COM TRANSMISS O DE LUZ DE COMPRIMENTO DE ONDA DE 550 NM OU 800 NM, SUPERIOR A 89 %, SEGUNDO NORMA ASTM D 1003-00 E  NDICE DE FLUIDEZ DE MASSA IGUAL OU SUPERIOR A 60 G/10 MIN E INFERIOR OU IGUAL A 80 G/10 MIN SEGUNDO NORMA ASTM D 1238
39074020;EM P  OU FLOCOS, COM  NDICE DE FLUIDEZ DE MASSA INFERIOR A 60 G/10 MIN OU SUPERIOR A 80 G/10 MIN SEGUNDO NORMA ASTM D 1238
39074090;OUTROS
390750;- RESINAS ALQU DICAS
39075010;NAS FORMAS PREVISTAS NA NOTA 6 A) DESTE CAP TULO
39075090;OUTRAS
39076;- POLI(TEREFTALATO DE ETILENO):
39076100;-- DE UM  NDICE DE VISCOSIDADE DE 78 ML/G OU MAIS
39076900;-- OUTROS
39077000;- POLI( CIDO L CTICO)
39079;- OUTROS POLI STERES:
39079100;-- N O SATURADOS
390799;-- OUTROS
3907991;POLI(TEREFTALATO DE BUTILENO)
39079911;COM CARGA DE FIBRA DE VIDRO
39079912;OUTROS, NAS FORMAS PREVISTAS NA NOTA 6 A) DESTE CAP TULO
39079919;OUTROS
3907999;OUTROS
39079991;NAS FORMAS PREVISTAS NA NOTA 6 A) DESTE CAP TULO
39079992;POLI( PSILON-CAPROLACTONA)
39079993;COPOL MERO DE TEREFTALATO DE DIMETILA, CICLOEXANODIMETANOL E  CIDO ISOFT LICO
39079994;COPOL MERO DE TEREFTALATO DE DIMETILA, CICLOEXANODIMETANOL E TETRAMETIL CICLOBUTANODIOL
39079995;COPOL MERO DE TEREFTALATO DE DIMETILA, CICLOEXANODIMETANOL E ETILENOGLICOL
39079999;OUTROS
3908;POLIAMIDAS EM FORMAS PRIM RIAS.
390810;- POLIAMIDA-6, -11, -12, -6,6, -6,9, -6,10 OU -6,12
3908101;NAS FORMAS PREVISTAS NA NOTA 6 A) DESTE CAP TULO
39081011;POLIAMIDA-11
39081012;POLIAMIDA-12
39081013;POLIAMIDA-6 OU POLIAMIDA-6,6, COM CARGA
39081014;POLIAMIDA-6 OU POLIAMIDA-6,6, SEM CARGA
39081019;OUTRAS
3908102;NAS FORMAS PREVISTAS NA NOTA 6 B) DESTE CAP TULO
39081021;POLIAMIDA-11
39081022;POLIAMIDA-12
39081023;POLIAMIDA-6 OU POLIAMIDA-6,6, COM CARGA
39081025;POLIAMIDA-6, SEM CARGA
39081026;POLIAMIDA-6,6, SEM CARGA
39081029;OUTRAS
390890;- OUTRAS
39089010;COPOL MERO DE LAURIL-LACTAMA
39089020;OBTIDAS POR CONDENSA  O DE  CIDOS GRAXOS (GORDOS) DIMERIZADOS OU TRIMERIZADOS COM ETILENAMINAS
39089090;OUTRAS
3909;RESINAS AM NICAS, RESINAS FEN LICAS E POLIURETANOS, EM FORMAS PRIM RIAS.
39091000;"- RESINAS UREICAS; RESINAS DE TIOUREIA"
390920;- RESINAS MELAM NICAS
3909201;COM CARGA
39092011;MELAMINA-FORMALDE DO, EM P
39092019;OUTRAS
3909202;SEM CARGA
39092021;MELAMINA-FORMALDE DO, EM P
39092029;OUTRAS
39093;- OUTRAS RESINAS AM NICAS:
39093100;-- POLI(ISOCIANATO DE FENIL METILENO) (MDI BRUTO, MDI POLIM RICO)
39093900;-- OUTRAS
390940;- RESINAS FEN LICAS
3909401;LIPOSSOL VEIS, PURAS OU MODIFICADAS
39094011;FENOL-FORMALDE DO
39094019;OUTRAS
3909409;OUTRAS
39094091;FENOL-FORMALDE DO
39094099;OUTRAS
390950;- POLIURETANOS
3909501;NAS FORMAS PREVISTAS NA NOTA 6 A) DESTE CAP TULO
39095011;SOLU  ES EM SOLVENTES ORG NICOS
39095012;EM DISPERS O AQUOSA
39095019;OUTROS
3909502;NAS FORMAS PREVISTAS NA NOTA 6 B) DESTE CAP TULO
39095021;HIDROXILADOS, COM PROPRIEDADES ADESIVAS
39095029;OUTROS
391000;SILICONES EM FORMAS PRIM RIAS.
3910001;LEOS
39100011;MISTURAS DE PR -POL MEROS LINEARES E C CLICOS, OBTIDOS POR HIDR LISE DE DIMETILDICLOROSILANO, DE PESO MOLECULAR M DIO INFERIOR OU IGUAL A 8.800
39100012;POLIDIMETILSILOXANO, POLIMETILIDROGENOSILOXANO OU MISTURAS DESTES PRODUTOS, EM DISPERS O
39100013;COPOL MEROS DE DIMETILSILOXANO COM COMPOSTOS VIN LICOS, DE VISCOSIDADE IGUAL OU SUPERIOR A 1.000.000 CST
39100019;OUTROS
3910002;ELAST MEROS
39100021;DE VULCANIZA  O A QUENTE
39100029;OUTROS
39100030;RESINAS
39100090;OUTROS
3911;RESINAS DE PETR LEO, RESINAS DE CUMARONA-INDENO, POLITERPENOS, POLISSULFETOS, POLISSULFONAS E OUTROS PRODUTOS MENCIONADOS NA NOTA 3 DO PRESENTE CAP TULO, N O ESPECIFICADOS NEM COMPREENDIDOS NOUTRAS POSI  ES, EM FORMAS PRIM RIAS.
391110;- RESINAS DE PETR LEO, RESINAS DE CUMARONA, RESINAS DE INDENO, RESINAS DE CUMARONA-INDENO E POLITERPENOS
39111010;COM CARGA
3911102;SEM CARGA
39111021;RESINAS DE PETR LEO, TOTAL OU PARCIALMENTE HIDROGENADAS, DE COR GARDNER INFERIOR A 3, SEGUNDO NORMA ASTM D 1544
39111029;OUTROS
39112000;- POLI(1,3-FENILENO METILFOSFONATO)
391190;- OUTROS
3911901;COM CARGA
39119011;POLITERPENOS MODIFICADOS QUIMICAMENTE, EXCETO COM FEN IS
39119012;POLIETERIMIDAS (PEI) E SEUS COPOL MEROS
39119013;POLIETERSULFONAS (PES) E SEUS COPOL MEROS
39119014;POLI(SULFETO DE FENILENO)
39119019;OUTROS
3911902;SEM CARGA
39119021;POLITERPENOS MODIFICADOS QUIMICAMENTE, EXCETO COM FEN IS
39119022;POLI(SULFETO DE FENILENO)
39119023;POLIETILENAMINAS
39119024;POLIETERIMIDAS (PEI) E SEUS COPOL MEROS
39119025;POLIETERSULFONAS (PES) E SEUS COPOL MEROS
39119026;POLISSULFONAS
39119027;CLORETO DE HEXADIMETRINA
39119029;OUTROS
3912;CELULOSE E SEUS DERIVADOS QU MICOS, N O ESPECIFICADOS NEM COMPREENDIDOS NOUTRAS POSI  ES, EM FORMAS PRIM RIAS.
39121;- ACETATOS DE CELULOSE:
391211;-- N O PLASTIFICADOS
39121110;COM CARGA
39121120;SEM CARGA
39121200;-- PLASTIFICADOS
391220;- NITRATOS DE CELULOSE (INCLUINDO OS COL DIOS)
39122010;COM CARGA
3912202;SEM CARGA
39122021;EM  LCOOL, COM UM TEOR DE N O VOL TEIS IGUAL OU SUPERIOR A 65 %, EM PESO
39122029;OUTROS
39123;-  TERES DE CELULOSE:
391231;-- CARBOXIMETILCELULOSE E SEUS SAIS
3912311;CARBOXIMETILCELULOSE
39123111;COM UM TEOR DE CARBOXIMETILCELULOSE IGUAL OU SUPERIOR A 75 %, EM PESO
39123119;OUTROS
3912312;SAIS
39123121;COM UM TEOR DE SAIS IGUAL OU SUPERIOR A 75 %, EM PESO
39123129;OUTROS
391239;-- OUTROS
39123910;METIL-, ETIL- E PROPILCELULOSE, HIDROXILADAS
39123920;OUTRAS METILCELULOSES
39123930;OUTRAS ETILCELULOSES
39123990;OUTROS
391290;- OUTROS
39129010;PROPIONATO DE CELULOSE
39129020;ACETOBUTANOATO DE CELULOSE
3912903;CELULOSE MICROCRISTALINA
39129031;EM P
39129039;OUTRAS
39129040;OUTRAS CELULOSES, EM P
39129090;OUTROS
3913;POL MEROS NATURAIS ( CIDO ALG NICO, POR EXEMPLO) E POL MEROS NATURAIS MODIFICADOS (POR EXEMPLO, PROTE NAS ENDURECIDAS, DERIVADOS QU MICOS DA BORRACHA NATURAL), N O ESPECIFICADOS NEM COMPREENDIDOS NOUTRAS POSI  ES, EM FORMAS PRIM RIAS.
39131000;-  CIDO ALG NICO, SEUS SAIS E SEUS  STERES
391390;- OUTROS
3913901;DERIVADOS QU MICOS DA BORRACHA NATURAL
39139011;BORRACHA CLORADA OU CLORIDRATADA, NAS FORMAS PREVISTAS NA NOTA 6 B) DESTE CAP TULO
39139012;BORRACHA CLORADA, NOUTRAS FORMAS
39139019;OUTROS
39139020;GOMA XANTANA
39139030;DEXTRANA
39139040;PROTE NAS ENDURECIDAS
39139050;QUITOSAN (CHITOSAN), SEUS SAIS OU SEUS DERIVADOS
39139060;SULFATO DE CONDROITINA
39139090;OUTROS
391400;PERMUTADORES DE  ONS   BASE DE POL MEROS DAS POSI  ES 39.01 A 39.13, EM FORMAS PRIM RIAS.
3914001;DE POLIESTIRENO E SEUS COPOL MEROS
39140011;DE COPOL MEROS DE ESTIRENO-DIVINILBENZENO, SULFONADOS
39140019;OUTROS
39140090;OUTROS
3915;DESPERD CIOS, RES DUOS E APARAS, DE PL STICO.
39151000;- DE POL MEROS DE ETILENO
39152000;- DE POL MEROS DE ESTIRENO
39153000;- DE POL MEROS DE CLORETO DE VINILA
39159000;- DE OUTRO PL STICO
3916;MONOFILAMENTOS CUJA MAIOR DIMENS O DA SE  O TRANSVERSAL SEJA SUPERIOR A 1 MM (MONOFIOS), VARAS, BAST ES E PERFIS, MESMO TRABALHADOS   SUPERF CIE, MAS N O TRABALHADOS DE OUTRO MODO, DE PL STICO.
39161000;- DE POL MEROS DE ETILENO
39162000;- DE POL MEROS DE CLORETO DE VINILA
391690;- DE OUTRO PL STICO
39169010;MONOFILAMENTOS
39169090;OUTROS
3917;TUBOS E SEUS ACESS RIOS (POR EXEMPLO, JUNTAS, COTOVELOS, FLANGES, UNI ES), DE PL STICO.
391710;- TRIPAS ARTIFICIAIS DE PROTE NAS ENDURECIDAS OU DE PL STICO CELUL SICO
39171010;DE PROTE NAS ENDURECIDAS
3917102;DE PL STICO CELUL SICO
39171021;FIBROSAS, DE CELULOSE REGENERADA, DE DI METRO IGUAL OU SUPERIOR A 150 MM
39171029;OUTRAS
39172;- TUBOS R GIDOS:
39172100;-- DE POL MEROS DE ETILENO
391722;-- DE POL MEROS DE PROPILENO
39172210;DE SE  O TRANSVERSAL INTERNA REDONDA DE DI METRO INFERIOR A 6 MM E EXTERNA HEXAGONAL
39172290;OUTROS
39172300;-- DE POL MEROS DE CLORETO DE VINILA
39172900;-- DE OUTRO PL STICO
39173;- OUTROS TUBOS:
39173100;-- TUBOS FLEX VEIS PODENDO SUPORTAR UMA PRESS O DE, PELO MENOS, 27,6 MPA
391732;-- OUTROS, N O REFOR ADOS COM OUTRAS MAT RIAS, NEM ASSOCIADOS DE OUTRA FORMA COM OUTRAS MAT RIAS, SEM ACESS RIOS
39173210;DE COPOL MEROS DE ETILENO
3917322;DE POLIPROPILENO
39173221;TUBOS CAPILARES, SEMIPERME VEIS, PR PRIOS PARA HEMODI LISE OU PARA OXIGENA  O SANGU NEA
39173229;OUTROS
39173230;DE POLI(TEREFTALATO DE ETILENO)
39173240;DE SILICONES
3917325;DE CELULOSE REGENERADA
39173251;TUBOS CAPILARES, SEMIPERME VEIS, PR PRIOS PARA HEMODI LISE
39173259;OUTROS
39173290;OUTROS
39173300;-- OUTROS, N O REFOR ADOS COM OUTRAS MAT RIAS, NEM ASSOCIADOS DE OUTRA FORMA COM OUTRAS MAT RIAS, COM ACESS RIOS
39173900;-- OUTROS
391740;- ACESS RIOS
39174010;DO TIPO UTILIZADO EM LINHAS DE SANGUE PARA HEMODI LISE
39174090;OUTROS
3918;"REVESTIMENTOS PARA PISOS (PAVIMENTOS), DE PL STICO, MESMO AUTOADESIVOS, EM ROLOS OU EM FORMA DE LADRILHOS OU DE PLACAS (LAJES); REVESTIMENTOS PARA PAREDES OU PARA TETOS, DE PL STICO, DEFINIDOS NA NOTA 9 DO PRESENTE CAP TULO."
39181000;- DE POL MEROS DE CLORETO DE VINILA
39189000;- DE OUTRO PL STICO
3919;CHAPAS, FOLHAS, TIRAS, FITAS, PEL CULAS E OUTRAS FORMAS PLANAS, AUTOADESIVAS, DE PL STICO, MESMO EM ROLOS.
391910;- EM ROLOS DE LARGURA N O SUPERIOR A 20 CM
39191010;DE POLIPROPILENO
39191020;DE POLI(CLORETO DE VINILA)
39191090;OUTRAS
391990;- OUTRAS
39199010;DE POLIPROPILENO
39199020;DE POLI(CLORETO DE VINILA)
39199090;OUTRAS
3920;OUTRAS CHAPAS, FOLHAS, PEL CULAS, TIRAS E L MINAS, DE PL STICO N O ALVEOLAR, N O REFOR ADAS NEM ESTRATIFICADAS, SEM SUPORTE, NEM ASSOCIADAS DE FORMA SEMELHANTE A OUTRAS MAT RIAS.
392010;- DE POL MEROS DE ETILENO
39201010;DE DENSIDADE IGUAL OU SUPERIOR A 0,94, ESPESSURA INFERIOR OU IGUAL A 19 MICR METROS (M CRONS), EM ROLOS DE LARGURA INFERIOR OU IGUAL A 66 CM
3920109;OUTRAS
39201091;DE DENSIDADE INFERIOR A 0,94, COM  LEO DE PARAFINA E CARGA (S LICA E NEGRO DE FUMO), APRESENTANDO NERVURAS PARALELAS ENTRE SI, COM UMA RESIST NCIA EL TRICA IGUAL OU SUPERIOR A 0,030 OHMS.CM2, MAS INFERIOR OU IGUAL A 0,120 OHMS.CM2, EM ROLOS, DO TIPO UTILIZADO PARA A FABRICA  O DE SEPARADORES DE ACUMULADORES EL TRICOS
39201099;OUTRAS
392020;- DE POL MEROS DE PROPILENO
3920201;BIAXIALMENTE ORIENTADOS
39202011;DE LARGURA INFERIOR OU IGUAL A 12,5 CM E ESPESSURA INFERIOR OU IGUAL A 10 MICR METROS (M CRONS), METALIZADAS
39202012;DE LARGURA INFERIOR OU IGUAL A 1 M E ESPESSURA INFERIOR OU IGUAL A 13 MICR METROS (M CRONS), COM UMA OU AMBAS AS FACES RUGOSAS DE RUGOSIDADE RELATIVA (RELA  O ENTRE A ESPESSURA M DIA E A M XIMA) IGUAL OU SUPERIOR A 6 %, DE RIGIDEZ DIEL TRICA IGUAL OU SUPERIOR A 500 V/MICR METRO (NORMA ASTM D 3755-97), EM ROLOS
39202019;OUTRAS
39202090;OUTRAS
39203000;- DE POL MEROS DE ESTIRENO
39204;- DE POL MEROS DE CLORETO DE VINILA:
392043;-- QUE CONTENHAM, EM PESO, PELO MENOS 6 % DE PLASTIFICANTES
39204310;DE POLI(CLORETO DE VINILA), TRANSPARENTES, TERMOCONTR TEIS, DE ESPESSURA INFERIOR OU IGUAL A 250 MICR METROS (M CRONS)
39204390;OUTRAS
39204900;-- OUTRAS
39205;- DE POL MEROS ACR LICOS:
39205100;-- DE POLI(METACRILATO DE METILA)
39205900;-- OUTRAS
39206;- DE POLICARBONATOS, DE RESINAS ALQU DICAS, DE POLI STERES AL LICOS OU DE OUTROS POLI STERES:
39206100;-- DE POLICARBONATOS
392062;-- DE POLI(TEREFTALATO DE ETILENO)
3920621;DE ESPESSURA INFERIOR OU IGUAL A 40 MICR METROS (M CRONS)
39206211;DE ESPESSURA INFERIOR A 5 MICR METROS (M CRONS)
39206219;OUTRAS
3920629;OUTRAS
39206291;COM LARGURA SUPERIOR A 12 CM, SEM QUALQUER TRABALHO   SUPERF CIE
39206299;OUTRAS
39206300;-- DE POLI STERES N O SATURADOS
39206900;-- DE OUTROS POLI STERES
39207;- DE CELULOSE OU DOS SEUS DERIVADOS QU MICOS:
39207100;-- DE CELULOSE REGENERADA
392073;-- DE ACETATOS DE CELULOSE
39207310;DE ESPESSURA INFERIOR OU IGUAL A 0,75 MM
39207390;OUTRAS
392079;-- DE OUTROS DERIVADOS DA CELULOSE
39207910;DE FIBRA VULCANIZADA, DE ESPESSURA INFERIOR OU IGUAL A 1 MM
39207990;OUTROS
39209;- DE OUTRO PL STICO:
39209100;-- DE POLI(BUTIRAL DE VINILA)
39209200;-- DE POLIAMIDAS
39209300;-- DE RESINAS AM NICAS
39209400;-- DE RESINAS FEN LICAS
392099;-- DE OUTRO PL STICO
39209910;DE SILICONE
39209920;DE POLI( LCOOL VIN LICO)
39209930;DE POL MEROS DE FLUORETO DE VINILA
39209940;DE POLIIMIDA
39209950;DE POLI(CLOROTRIFLUORETILENO)
39209990;OUTRAS
3921;OUTRAS CHAPAS, FOLHAS, PEL CULAS, TIRAS E L MINAS, DE PL STICO.
39211;- PRODUTOS ALVEOLARES:
39211100;-- DE POL MEROS DE ESTIRENO
39211200;-- DE POL MEROS DE CLORETO DE VINILA
392113;-- DE POLIURETANOS
39211310;COM BASE POLI STER, DE C LULAS ABERTAS, COM UM N MERO DE POROS POR DEC METRO LINEAR IGUAL OU SUPERIOR A 24 E INFERIOR OU IGUAL A 157 (6 A 40 POROS POR POLEGADA LINEAR), COM RESIST NCIA   COMPRESS O 50 % (RC50) IGUAL OU SUPERIOR A 3,0 KPA E INFERIOR OU IGUAL A 6,0 KPA
39211390;OUTRAS
39211400;-- DE CELULOSE REGENERADA
39211900;-- DE OUTRO PL STICO
392190;- OUTRAS
3921901;ESTRATIFICADAS, REFOR ADAS OU COM SUPORTE
39219011;DE RESINA MELAMINA-FORMALDE DO
39219012;DE POLIETILENO, COM REFOR O DE NAPAS DE FIBRAS DE POLIETILENO PARALELIZADAS, SUPERPOSTAS ENTRE SI EM  NGULO DE 90  E IMPREGNADAS COM RESINAS
39219013;DE COPOL MEROS DE TETRAFLUORETILENO REFOR ADAS COM TECIDO DE FIBRAS DE POLITETRAFLUORETILENO, DO TIPO UTILIZADO COMO MEMBRANAS SEMIPERME VEIS EM C LULAS DE ELETR LISE
39219019;OUTRAS
39219020;DE POLI(TEREFTALATO DE ETILENO), COM CAMADA ANTIEST TICA   BASE DE GELATINA OU DE L TEX EM AMBAS AS FACES, MESMO COM HALOGENETOS DE POT SSIO
39219090;OUTRAS
3922;BANHEIRAS, BOXES PARA CHUVEIROS (POLIB S*), PIAS, LAVAT RIOS, BID S, SANIT RIOS E SEUS ASSENTOS E TAMPAS, CAIXAS DE DESCARGA (AUTOCLISMOS*) E ARTIGOS SEMELHANTES PARA USOS SANIT RIOS OU HIGI NICOS, DE PL STICO.
39221000;- BANHEIRAS, BOXES PARA CHUVEIROS (POLIB S*), PIAS E LAVAT RIOS
39222000;- ASSENTOS E TAMPAS, DE SANIT RIOS
39229000;- OUTROS
3923;"ARTIGOS DE TRANSPORTE OU DE EMBALAGEM, DE PL STICO; ROLHAS, TAMPAS, C PSULAS E OUTROS DISPOSITIVOS PARA FECHAR RECIPIENTES, DE PL STICO."
392310;- CAIXAS, CAIXOTES, ENGRADADOS E ARTIGOS SEMELHANTES
39231010;ESTOJOS DE PL STICO, DO TIPO UTILIZADO PARA ACONDICIONAR DISCOS PARA SISTEMAS DE LEITURA POR RAIO LASER
39231090;OUTROS
39232;- SACOS DE QUAISQUER DIMENS ES, BOLSAS E CARTUCHOS:
392321;-- DE POL MEROS DE ETILENO
39232110;DE CAPACIDADE INFERIOR OU IGUAL A 1.000 CM3
39232190;OUTROS
392329;-- DE OUTRO PL STICO
39232910;DE CAPACIDADE INFERIOR OU IGUAL A 1.000 CM3
39232990;OUTROS
392330;- GARRAF ES, GARRAFAS, FRASCOS E ARTIGOS SEMELHANTES
39233010;RECIPIENTES PARA G S LIQUEFEITO DE PETR LEO (GLP)
39233090;OUTROS
39234000;- BOBINAS, CARRET IS, CANELAS E SUPORTES SEMELHANTES
39235000;- ROLHAS, TAMPAS, C PSULAS E OUTROS DISPOSITIVOS PARA FECHAR RECIPIENTES
392390;- OUTROS
39239010;"PALETES SIMPLES, PALETES-CAIXAS E OUTROS ESTRADOS PARA CARGA; TAIPAIS DE PALETES"
39239090;OUTROS
3924;SERVI OS DE MESA, ARTIGOS DE COZINHA, OUTROS ARTIGOS DE USO DOM STICO E ARTIGOS DE HIGIENE OU DE TOUCADOR, DE PL STICO.
39241000;- SERVI OS DE MESA E OUTROS UTENS LIOS DE MESA OU DE COZINHA
39249000;- OUTROS
3925;ARTIGOS PARA APETRECHAMENTO DE CONSTRU  ES, DE PL STICO, N O ESPECIFICADOS NEM COMPREENDIDOS NOUTRAS POSI  ES.
39251000;- RESERVAT RIOS, CISTERNAS, CUBAS E RECIPIENTES AN LOGOS, DE CAPACIDADE SUPERIOR A 300 L
39252000;- PORTAS, JANELAS E SEUS CAIXILHOS, ALIZARES E SOLEIRAS
39253000;- POSTIGOS, ESTORES (INCLUINDO AS VENEZIANAS) E ARTIGOS SEMELHANTES, E SUAS PARTES
392590;- OUTROS
39259010;DE POLIESTIRENO EXPANDIDO (EPS)
39259090;OUTROS
3926;OUTRAS OBRAS DE PL STICO E OBRAS DE OUTRAS MAT RIAS DAS POSI  ES 39.01 A 39.14.
39261000;- ARTIGOS DE ESCRIT RIO E ARTIGOS ESCOLARES
39262000;- VESTU RIO E SEUS ACESS RIOS (INCLUINDO AS LUVAS, MITENES E SEMELHANTES)
39263000;- GUARNI  ES PARA M VEIS, CARRO ARIAS OU SEMELHANTES
39264000;- ESTATUETAS E OUTROS OBJETOS DE ORNAMENTA  O
392690;- OUTRAS
39269010;ARRUELAS (ANILHAS)
3926902;CORREIAS DE TRANSMISS O E CORREIAS TRANSPORTADORAS
39269021;DE TRANSMISS O
39269022;TRANSPORTADORAS
39269030;BOLSAS PARA USO EM MEDICINA (HEMODI LISE E USOS SEMELHANTES)
39269040;ARTIGOS DE LABORAT RIO OU DE FARM CIA
39269050;ACESS RIOS DO TIPO UTILIZADO EM LINHAS DE SANGUE PARA HEMODI LISE, TAIS COMO: OBTURADORES, INCLUINDO OS REGUL VEIS (CLAMPS), CLIPES E SEMELHANTES
3926906;AN IS DE SE  O TRANSVERSAL CIRCULAR (O-RINGS)
39269061;DE TETRAFLUORETILENO E  TER PERFLUOROMETILVINIL
39269069;OUTROS
39269090;OUTRAS
40;BORRACHA E SUAS OBRAS.
4001;BORRACHA NATURAL, BALATA, GUTA-PERCHA, GUAI LE, CHICLE E GOMAS NATURAIS AN LOGAS, EM FORMAS PRIM RIAS OU EM CHAPAS, FOLHAS OU TIRAS.
40011000;- L TEX DE BORRACHA NATURAL, MESMO PR -VULCANIZADO
40012;- BORRACHA NATURAL NOUTRAS FORMAS:
40012100;-- FOLHAS FUMADAS
40012200;-- BORRACHA NATURAL TECNICAMENTE ESPECIFICADA (TSNR)
400129;-- OUTRAS
40012910;CREPADAS
40012920;GRANULADAS OU PRENSADAS
40012990;OUTRAS
40013000;- BALATA, GUTA-PERCHA, GUAI LE, CHICLE E GOMAS NATURAIS AN LOGAS
4002;"BORRACHA SINT TICA E BORRACHA ARTIFICIAL DERIVADA DOS  LEOS, EM FORMAS PRIM RIAS OU EM CHAPAS, FOLHAS OU TIRAS; MISTURAS DOS PRODUTOS DA POSI  O 40.01 COM PRODUTOS DA PRESENTE POSI  O, EM FORMAS PRIM RIAS OU EM CHAPAS, FOLHAS OU TIRAS."
40021;"- BORRACHA DE ESTIRENO-BUTADIENO (SBR); BORRACHA DE ESTIRENO-BUTADIENO CARBOXILADA (XSBR):"
400211;-- L TEX
40021110;DE ESTIRENO-BUTADIENO (SBR)
40021120;DE ESTIRENO-BUTADIENO CARBOXILADA (XSBR)
400219;-- OUTRAS
4002191;DE ESTIRENO-BUTADIENO (SBR)
40021911;EM CHAPAS, FOLHAS OU TIRAS
40021912;GRAU ALIMENT CIO DE ACORDO COM O ESTABELECIDO PELO FOOD CHEMICAL CODEX, EM FORMAS PRIM RIAS
40021919;OUTRAS
40021920;DE ESTIRENO-BUTADIENO CARBOXILADA (XSBR)
400220;- BORRACHA DE BUTADIENO (BR)
40022010;LEO
4002209;OUTRAS
40022091;1,2-POLIBUTADIENO SINDIOT CTICO
40022099;OUTRAS
40023;"- BORRACHA DE ISOBUTENO-ISOPRENO (BUTILA) (IIR); BORRACHA DE ISOBUTENO-ISOPRENO HALOGENADA (CIIR OU BIIR):"
40023100;-- BORRACHA DE ISOBUTENO-ISOPRENO (BUTILA) (IIR)
40023900;-- OUTRAS
40024;- BORRACHA DE CLOROPRENO (CLOROBUTADIENO) (CR):
40024100;-- L TEX
40024900;-- OUTRAS
40025;- BORRACHA DE ACRILONITRILA-BUTADIENO (NBR):
40025100;-- L TEX
40025900;-- OUTRAS
40026000;- BORRACHA DE ISOPRENO (IR)
40027000;- BORRACHA DE ETILENO-PROPILENO-DIENO N O CONJUGADO (EPDM)
40028000;- MISTURAS DOS PRODUTOS DA POSI  O 40.01 COM PRODUTOS DA PRESENTE POSI  O
40029;- OUTRAS:
40029100;-- L TEX
400299;-- OUTRAS
40029910;BORRACHA ESTIRENO-ISOPRENO-ESTIRENO
40029920;BORRACHA ETILENO-PROPILENO-DIENO N O CONJUGADO-PROPILENO (EPDM-PROPILENO)
40029930;BORRACHA ACRILONITRILA-BUTADIENO HIDROGENADA
40029990;OUTRAS
40030000;BORRACHA REGENERADA, EM FORMAS PRIM RIAS OU EM CHAPAS, FOLHAS OU TIRAS.
40040000;DESPERD CIOS, RES DUOS E APARAS, DE BORRACHA N O ENDURECIDA, MESMO REDUZIDOS A P  OU A GR NULOS.
4005;BORRACHA MISTURADA, N O VULCANIZADA, EM FORMAS PRIM RIAS OU EM CHAPAS, FOLHAS OU TIRAS.
400510;- BORRACHA ADICIONADA DE NEGRO DE FUMO OU DE S LICA
40051010;BORRACHA ETILENO-PROPILENO-DIENO N O CONJUGADO-PROPILENO (EPDM-PROPILENO), COM S LICA E PLASTIFICANTE, EM GR NULOS
40051090;OUTRAS
40052000;"- SOLU  ES; DISPERS ES, EXCETO AS DA SUBPOSI  O 4005.10"
40059;- OUTRAS:
400591;-- CHAPAS, FOLHAS E TIRAS
40059110;PREPARA  ES BASE PARA A FABRICA  O DE GOMAS DE MASCAR
40059190;OUTRAS
400599;-- OUTRAS
40059910;PREPARA  ES BASE PARA A FABRICA  O DE GOMAS DE MASCAR
40059990;OUTRAS
4006;OUTRAS FORMAS (POR EXEMPLO, VARETAS, TUBOS, PERFIS) E ARTIGOS (POR EXEMPLO, DISCOS, ARRUELAS (ANILHAS)), DE BORRACHA N O VULCANIZADA.
40061000;- PERFIS PARA RECAUCHUTAGEM
40069000;- OUTROS
400700;FIOS E CORDAS, DE BORRACHA VULCANIZADA.
4007001;FIOS
40070011;RECOBERTOS COM SILICONE, MESMO PARALELIZADOS
40070019;OUTROS
40070020;CORDAS
4008;CHAPAS, FOLHAS, TIRAS, VARETAS E PERFIS, DE BORRACHA VULCANIZADA N O ENDURECIDA.
40081;- DE BORRACHA ALVEOLAR:
40081100;-- CHAPAS, FOLHAS E TIRAS
40081900;-- OUTROS
40082;- DE BORRACHA N O ALVEOLAR:
40082100;-- CHAPAS, FOLHAS E TIRAS
40082900;-- OUTROS
4009;TUBOS DE BORRACHA VULCANIZADA N O ENDURECIDA, MESMO PROVIDOS DOS RESPECTIVOS ACESS RIOS (POR EXEMPLO, JUNTAS, COTOVELOS, FLANGES, UNI ES).
40091;- N O REFOR ADOS COM OUTRAS MAT RIAS NEM ASSOCIADOS DE OUTRA FORMA COM OUTRAS MAT RIAS:
40091100;-- SEM ACESS RIOS
400912;-- COM ACESS RIOS
40091210;COM UMA PRESS O DE RUPTURA IGUAL OU SUPERIOR A 17,3 MPA
40091290;OUTROS
40092;- REFOR ADOS APENAS COM METAL OU ASSOCIADOS DE OUTRA FORMA APENAS COM METAL:
400921;-- SEM ACESS RIOS
40092110;COM UMA PRESS O DE RUPTURA IGUAL OU SUPERIOR A 17,3 MPA
40092190;OUTROS
400922;-- COM ACESS RIOS
40092210;COM UMA PRESS O DE RUPTURA IGUAL OU SUPERIOR A 17,3 MPA
40092290;OUTROS
40093;- REFOR ADOS APENAS COM MAT RIAS T XTEIS OU ASSOCIADOS DE OUTRA FORMA APENAS COM MAT RIAS T XTEIS:
40093100;-- SEM ACESS RIOS
400932;-- COM ACESS RIOS
40093210;COM UMA PRESS O DE RUPTURA IGUAL OU SUPERIOR A 17,3 MPA
40093290;OUTROS
40094;- REFOR ADOS COM OUTRAS MAT RIAS OU ASSOCIADOS DE OUTRA FORMA COM OUTRAS MAT RIAS:
40094100;-- SEM ACESS RIOS
400942;-- COM ACESS RIOS
40094210;COM UMA PRESS O DE RUPTURA IGUAL OU SUPERIOR A 17,3 MPA
40094290;OUTROS
4010;CORREIAS TRANSPORTADORAS OU DE TRANSMISS O, DE BORRACHA VULCANIZADA.
40101;- CORREIAS TRANSPORTADORAS:
40101100;-- REFOR ADAS APENAS COM METAL
40101200;-- REFOR ADAS APENAS COM MAT RIAS T XTEIS
40101900;-- OUTRAS
40103;- CORREIAS DE TRANSMISS O:
40103100;-- CORREIAS DE TRANSMISS O SEM FIM, DE SE  O TRAPEZOIDAL, ESTRIADAS, COM UMA CIRCUNFER NCIA EXTERNA SUPERIOR A 60 CM, MAS N O SUPERIOR A 180 CM
40103200;-- CORREIAS DE TRANSMISS O SEM FIM, DE SE  O TRAPEZOIDAL, N O ESTRIADAS, COM UMA CIRCUNFER NCIA EXTERNA SUPERIOR A 60 CM, MAS N O SUPERIOR A 180 CM
40103300;-- CORREIAS DE TRANSMISS O SEM FIM, DE SE  O TRAPEZOIDAL, ESTRIADAS, COM UMA CIRCUNFER NCIA EXTERNA SUPERIOR A 180 CM, MAS N O SUPERIOR A 240 CM
40103400;-- CORREIAS DE TRANSMISS O SEM FIM, DE SE  O TRAPEZOIDAL, N O ESTRIADAS, COM UMA CIRCUNFER NCIA EXTERNA SUPERIOR A 180 CM, MAS N O SUPERIOR A 240 CM
40103500;-- CORREIAS DE TRANSMISS O SEM FIM, S NCRONAS, COM UMA CIRCUNFER NCIA EXTERNA SUPERIOR A 60 CM, MAS N O SUPERIOR A 150 CM
40103600;-- CORREIAS DE TRANSMISS O SEM FIM, S NCRONAS, COM UMA CIRCUNFER NCIA EXTERNA SUPERIOR A 150 CM, MAS N O SUPERIOR A 198 CM
40103900;-- OUTRAS
4011;PNEUM TICOS NOVOS, DE BORRACHA.
40111000;- DO TIPO UTILIZADO EM AUTOM VEIS DE PASSAGEIROS (INCLUINDO OS VE CULOS DE USO MISTO (STATION WAGONS) E OS AUTOM VEIS DE CORRIDA)
401120;- DO TIPO UTILIZADO EM  NIBUS (AUTOCARROS) OU CAMINH ES
40112010;DE MEDIDA 11,00-24
40112090;OUTROS
40113000;- DO TIPO UTILIZADO EM VE CULOS A REOS
40114000;- DO TIPO UTILIZADO EM MOTOCICLETAS
40115000;- DO TIPO UTILIZADO EM BICICLETAS
401170;- DO TIPO UTILIZADO EM VE CULOS E M QUINAS AGR COLAS OU FLORESTAIS
40117010;"NAS SEGUINTES MEDIDAS: 4,00-15; 4,00-18; 4,00-19; 5,00-15; 5,00-16; 5,50-16; 6,00-16; 6,00-19; 6,00-20; 6,50-16; 6,50-20; 7,50-16; 7,50-18; 7,50-20"
40117090;OUTROS
401180;- DO TIPO UTILIZADO EM VE CULOS E M QUINAS PARA A CONSTRU  O CIVIL, DE MINERA  O E DE MANUTEN  O INDUSTRIAL
40118010;"RADIAIS, PARA DUMPERS CONCEBIDOS PARA SEREM UTILIZADOS FORA DE RODOVIAS, COM SE  O DE LARGURA IGUAL OU SUPERIOR A 940 MM (37""), PARA AROS DE DI METRO IGUAL OU SUPERIOR A 1.448 MM (57"")"
40118020;"OUTROS, COM SE  O DE LARGURA IGUAL OU SUPERIOR A 1.143 MM (45""), PARA AROS DE DI METRO IGUAL OU SUPERIOR A 1.143 MM (45"")"
40118090;OUTROS
401190;- OUTROS
40119010;"COM SE  O DE LARGURA IGUAL OU SUPERIOR A 1.143 MM (45""), PARA AROS DE DI METRO IGUAL OU SUPERIOR A 1.143 MM (45"")"
40119090;OUTROS
4012;"PNEUM TICOS RECAUCHUTADOS OU USADOS, DE BORRACHA; PNEUS MACI OS OU OCOS, BANDAS DE RODAGEM PARA PNEUM TICOS E FLAPS, DE BORRACHA."
40121;- PNEUM TICOS RECAUCHUTADOS:
40121100;-- DO TIPO UTILIZADO EM AUTOM VEIS DE PASSAGEIROS (INCLUINDO OS VE CULOS DE USO MISTO (STATION WAGONS) E OS AUTOM VEIS DE CORRIDA)
40121200;-- DO TIPO UTILIZADO EM  NIBUS (AUTOCARROS) OU CAMINH ES
40121300;-- DO TIPO UTILIZADO EM VE CULOS A REOS
40121900;-- OUTROS
40122000;- PNEUM TICOS USADOS
401290;- OUTROS
40129010;FLAPS
40129090;OUTROS
4013;C MARAS DE AR DE BORRACHA.
401310;- DO TIPO UTILIZADO EM AUTOM VEIS DE PASSAGEIROS (INCLUINDO OS VE CULOS DE USO MISTO (STATION WAGONS) E OS AUTOM VEIS DE CORRIDA),  NIBUS (AUTOCARROS) OU CAMINH ES
40131010;PARA PNEUM TICOS DO TIPO UTILIZADO EM  NIBUS OU CAMINH ES, DE MEDIDA 11,00-24
40131090;OUTRAS
40132000;- DO TIPO UTILIZADO EM BICICLETAS
40139000;- OUTRAS
4014;ARTIGOS DE HIGIENE OU DE FARM CIA (INCLUINDO OS BICOS (TETINAS) PARA MAMADEIRAS (BIBER ES)), DE BORRACHA VULCANIZADA N O ENDURECIDA, MESMO COM PARTES DE BORRACHA ENDURECIDA.
40141000;- PRESERVATIVOS
401490;- OUTROS
40149010;BOLSAS PARA GELO OU PARA  GUA QUENTE
40149090;OUTROS
4015;VESTU RIO E SEUS ACESS RIOS (INCLUINDO AS LUVAS, MITENES E SEMELHANTES), DE BORRACHA VULCANIZADA N O ENDURECIDA, PARA QUAISQUER USOS.
40151;- LUVAS, MITENES E SEMELHANTES:
40151200;-- DO TIPO UTILIZADO EM MEDICINA, CIRURGIA, ODONTOLOGIA OU VETERIN RIA
40151900;-- OUTRAS
40159000;- OUTROS
4016;OUTRAS OBRAS DE BORRACHA VULCANIZADA N O ENDURECIDA.
401610;- DE BORRACHA ALVEOLAR
40161010;PARTES DE VE CULOS AUTOM VEIS OU TRATORES E DE M QUINAS OU APARELHOS, N O DOM STICOS, DOS CAP TULOS 84, 85 OU 90
40161090;OUTRAS
40169;- OUTRAS:
40169100;-- REVESTIMENTOS PARA PISOS (PAVIMENTOS) E TAPETES
40169200;-- BORRACHAS DE APAGAR
40169300;-- JUNTAS, GAXETAS E SEMELHANTES
40169400;-- DEFENSAS, MESMO INFL VEIS, PARA ATRACA  O DE EMBARCA  ES
401695;-- OUTROS ARTIGOS INFL VEIS
40169510;DE SALVAMENTO
40169590;OUTROS
401699;-- OUTRAS
40169910;TAMP ES VEDADORES PARA CONDENSADORES, DE EPDM, COM PERFURA  ES PARA TERMINAIS
40169990;OUTRAS
40170000;"BORRACHA ENDURECIDA (EBONITE, POR EXEMPLO) SOB QUALQUER FORMA, INCLUINDO OS DESPERD CIOS E RES DUOS; OBRAS DE BORRACHA ENDURECIDA."
41;PELES, EXCETO AS PELES COM PELO, E COUROS.
4101;COUROS E PELES EM BRUTO DE BOVINOS (INCLUINDO OS B FALOS) OU DE EQU DEOS (FRESCOS OU SALGADOS, SECOS, TRATADOS PELA CAL, PIQUELADOS OU CONSERVADOS DE OUTRO MODO, MAS N O CURTIDOS, NEM APERGAMINHADOS, NEM PREPARADOS DE OUTRO MODO), MESMO DEPILADOS OU DIVIDIDOS.
41012000;- COUROS E PELES EM BRUTO, INTEIROS, N O DIVIDIDOS, DE PESO UNIT RIO N O SUPERIOR A 8 KG QUANDO SECOS, A 10 KG QUANDO SALGADOS A SECO E A 16 KG QUANDO FRESCOS, SALGADOS A  MIDO OU CONSERVADOS DE OUTRO MODO
410150;- COUROS E PELES EM BRUTO, INTEIROS, DE PESO UNIT RIO SUPERIOR A 16 KG
41015010;SEM DIVIDIR
41015020;DIVIDIDOS, COM O LADO FLOR
41015030;DIVIDIDOS, SEM O LADO FLOR
410190;- OUTROS, INCLUINDO DORSOS (CREP ES*), MEIOS-DORSOS (MEIOS-CREP ES*) E FLANCOS (PARTES LATERAIS)
41019010;SEM DIVIDIR
41019020;DIVIDIDOS, COM O LADO FLOR
41019030;DIVIDIDOS, SEM O LADO FLOR
4102;PELES EM BRUTO DE OVINOS (FRESCAS OU SALGADAS, SECAS, TRATADAS PELA CAL, PIQUELADAS OU CONSERVADAS DE OUTRO MODO, MAS N O CURTIDAS, NEM APERGAMINHADAS, NEM PREPARADAS DE OUTRO MODO), MESMO DEPILADAS OU DIVIDIDAS, COM EXCE  O DAS EXCLU DAS PELA NOTA 1 C) DO PRESENTE CAP TULO.
41021000;- COM L  (N O DEPILADAS)
41022;- DEPILADAS OU SEM L :
41022100;-- PIQUELADAS
41022900;-- OUTRAS
4103;OUTROS COUROS E PELES EM BRUTO (FRESCOS OU SALGADOS, SECOS, TRATADOS PELA CAL, PIQUELADOS OU CONSERVADOS DE OUTRO MODO, MAS N O CURTIDOS, NEM APERGAMINHADOS, NEM PREPARADOS DE OUTRO MODO), MESMO DEPILADOS OU DIVIDIDOS, COM EXCE  O DOS EXCLU DOS PELAS NOTAS 1 B) OU 1 C) DO PRESENTE CAP TULO.
41032000;- DE R PTEIS
41033000;- DE SU NOS
41039000;- OUTROS
4104;COUROS E PELES CURTIDOS OU CRUST, DE BOVINOS (INCLUINDO OS B FALOS) OU DE EQU DEOS, DEPILADOS, MESMO DIVIDIDOS, MAS N O PREPARADOS DE OUTRO MODO.
41041;- NO ESTADO  MIDO (INCLUINDO WET-BLUE):
410411;"-- PLENA FLOR, N O DIVIDIDOS; DIVIDIDOS, COM O LADO FLOR"
4104111;PLENA FLOR, N O DIVIDIDOS
41041111;COUROS E PELES INTEIROS, DE BOVINOS (INCLUINDO OS B FALOS), DE SUPERF CIE UNIT RIA N O SUPERIOR A 2,6 M2, SIMPLESMENTE CURTIDOS AO CROMO (WET-BLUE)
41041112;OUTROS COUROS E PELES INTEIROS, DE BOVINOS (INCLUINDO OS B FALOS), DE SUPERF CIE UNIT RIA N O SUPERIOR A 2,6 M2
41041113;OUTROS COUROS E PELES DE BOVINOS (INCLUINDO OS B FALOS), COM PR -CURTIMENTA VEGETAL
41041114;OUTROS COUROS E PELES DE BOVINOS (INCLUINDO OS B FALOS)
41041119;OUTROS
4104112;DIVIDIDOS, COM O LADO FLOR
41041121;COUROS E PELES INTEIROS, DE BOVINOS (INCLUINDO OS B FALOS), DE SUPERF CIE UNIT RIA N O SUPERIOR A 2,6 M2, SIMPLESMENTE CURTIDOS AO CROMO (WET-BLUE)
41041122;OUTROS COUROS E PELES INTEIROS, DE BOVINOS (INCLUINDO OS B FALOS), DE SUPERF CIE UNIT RIA N O SUPERIOR A 2,6 M2
41041123;OUTROS COUROS E PELES DE BOVINOS (INCLUINDO OS B FALOS), COM PR -CURTIMENTA VEGETAL
41041124;OUTROS COUROS E PELES DE BOVINOS (INCLUINDO OS B FALOS)
41041129;OUTROS
410419;-- OUTROS
41041910;COUROS E PELES INTEIROS, DE BOVINOS (INCLUINDO OS B FALOS), DE SUPERF CIE UNIT RIA N O SUPERIOR A 2,6 M2, SIMPLESMENTE CURTIDOS AO CROMO (WET-BLUE)
41041920;OUTROS COUROS E PELES INTEIROS, DE BOVINOS (INCLUINDO OS B FALOS), DE SUPERF CIE UNIT RIA N O SUPERIOR A 2,6 M2
41041930;OUTROS COUROS E PELES DE BOVINOS (INCLUINDO OS B FALOS), COM PR -CURTIMENTA VEGETAL
41041940;OUTROS COUROS E PELES DE BOVINOS (INCLUINDO OS B FALOS)
41041990;OUTROS
41044;- NO ESTADO SECO (CRUST):
410441;"-- PLENA FLOR, N O DIVIDIDOS; DIVIDIDOS, COM O LADO FLOR"
41044110;COUROS E PELES INTEIROS, DE BOVINOS (INCLUINDO OS B FALOS), DE SUPERF CIE UNIT RIA N O SUPERIOR A 2,6 M2
41044120;OUTROS COUROS E PELES DE BOVINOS (INCLUINDO OS B FALOS), CURTIDOS AO VEGETAL, PARA SOLAS
41044130;OUTROS COUROS E PELES DE BOVINOS (INCLUINDO OS B FALOS)
41044190;OUTROS
410449;-- OUTROS
41044910;COUROS E PELES INTEIROS, DE BOVINOS (INCLUINDO OS B FALOS), DE SUPERF CIE UNIT RIA N O SUPERIOR A 2,6 M2
41044920;OUTROS COUROS E PELES DE BOVINOS (INCLUINDO OS B FALOS)
41044990;OUTROS
4105;PELES CURTIDAS OU CRUST DE OVINOS, DEPILADAS, MESMO DIVIDIDAS, MAS N O PREPARADAS DE OUTRO MODO.
410510;- NO ESTADO  MIDO (INCLUINDO WET-BLUE)
41051010;COM PR -CURTIMENTA VEGETAL
4105102;PR -CURTIDAS DE OUTRO MODO
41051021;AO CROMO (WET-BLUE)
41051029;OUTRAS
41051090;OUTRAS
41053000;- NO ESTADO SECO (CRUST)
4106;COUROS E PELES, DEPILADOS, DE OUTROS ANIMAIS E PELES DE ANIMAIS DESPROVIDOS DE PELOS, CURTIDOS OU CRUST, MESMO DIVIDIDOS, MAS N O PREPARADOS DE OUTRO MODO.
41062;- DE CAPRINOS:
410621;-- NO ESTADO  MIDO (INCLUINDO WET-BLUE)
41062110;COM PR -CURTIMENTA VEGETAL
4106212;PR -CURTIDOS DE OUTRO MODO
41062121;AO CROMO (WET-BLUE)
41062129;OUTROS
41062190;OUTROS
41062200;-- NO ESTADO SECO (CRUST)
41063;- DE SU NOS:
410631;-- NO ESTADO  MIDO (INCLUINDO WET-BLUE)
41063110;SIMPLESMENTE CURTIDOS AO CROMO (WET-BLUE)
41063190;OUTROS
41063200;-- NO ESTADO SECO (CRUST)
41064000;- DE R PTEIS
41069;- OUTROS:
41069100;-- NO ESTADO  MIDO (INCLUINDO WET-BLUE)
41069200;-- NO ESTADO SECO (CRUST)
4107;COUROS PREPARADOS AP S CURTIMENTA OU AP S SECAGEM (CRUSTING) E COUROS E PELES APERGAMINHADOS, DE BOVINOS (INCLUINDO OS B FALOS) OU DE EQU DEOS, DEPILADOS, MESMO DIVIDIDOS, EXCETO OS DA POSI  O 41.14.
41071;- COUROS E PELES INTEIROS:
410711;-- PLENA FLOR, N O DIVIDIDOS
41071110;COUROS E PELES DE BOVINOS (INCLUINDO OS B FALOS), DE SUPERF CIE UNIT RIA N O SUPERIOR A 2,6 M2
41071120;OUTROS COUROS E PELES DE BOVINOS (INCLUINDO OS B FALOS)
41071190;OUTROS
410712;-- DIVIDIDOS, COM O LADO FLOR
41071210;COUROS E PELES DE BOVINOS (INCLUINDO OS B FALOS), DE SUPERF CIE UNIT RIA N O SUPERIOR A 2,6 M2
41071220;OUTROS COUROS E PELES DE BOVINOS (INCLUINDO OS B FALOS)
41071290;OUTROS
410719;-- OUTROS
41071910;COUROS E PELES DE BOVINOS (INCLUINDO OS B FALOS), DE SUPERF CIE UNIT RIA N O SUPERIOR A 2,6 M2
41071920;OUTROS COUROS E PELES DE BOVINOS (INCLUINDO OS B FALOS)
41071990;OUTROS
41079;- OUTROS, INCLUINDO AS TIRAS:
410791;-- PLENA FLOR, N O DIVIDIDOS
41079110;DE BOVINOS (INCLUINDO OS B FALOS)
41079190;OUTROS
410792;-- DIVIDIDOS, COM O LADO FLOR
41079210;DE BOVINOS (INCLUINDO OS B FALOS)
41079290;OUTROS
410799;-- OUTROS
41079910;DE BOVINOS (INCLUINDO OS B FALOS)
41079990;OUTROS
41120000;COUROS PREPARADOS AP S CURTIMENTA OU AP S SECAGEM (CRUSTING) E COUROS E PELES APERGAMINHADOS, DE OVINOS, DEPILADOS, MESMO DIVIDIDOS, EXCETO OS DA POSI  O 41.14.
4113;COUROS PREPARADOS AP S CURTIMENTA OU AP S SECAGEM (CRUSTING) E COUROS E PELES APERGAMINHADOS, DE OUTROS ANIMAIS, DEPILADOS, E COUROS PREPARADOS AP S CURTIMENTA E COUROS E PELES APERGAMINHADOS, DE ANIMAIS DESPROVIDOS DE PELOS, MESMO DIVIDIDOS, EXCETO OS DA POSI  O 41.14.
411310;- DE CAPRINOS
41131010;CURTIDOS AO CROMO, COM ACABAMENTO
41131090;OUTROS
41132000;- DE SU NOS
41133000;- DE R PTEIS
41139000;- OUTROS
4114;"COUROS E PELES ACAMUR ADOS (INCLUINDO A CAMUR A COMBINADA); COUROS E PELES ENVERNIZADOS OU REVESTIDOS; COUROS E PELES METALIZADOS."
41141000;- COUROS E PELES ACAMUR ADOS (INCLUINDO A CAMUR A COMBINADA)
411420;"- COUROS E PELES ENVERNIZADOS OU REVESTIDOS; COUROS E PELES METALIZADOS"
41142010;ENVERNIZADOS OU REVESTIDOS
41142020;METALIZADOS
4115;"COURO RECONSTITU DO,   BASE DE COURO OU DE FIBRAS DE COURO, EM CHAPAS, FOLHAS OU TIRAS, MESMO ENROLADAS; APARAS E OUTROS DESPERD CIOS DE COUROS OU DE PELES PREPARADOS OU DE COURO RECONSTITU DO, N O UTILIZ VEIS PARA FABRICA  O DE OBRAS DE COURO; SERRAGEM, P  E FARINHA, DE COURO."
41151000;- COURO RECONSTITU DO   BASE DE COURO OU DE FIBRAS DE COURO, EM CHAPAS, FOLHAS OU TIRAS, MESMO ENROLADAS
41152000;"- APARAS E OUTROS DESPERD CIOS DE COUROS OU DE PELES PREPARADOS OU DE COURO RECONSTITU DO, N O UTILIZ VEIS PARA FABRICA  O DE OBRAS DE COURO; SERRAGEM, P  E FARINHA, DE COURO"
42;"OBRAS DE COURO; ARTIGOS DE CORREEIRO OU DE SELEIRO; ARTIGOS DE VIAGEM, BOLSAS E ARTIGOS SEMELHANTES; OBRAS DE TRIPA."
420100;ARTIGOS DE SELEIRO OU DE CORREEIRO, PARA QUAISQUER ANIMAIS (INCLUINDO AS TRELAS, JOELHEIRAS, FOCINHEIRAS, MANTAS DE SELA, ALFORJES, AGASALHOS PARA C ES E ARTIGOS SEMELHANTES), DE QUAISQUER MAT RIAS.
42010010;DE COURO NATURAL OU RECONSTITU DO
42010090;OUTROS
4202;"BA S (ARCAS) PARA VIAGEM, MALAS E MALETAS, INCLUINDO AS MALETAS DE TOUCADOR E AS MALETAS E PASTAS DE DOCUMENTOS E PARA ESTUDANTES, OS ESTOJOS PARA  CULOS, BIN CULOS, C MERAS FOTOGR FICAS E DE FILMAR, INSTRUMENTOS MUSICAIS, ARMAS E ARTIGOS SEMELHANTES; SACOS DE VIAGEM, SACOS ISOLANTES PARA G NEROS ALIMENT CIOS E BEBIDAS, BOLSAS DE TOUCADOR, MOCHILAS, BOLSAS, SACOLAS (SACOS PARA COMPRAS), CARTEIRAS, PORTA-MOEDAS, PORTA-CART ES, CIGARREIRAS, TABAQUEIRAS, ESTOJOS PARA FERRAMENTAS, BOLSAS E SACOS PARA ARTIGOS DE ESPORTE, ESTOJOS PARA FRASCOS OU PARA JOIAS, CAIXAS PARA P  DE ARROZ, ESTOJOS PARA OURIVESARIA E ARTIGOS SEMELHANTES, DE COURO NATURAL OU RECONSTITU DO, DE FOLHAS DE PL STICO, DE MAT RIAS T XTEIS, DE FIBRA VULCANIZADA OU DE CART O, OU RECOBERTOS, NO TODO OU NA MAIOR PARTE, DESSAS MESMAS MAT RIAS OU DE PAPEL."
42021;- BA S (ARCAS) PARA VIAGEM, MALAS E MALETAS, INCLUINDO AS MALETAS DE TOUCADOR E AS MALETAS E PASTAS DE DOCUMENTOS E PARA ESTUDANTES, E ARTIGOS SEMELHANTES:
42021100;-- COM A SUPERF CIE EXTERIOR DE COURO NATURAL OU RECONSTITU DO
420212;-- COM A SUPERF CIE EXTERIOR DE PL STICO OU DE MAT RIAS T XTEIS
42021210;DE PL STICO
42021220;DE MAT RIAS T XTEIS
42021900;-- OUTROS
42022;- BOLSAS, MESMO COM TIRACOLO, INCLUINDO AS QUE N O POSSUAM AL AS (PEGAS):
42022100;-- COM A SUPERF CIE EXTERIOR DE COURO NATURAL OU RECONSTITU DO
420222;-- COM A SUPERF CIE EXTERIOR DE FOLHAS DE PL STICO OU DE MAT RIAS T XTEIS
42022210;DE FOLHAS DE PL STICO
42022220;DE MAT RIAS T XTEIS
42022900;-- OUTRAS
42023;- ARTIGOS DO TIPO NORMALMENTE LEVADO NOS BOLSOS OU EM BOLSAS:
42023100;-- COM A SUPERF CIE EXTERIOR DE COURO NATURAL OU RECONSTITU DO
42023200;-- COM A SUPERF CIE EXTERIOR DE FOLHAS DE PL STICO OU DE MAT RIAS T XTEIS
42023900;-- OUTROS
42029;- OUTROS:
42029100;-- COM A SUPERF CIE EXTERIOR DE COURO NATURAL OU RECONSTITU DO
42029200;-- COM A SUPERF CIE EXTERIOR DE FOLHAS DE PL STICO OU DE MAT RIAS T XTEIS
42029900;-- OUTROS
4203;VESTU RIO E SEUS ACESS RIOS, DE COURO NATURAL OU RECONSTITU DO.
42031000;- VESTU RIO
42032;- LUVAS, MITENES E SEMELHANTES:
42032100;-- ESPECIALMENTE CONCEBIDAS PARA A PR TICA DE ESPORTES
42032900;-- OUTRAS
42033000;- CINTOS, CINTUR ES E BANDOLEIRAS OU TALABARTES
42034000;- OUTROS ACESS RIOS DE VESTU RIO
42050000;OUTRAS OBRAS DE COURO NATURAL OU RECONSTITU DO.
42060000;OBRAS DE TRIPA, DE BAUDRUCHES, DE BEXIGA OU DE TEND ES.
43;"PELES COM PELO E SUAS OBRAS; PELES COM PELO ARTIFICIAIS."
4301;PELES COM PELO EM BRUTO (INCLUINDO AS CABE AS, CAUDAS, PATAS E OUTRAS PARTES UTILIZ VEIS NA IND STRIA DE PELES), EXCETO AS PELES EM BRUTO DAS POSI  ES 41.01, 41.02 OU 41.03.
43011000;- DE VISONS, INTEIRAS, MESMO COM CABE A, CAUDA OU PATAS
43013000;- DE CORDEIROS DENOMINADOS ASTRAC , BREITSCHWANZ, CARACUL, PERSIANER OU SEMELHANTES, DE CORDEIROS DA  NDIA, DA CHINA, DA MONG LIA OU DO TIBETE, INTEIRAS, MESMO COM CABE A, CAUDA OU PATAS
43016000;- DE RAPOSAS, INTEIRAS, MESMO COM CABE A, CAUDA OU PATAS
43018000;- DE OUTROS ANIMAIS, INTEIRAS, MESMO COM CABE A, CAUDA OU PATAS
43019000;- CABE AS, CAUDAS, PATAS E OUTRAS PARTES UTILIZ VEIS NA IND STRIA DE PELES
4302;PELES COM PELO CURTIDAS OU ACABADAS (INCLUINDO AS CABE AS, CAUDAS, PATAS E OUTRAS PARTES, DESPERD CIOS E APARAS), N O REUNIDAS (N O MONTADAS) OU REUNIDAS (MONTADAS) SEM ADI  O DE OUTRAS MAT RIAS, COM EXCE  O DAS DA POSI  O 43.03.
43021;- PELES COM PELO INTEIRAS, MESMO COM CABE A, CAUDA OU PATAS, N O REUNIDAS (N O MONTADAS):
43021100;-- DE VISONS
430219;-- OUTRAS
43021910;DE OVINOS
43021990;OUTRAS
43022000;- CABE AS, CAUDAS, PATAS E OUTRAS PARTES, DESPERD CIOS E APARAS, N O REUNIDOS (N O MONTADOS)
43023000;- PELES COM PELO INTEIRAS E RESPECTIVOS PEDA OS E APARAS, REUNIDOS (MONTADOS)
4303;VESTU RIO, SEUS ACESS RIOS E OUTROS ARTIGOS DE PELES COM PELO.
43031000;- VESTU RIO E SEUS ACESS RIOS
43039000;- OUTROS
43040000;PELES COM PELO ARTIFICIAIS, E SUAS OBRAS.
44;MADEIRA, CARV O VEGETAL E OBRAS DE MADEIRA.
4401;"LENHA EM QUALQUER FORMA; MADEIRA EM ESTILHAS OU EM PART CULAS; SERRAGEM (SERRADURA), DESPERD CIOS E RES DUOS, DE MADEIRA, MESMO AGLOMERADOS EM TORAS (TOROS), BRIQUETES, PELLETS OU EM FORMAS SEMELHANTES."
44011;- LENHA EM QUALQUER FORMA:
44011100;-- DE CON FERAS
44011200;-- DE N O CON FERAS
44012;- MADEIRA EM ESTILHAS OU EM PART CULAS:
44012100;-- DE CON FERAS
44012200;-- DE N O CON FERAS
44013;- SERRAGEM (SERRADURA), DESPERD CIOS E RES DUOS, DE MADEIRA, AGLOMERADOS EM TORAS (TOROS), BRIQUETES, PELLETS OU EM FORMAS SEMELHANTES:
44013100;-- PELLETS DE MADEIRA
44013200;-- BRIQUETES DE MADEIRA
44013900;-- OUTROS
44014;- SERRAGEM (SERRADURA), DESPERD CIOS E RES DUOS, DE MADEIRA, N O AGLOMERADOS:
44014100;-- SERRAGEM (SERRADURA)
44014900;-- OUTROS
4402;CARV O VEGETAL (INCLUINDO O CARV O DE CASCAS OU DE CARO OS), MESMO AGLOMERADO.
44021000;- DE BAMBU
44022000;- DE CASCAS OU DE CARO OS
44029000;- OUTROS
4403;MADEIRA EM BRUTO, MESMO DESCASCADA, DESALBURNADA OU ESQUADRIADA.
44031;- TRATADA COM TINTA, CREOSOTO OU OUTROS AGENTES DE CONSERVA  O:
44031100;-- DE CON FERAS
44031200;-- DE N O CON FERAS
44032;- OUTRAS, DE CON FERAS:
44032100;-- DE PINHEIRO (PINUS SPP.), CUJA MENOR DIMENS O DA SE  O TRANSVERSAL   IGUAL OU SUPERIOR A 15 CM
44032200;-- DE PINHEIRO (PINUS SPP.), OUTRAS
44032300;-- DE ABETO (ABIES SPP.) E DE ESPRUCE (P CEA) (PICEA SPP.), CUJA MENOR DIMENS O DA SE  O TRANSVERSAL   IGUAL OU SUPERIOR A 15 CM
44032400;-- DE ABETO (ABIES SPP.) E DE ESPRUCE (P CEA) (PICEA SPP.), OUTRAS
44032500;-- OUTRAS, CUJA MENOR DIMENS O DA SE  O TRANSVERSAL   IGUAL OU SUPERIOR A 15 CM
44032600;-- OUTRAS
44034;- OUTRAS, DE MADEIRAS TROPICAIS:
44034100;-- DARK RED MERANTI, LIGHT RED MERANTI E MERANTI BAKAU
44034200;-- TECA
44034900;-- OUTRAS
44039;- OUTRAS:
44039100;-- DE CARVALHO (QUERCUS SPP.)
44039300;-- DE FAIA (FAGUS SPP.), CUJA MENOR DIMENS O DA SE  O TRANSVERSAL   IGUAL OU SUPERIOR A 15 CM
44039400;-- DE FAIA (FAGUS SPP.), OUTRAS
44039500;-- DE B TULA (VIDOEIRO) (BETULA SPP.), CUJA MENOR DIMENS O DA SE  O TRANSVERSAL   IGUAL OU SUPERIOR A 15 CM
44039600;-- DE B TULA (VIDOEIRO) (BETULA SPP.), OUTRAS
44039700;-- DE CHOUPO ( LAMO) (POPULUS SPP.)
44039800;-- DE EUCALIPTO (EUCALYPTUS SPP.)
44039900;-- OUTRAS
4404;"ARCOS DE MADEIRA; ESTACAS FENDIDAS; ESTACAS AGU ADAS, N O SERRADAS LONGITUDINALMENTE; MADEIRA SIMPLESMENTE DESBASTADA OU ARREDONDADA, N O TORNEADA, N O RECURVADA NEM TRABALHADA DE QUALQUER OUTRO MODO, PARA FABRICA  O DE BENGALAS, GUARDA-CHUVAS, CABOS DE FERRAMENTAS E SEMELHANTES; MADEIRA EM FASQUIAS, L MINAS, FITAS E SEMELHANTES."
44041000;- DE CON FERAS
44042000;- DE N O CON FERAS
44050000;"L  DE MADEIRA; FARINHA DE MADEIRA."
4406;DORMENTES DE MADEIRA PARA VIAS F RREAS OU SEMELHANTES.
44061;- N O IMPREGNADOS:
44061100;-- DE CON FERAS
44061200;-- DE N O CON FERAS
44069;- OUTROS:
44069100;-- DE CON FERAS
44069200;-- DE N O CON FERAS
4407;MADEIRA SERRADA OU FENDIDA LONGITUDINALMENTE, CORTADA TRANSVERSALMENTE OU DESENROLADA, MESMO APLAINADA, LIXADA OU UNIDA PELAS EXTREMIDADES, DE ESPESSURA SUPERIOR A 6 MM.
44071;- DE CON FERAS:
44071100;-- DE PINHEIRO (PINUS SPP.)
44071200;-- DE ABETO (ABIES SPP.) E DE ESPRUCE (P CEA) (PICEA SPP.)
44071300;-- DE S-P-F (ESPRUCE (P CEA) (PICEA SPP.), PINHEIRO (PINUS SPP.) E ABETO (ABIES SPP.))
44071400;-- DE HEM-FIR (TSUGA (WESTERN HEMLOCK) (TSUGA HETEROPHYLLA) E ABETO (ABIES SPP.))
44071900;-- OUTRAS
44072;- DE MADEIRAS TROPICAIS:
44072100;-- MAHOGANY (MOGNO) (SWIETENIA SPP.)
44072200;-- VIROLA, IMBUIA E BALSA
44072300;-- TECA
44072500;-- DARK RED MERANTI, LIGHT RED MERANTI E MERANTI BAKAU
44072600;-- WHITE LAUAN, WHITE MERANTI, WHITE SERAYA, YELLOW MERANTI E ALAN
44072700;-- SAPELLI
44072800;-- IROKO
440729;-- OUTRAS
44072910;DE CEDRO
44072920;DE IP
44072930;DE PAU-MARFIM
44072940;DE LOURO
44072950;DE CANAF STULA (PELTOPHORUM VOGELIANUM)
44072960;DE CABRE VA PARDA (MYROCARPUS SPP.)
44072970;DE URUNDEI (ASTRONIUM BALANSAE)
44072990;OUTRAS
44079;- OUTRAS:
44079100;-- DE CARVALHO (QUERCUS SPP.)
44079200;-- DE FAIA (FAGUS SPP.)
44079300;-- DE BORDO ( CER) (ACER SPP.)
44079400;-- DE PRUN IDEA (PRUNUS SPP.)
44079500;-- DE FREIXO (FRAXINUS SPP.)
44079600;-- DE B TULA (VIDOEIRO) (BETULA SPP.)
44079700;-- DE CHOUPO ( LAMO) (POPULUS SPP.)
440799;-- OUTRAS
44079920;DE PEROBA (PARATECOMA PEROBA)
44079930;DE GUAIUVIRA (PATAGONULA AMERICANA)
44079960;DE AMENDOIM (PTEROGYNE NITENS)
44079970;DE ANGICO PRETO (PIPTADENIA MACROCARPA)
44079990;OUTRAS
4408;FOLHAS PARA FOLHEADOS (INCLUINDO AS OBTIDAS POR CORTE DE MADEIRA ESTRATIFICADA), FOLHAS PARA COMPENSADOS (CONTRAPLACADOS) OU PARA MADEIRAS ESTRATIFICADAS SEMELHANTES E OUTRAS MADEIRAS, SERRADAS LONGITUDINALMENTE, CORTADAS TRANSVERSALMENTE OU DESENROLADAS, MESMO APLAINADAS, LIXADAS, UNIDAS PELAS BORDAS OU PELAS EXTREMIDADES, DE ESPESSURA N O SUPERIOR A 6 MM.
440810;- DE CON FERAS
44081010;OBTIDAS POR CORTE DE MADEIRA ESTRATIFICADA
4408109;OUTRAS
44081091;DE PINHO BRASIL (ARAUCARIA ANGUSTIFOLIA)
44081099;OUTRAS
44083;- DE MADEIRAS TROPICAIS:
440831;-- DARK RED MERANTI, LIGHT RED MERANTI E MERANTI BAKAU
44083110;OBTIDAS POR CORTE DE MADEIRA ESTRATIFICADA
44083190;OUTRAS
440839;-- OUTRAS
44083910;OBTIDAS POR CORTE DE MADEIRA ESTRATIFICADA
4408399;OUTRAS
44083991;DE CEDRO
44083992;DE PAU-MARFIM
44083999;OUTRAS
440890;- OUTRAS
44089010;OBTIDAS POR CORTE DE MADEIRA ESTRATIFICADA
44089090;OUTRAS
4409;MADEIRA (INCLUINDO OS TACOS E FRISOS DE PARQU , N O MONTADOS) PERFILADA (COM ESPIGAS, RANHURAS, FILETES, ENTALHES, CHANFRADA, COM JUNTAS EM V, COM CERCADURA, BOLEADA OU SEMELHANTES) AO LONGO DE UMA OU MAIS BORDAS, FACES OU EXTREMIDADES, MESMO APLAINADA, LIXADA OU UNIDA PELAS EXTREMIDADES.
44091000;- DE CON FERAS
44092;- DE N O CON FERAS:
44092100;-- DE BAMBU
44092200;-- DE MADEIRAS TROPICAIS
44092900;-- OUTRAS
4410;PAIN IS DE PART CULAS, PAIN IS DENOMINADOS ORIENTED STRAND BOARD (OSB) E PAIN IS SEMELHANTES (WAFERBOARD, POR EXEMPLO), DE MADEIRA OU DE OUTRAS MAT RIAS LENHOSAS, MESMO AGLOMERADAS COM RESINAS OU COM OUTROS AGLUTINANTES ORG NICOS.
44101;- DE MADEIRA:
441011;-- PAIN IS DE PART CULAS
44101110;EM BRUTO OU SIMPLESMENTE POLIDOS
4410112;RECOBERTOS NA SUPERF CIE COM PAPEL IMPREGNADO DE MELAMINA
44101121;EM AMBAS AS FACES, COM PEL CULA PROTETORA NA FACE SUPERIOR E TRABALHO DE ENCAIXE NAS QUATRO LATERAIS, DO TIPO UTILIZADO PARA PISOS (PAVIMENTOS)
44101129;OUTROS
44101190;OUTROS
441012;-- PAIN IS DENOMINADOS ORIENTED STRAND BOARD (OSB)
44101210;EM BRUTO OU SIMPLESMENTE POLIDOS
44101290;OUTROS
441019;-- OUTROS
4410191;PAIN IS DENOMINADOS WAFERBOARD
44101911;EM BRUTO OU SIMPLESMENTE POLIDOS
44101919;OUTROS
4410199;OUTROS
44101991;EM BRUTO OU SIMPLESMENTE POLIDOS
44101992;RECOBERTOS NA SUPERF CIE COM PAPEL IMPREGNADO DE MELAMINA
44101999;OUTROS
44109000;- OUTROS
4411;PAIN IS DE FIBRAS DE MADEIRA OU DE OUTRAS MAT RIAS LENHOSAS, MESMO AGLOMERADAS COM RESINAS OU COM OUTROS AGLUTINANTES ORG NICOS.
44111;- PAIN IS DE M DIA DENSIDADE (DENOMINADOS MDF):
441112;-- DE ESPESSURA N O SUPERIOR A 5 MM
44111210;N O TRABALHADOS MECANICAMENTE NEM RECOBERTOS   SUPERF CIE
44111290;OUTROS
441113;-- DE ESPESSURA SUPERIOR A 5 MM, MAS N O SUPERIOR A 9 MM
44111310;N O TRABALHADOS MECANICAMENTE NEM RECOBERTOS   SUPERF CIE
4411139;OUTROS
44111391;RECOBERTOS EM AMBAS AS FACES COM PAPEL IMPREGNADO DE MELAMINA, PEL CULA PROTETORA NA FACE SUPERIOR E TRABALHO DE ENCAIXE NAS QUATRO LATERAIS, DO TIPO UTILIZADO PARA PISOS (PAVIMENTOS)
44111399;OUTROS
441114;-- DE ESPESSURA SUPERIOR A 9 MM
44111410;N O TRABALHADOS MECANICAMENTE NEM RECOBERTOS   SUPERF CIE
44111490;OUTROS
44119;- OUTROS:
441192;-- COM MASSA ESPEC FICA SUPERIOR A 0,8 G/CM3
44119210;N O TRABALHADOS MECANICAMENTE NEM RECOBERTOS   SUPERF CIE
44119290;OUTROS
441193;-- COM MASSA ESPEC FICA SUPERIOR A 0,5 G/CM3, MAS N O SUPERIOR A 0,8 G/CM3
44119310;N O TRABALHADOS MECANICAMENTE NEM RECOBERTOS   SUPERF CIE
44119390;OUTROS
441194;-- COM MASSA ESPEC FICA N O SUPERIOR A 0,5 G/CM3
44119410;N O TRABALHADOS MECANICAMENTE NEM RECOBERTOS   SUPERF CIE
44119490;OUTROS
4412;MADEIRA COMPENSADA (CONTRAPLACADA), MADEIRA FOLHEADA, E MADEIRAS ESTRATIFICADAS SEMELHANTES.
44121000;- DE BAMBU
44123;- OUTRAS MADEIRAS COMPENSADAS (CONTRAPLACADAS), CONSTITU DAS EXCLUSIVAMENTE POR FOLHAS DE MADEIRA (EXCETO DE BAMBU) CADA UMA DAS QUAIS DE ESPESSURA N O SUPERIOR A 6 MM:
44123100;-- COM, PELO MENOS, UMA CAMADA EXTERIOR DE MADEIRA TROPICAL
44123300;-- OUTRAS, COM, PELO MENOS, UMA CAMADA EXTERIOR DE MADEIRA N O CON FERA, DAS ESP CIES AMIEIRO (ALNUS SPP.), FREIXO (FRAXINUS SPP.), FAIA (FAGUS SPP.), B TULA (VIDOEIRO) (BETULA SPP.), PRUN IDEA (PRUNUS SPP.), CASTANHEIRO (CASTANEA SPP.), OLMO (ULMUS SPP.), EUCALIPTO (EUCALYPTUS SPP.), NOGUEIRA (CARYA SPP.), CASTANHEIRO-DA- NDIA (AESCULUS SPP.), T LIA (TILIA SPP.), BORDO ( CER) (ACER SPP.), CARVALHO (QUERCUS SPP.), PL TANO (PLATANUS SPP.), CHOUPO ( LAMO) (POPULUS SPP.), ROB NIA (FALSA-AC CIA) (ROBINIA SPP.), TULIPEIRO (LIRIODENDRON SPP.) OU NOGUEIRA (JUGLANS SPP.)
44123400;-- OUTRAS, COM, PELO MENOS, UMA CAMADA EXTERIOR DE MADEIRA N O CON FERA, N O ESPECIFICADAS NA SUBPOSI  O 4412.33
44123900;-- OUTRAS, COM AMBAS AS CAMADAS EXTERIORES DE MADEIRA DE CON FERAS
44124;- MADEIRA MICROLAMINADA (MICROLAMELADA) COLADA (LVL):
44124100;-- COM, PELO MENOS, UMA CAMADA EXTERIOR DE MADEIRA TROPICAL
44124200;-- OUTRAS, COM, PELO MENOS, UMA CAMADA EXTERIOR DE MADEIRA N O CON FERA
44124900;-- OUTRAS, COM AMBAS AS CAMADAS EXTERIORES DE MADEIRA DE CON FERAS
44125;- COM ALMA AGLOMERADA, ALVEOLADA OU LAMELADA:
44125100;-- COM, PELO MENOS, UMA CAMADA EXTERIOR DE MADEIRA TROPICAL
44125200;-- OUTRAS, COM, PELO MENOS, UMA CAMADA EXTERIOR DE MADEIRA N O CON FERA
44125900;-- OUTRAS, COM AMBAS AS CAMADAS EXTERIORES DE MADEIRA DE CON FERAS
44129;- OUTRAS:
44129100;-- COM, PELO MENOS, UMA CAMADA EXTERIOR DE MADEIRA TROPICAL
44129200;-- OUTRAS, COM, PELO MENOS, UMA CAMADA EXTERIOR DE MADEIRA N O CON FERA
44129900;-- OUTRAS, COM AMBAS AS CAMADAS EXTERIORES DE MADEIRA DE CON FERAS
44130000;MADEIRA DENSIFICADA, EM BLOCOS, PRANCHAS, L MINAS OU PERFIS.
4414;MOLDURAS DE MADEIRA PARA QUADROS, FOTOGRAFIAS, ESPELHOS OU OBJETOS SEMELHANTES.
44141000;- DE MADEIRA TROPICAL
44149000;- OUTRAS
4415;"CAIXOTES, CAIXAS, ENGRADADOS, BARRICAS E EMBALAGENS SEMELHANTES, DE MADEIRA; CARRET IS PARA CABOS, DE MADEIRA; PALETES SIMPLES, PALETES-CAIXAS E OUTROS ESTRADOS PARA CARGA, DE MADEIRA; TAIPAIS DE PALETES DE MADEIRA."
44151000;"- CAIXOTES, CAIXAS, ENGRADADOS, BARRICAS E EMBALAGENS SEMELHANTES; CARRET IS PARA CABOS"
44152000;"- PALETES SIMPLES, PALETES-CAIXAS E OUTROS ESTRADOS PARA CARGA; TAIPAIS DE PALETES"
441600;BARRIS, CUBAS, BALSAS, DORNAS, SELHAS E OUTRAS OBRAS DE TANOEIRO E RESPECTIVAS PARTES DE MADEIRA, INCLUINDO AS ADUELAS.
44160010;DE CARVALHO (QUERCUS SPP.)
44160090;OUTROS
441700;"FERRAMENTAS, ARMA  ES E CABOS, DE FERRAMENTAS, DE ESCOVAS E DE VASSOURAS, DE MADEIRA; FORMAS, ALARGADEIRAS E ESTICADORES, PARA CAL ADO, DE MADEIRA."
44170010;FERRAMENTAS
44170020;FORMAS, ALARGADEIRAS E ESTICADORES, PARA CAL ADO
44170090;OUTROS
4418;OBRAS DE MARCENARIA E PE AS DE CARPINTARIA PARA CONSTRU  ES, INCLUINDO OS PAIN IS CELULARES, OS PAIN IS MONTADOS PARA REVESTIMENTO DE PISOS (PAVIMENTOS) E AS FASQUIAS PARA TELHADOS (SHINGLES E SHAKES), DE MADEIRA.
44181;- JANELAS, JANELAS DE SACADA E RESPECTIVOS CAIXILHOS E ALIZARES:
44181100;-- DE MADEIRA TROPICAL
44181900;-- OUTRAS
44182;- PORTAS E RESPECTIVOS CAIXILHOS, ALIZARES E SOLEIRAS:
44182100;-- DE MADEIRA TROPICAL
44182900;-- OUTRAS
44183000;- POSTES E VIGAS, EXCETO OS PRODUTOS DAS SUBPOSI  ES 4418.81 A 4418.89
44184000;- COFRAGENS PARA CONCRETO (BET O)
44185000;- FASQUIAS PARA TELHADOS (SHINGLES E SHAKES)
44187;- PAIN IS MONTADOS PARA REVESTIMENTO DE PISOS (PAVIMENTOS):
44187300;-- DE BAMBU OU COM, PELO MENOS, A CAMADA SUPERIOR DE BAMBU
44187400;-- OUTROS, PARA PISOS (PAVIMENTOS) EM MOSAICO
44187500;-- OUTROS, DE CAMADAS M LTIPLAS
44187900;-- OUTROS
44188;- PRODUTOS DE MADEIRA PARA ENGENHARIA ESTRUTURAL:
44188100;-- MADEIRA LAMINADA (LAMELADA) COLADA (GLULAM OU MLC)
44188200;-- MADEIRA LAMINADA (LAMELADA) CRUZADA (CLT OU X-LAM)
44188300;-- VIGAS EM I
44188900;-- OUTROS
44189;- OUTRAS:
44189100;-- DE BAMBU
44189200;-- PAIN IS CELULARES DE MADEIRA
44189900;-- OUTRAS
4419;ARTIGOS DE MADEIRA PARA MESA OU COZINHA.
44191;- DE BAMBU:
44191100;-- T BUAS PARA CORTAR P O, OUTRAS T BUAS PARA CORTAR E ARTIGOS SEMELHANTES
44191200;-- PAUZINHOS (HASHI OU FACHI)
44191900;-- OUTROS
44192000;- DE MADEIRA TROPICAL
44199000;- OUTROS
4420;"MADEIRA MARCHETADA E MADEIRA INCRUSTADA; ESTOJOS E GUARDA-JOIAS PARA JOALHERIA E OURIVESARIA, E OBRAS SEMELHANTES, DE MADEIRA; ESTATUETAS E OUTROS OBJETOS DE ORNAMENTA  O, DE MADEIRA; ARTIGOS DE MOBILI RIO, DE MADEIRA, QUE N O SE INCLUAM NO CAP TULO 94."
44201;- ESTATUETAS E OUTROS OBJETOS DE ORNAMENTA  O:
44201100;-- DE MADEIRA TROPICAL
44201900;-- OUTROS
44209000;- OUTROS
4421;OUTRAS OBRAS EM MADEIRA.
44211000;- CABIDES PARA VESTU RIO
44212000;- URNAS FUNER RIAS (CAIX ES)
44219;- OUTRAS:
44219100;-- DE BAMBU
44219900;-- OUTRAS
45;CORTI A E SUAS OBRAS.
4501;"CORTI A NATURAL, EM BRUTO OU SIMPLESMENTE PREPARADA; DESPERD CIOS DE CORTI A; CORTI A TRITURADA, GRANULADA OU PULVERIZADA."
45011000;- CORTI A NATURAL, EM BRUTO OU SIMPLESMENTE PREPARADA
45019000;- OUTROS
45020000;CORTI A NATURAL, SEM A CROSTA OU SIMPLESMENTE ESQUADRIADA, OU EM CUBOS, CHAPAS, FOLHAS OU TIRAS, DE FORMA QUADRADA OU RETANGULAR (INCLUINDO OS ESBO OS COM ARESTAS VIVAS, PARA ROLHAS).
4503;OBRAS DE CORTI A NATURAL.
45031000;- ROLHAS
45039000;- OUTRAS
4504;CORTI A AGLOMERADA (MESMO COM AGLUTINANTES) E SUAS OBRAS.
45041000;"- CUBOS, BLOCOS, CHAPAS, FOLHAS E TIRAS; LADRILHOS DE QUALQUER FORMATO; CILINDROS MACI OS, INCLUINDO OS DISCOS"
45049000;- OUTRAS
46;OBRAS DE ESPARTARIA OU DE CESTARIA.
4601;"TRAN AS E ARTIGOS SEMELHANTES, DE MAT RIAS PARA ENTRAN AR, MESMO REUNIDOS EM TIRAS; MAT RIAS PARA ENTRAN AR, TRAN AS E ARTIGOS SEMELHANTES, DE MAT RIAS PARA ENTRAN AR, TECIDOS OU PARALELIZADOS, EM FORMAS PLANAS, MESMO ACABADOS (POR EXEMPLO, ESTEIRAS, CAPACHOS E DIVIS RIAS)."
46012;- ESTEIRAS, CAPACHOS E DIVIS RIAS, DE MAT RIAS VEGETAIS:
46012100;-- DE BAMBU
46012200;-- DE ROTIM
46012900;-- OUTRAS
46019;- OUTROS:
46019200;-- DE BAMBU
46019300;-- DE ROTIM
46019400;-- DE OUTRAS MAT RIAS VEGETAIS
46019900;-- OUTRAS
4602;"OBRAS DE CESTARIA OBTIDAS DIRETAMENTE NA SUA FORMA A PARTIR DE MAT RIAS PARA ENTRAN AR OU FABRICADAS COM ARTIGOS DA POSI  O 46.01; OBRAS DE BUCHA (LUFA*)."
46021;- DE MAT RIAS VEGETAIS:
46021100;-- DE BAMBU
46021200;-- DE ROTIM
46021900;-- OUTRAS
46029000;- OUTRAS
47;"PASTAS DE MADEIRA OU DE OUTRAS MAT RIAS FIBROSAS CELUL SICAS; PAPEL OU CART O PARA RECICLAR (DESPERD CIOS E RES DUOS)."
47010000;PASTAS MEC NICAS DE MADEIRA.
47020000;PASTAS QU MICAS DE MADEIRA, PARA DISSOLU  O.
4703;PASTAS QU MICAS DE MADEIRA,   SODA OU AO SULFATO, EXCETO PASTAS PARA DISSOLU  O.
47031;- CRUAS:
47031100;-- DE CON FERAS
47031900;-- DE N O CON FERAS
47032;- SEMIBRANQUEADAS OU BRANQUEADAS:
470321;-- DE CON FERAS
47032110;EM ROLOS
47032190;OUTRAS
47032900;-- DE N O CON FERAS
4704;PASTAS QU MICAS DE MADEIRA, AO BISSULFITO, EXCETO PASTAS PARA DISSOLU  O.
47041;- CRUAS:
47041100;-- DE CON FERAS
47041900;-- DE N O CON FERAS
47042;- SEMIBRANQUEADAS OU BRANQUEADAS:
47042100;-- DE CON FERAS
47042900;-- DE N O CON FERAS
47050000;PASTAS DE MADEIRA OBTIDAS POR COMBINA  O DE UM TRATAMENTO MEC NICO COM UM TRATAMENTO QU MICO.
4706;PASTAS DE FIBRAS OBTIDAS A PARTIR DE PAPEL OU CART O RECICLADOS (DESPERD CIOS E RES DUOS) OU DE OUTRAS MAT RIAS FIBROSAS CELUL SICAS.
47061000;- PASTAS DE L NTERES DE ALGOD O
47062000;- PASTAS DE FIBRAS OBTIDAS A PARTIR DE PAPEL OU CART O RECICLADOS (DESPERD CIOS E RES DUOS)
47063000;- OUTRAS, DE BAMBU
47069;- OUTRAS:
47069100;-- MEC NICAS
47069200;-- QU MICAS
47069300;-- OBTIDAS POR COMBINA  O DE UM TRATAMENTO MEC NICO COM UM TRATAMENTO QU MICO
4707;PAPEL OU CART O PARA RECICLAR (DESPERD CIOS E RES DUOS).
47071000;- PAPEL OU CART O, KRAFT, CRUS, OU PAPEL OU CART O, ONDULADOS (CANELADOS*)
47072000;- OUTRO PAPEL OU CART O, OBTIDOS PRINCIPALMENTE A PARTIR DE PASTA QU MICA BRANQUEADA, N O CORADA NA MASSA
47073000;- PAPEL OU CART O, OBTIDOS PRINCIPALMENTE A PARTIR DE PASTA MEC NICA (POR EXEMPLO, JORNAIS, PERI DICOS E IMPRESSOS SEMELHANTES)
47079000;- OUTROS, INCLUINDO OS DESPERD CIOS E RES DUOS N O SELECIONADOS
48;"PAPEL E CART O; OBRAS DE PASTA DE CELULOSE, PAPEL OU DE CART O."
480100;PAPEL DE JORNAL, EM ROLOS OU EM FOLHAS.
48010020;EM FOLHAS, NAS QUE NENHUM LADO EXCEDA 360 MM, QUANDO N O DOBRADAS
48010030;OUTROS, DE PESO INFERIOR OU IGUAL A 57 G/M2, EM QUE 65 % OU MAIS, EM PESO, DO CONTE DO TOTAL DE FIBRAS SEJA CONSTITU DO POR FIBRAS DE MADEIRAS OBTIDAS POR PROCESSO MEC NICO
48010090;OUTROS
4802;"PAPEL E CART O, N O REVESTIDOS, DO TIPO UTILIZADO PARA ESCRITA, IMPRESS O OU OUTROS FINS GR FICOS, E PAPEL E CART O PARA FABRICAR CART ES OU TIRAS PERFURADOS, N O PERFURADOS, EM ROLOS OU EM FOLHAS DE FORMA QUADRADA OU RETANGULAR, DE QUALQUER DIMENS O, COM EXCLUS O DO PAPEL DAS POSI  ES 48.01 OU 48.03; PAPEL E CART O FEITOS   M O (FOLHA A FOLHA)."
48021000;- PAPEL E CART O FEITOS   M O (FOLHA A FOLHA)
480220;- PAPEL E CART O PR PRIOS PARA FABRICA  O DE PAPEL OU CART O FOTOSSENS VEL, TERMOSSENS VEL OU ELETROSSENS VEL
48022010;EM TIRAS OU ROLOS DE LARGURA N O SUPERIOR A 15 CM OU EM FOLHAS EM QUE NENHUM LADO EXCEDA 360 MM, QUANDO N O DOBRADAS
48022090;OUTROS
480240;- PAPEL PR PRIO PARA FABRICA  O DE PAP IS DE PAREDE
48024010;EM TIRAS OU ROLOS DE LARGURA N O SUPERIOR A 15 CM
48024090;OUTROS
48025;- OUTRO PAPEL E CART O, SEM FIBRAS OBTIDAS POR PROCESSO MEC NICO OU QU MICO-MEC NICO OU EM QUE A PERCENTAGEM DESTAS FIBRAS N O SEJA SUPERIOR A 10 %, EM PESO, DO CONTE DO TOTAL DE FIBRAS:
480254;-- DE PESO INFERIOR A 40 G/M2
48025410;EM TIRAS OU ROLOS DE LARGURA N O SUPERIOR A 15 CM OU EM FOLHAS EM QUE NENHUM LADO EXCEDA 360 MM, QUANDO N O DOBRADAS
4802549;OUTROS
48025491;FABRICADO PRINCIPALMENTE A PARTIR DE PASTA BRANQUEADA OU PASTA OBTIDA POR UM PROCESSO MEC NICO, DE PESO INFERIOR A 19 G/M2
48025499;OUTROS
480255;-- DE PESO IGUAL OU SUPERIOR A 40 G/M2, MAS N O SUPERIOR A 150 G/M2, EM ROLOS
48025510;DE LARGURA N O SUPERIOR A 15 CM
4802559;OUTROS
48025591;DE DESENHO
48025592;KRAFT
48025599;OUTROS
480256;-- DE PESO IGUAL OU SUPERIOR A 40 G/M2, MAS N O SUPERIOR A 150 G/M2, EM FOLHAS EM QUE UM LADO N O SEJA SUPERIOR A 435 MM E O OUTRO N O SEJA SUPERIOR A 297 MM, QUANDO N O DOBRADAS
48025610;EM QUE NENHUM LADO EXCEDA 360 MM, QUANDO N O DOBRADAS
4802569;OUTROS
48025691;PARA IMPRESS O DE NOTAS (PAP IS-MOEDA)
48025692;DE DESENHO
48025693;KRAFT
48025699;OUTROS
480257;-- OUTROS, DE PESO IGUAL OU SUPERIOR A 40 G/M2, MAS N O SUPERIOR A 150 G/M2
48025710;EM TIRAS DE LARGURA N O SUPERIOR A 15 CM OU EM FOLHAS EM QUE NENHUM LADO EXCEDA 360 MM, QUANDO N O DOBRADAS
4802579;OUTROS
48025791;PARA IMPRESS O DE NOTAS (PAP IS-MOEDA)
48025792;DE DESENHO
48025793;KRAFT
48025799;OUTROS
480258;-- DE PESO SUPERIOR A 150 G/M2
48025810;EM TIRAS OU ROLOS DE LARGURA N O SUPERIOR A 15 CM OU EM FOLHAS EM QUE NENHUM LADO EXCEDA 360 MM, QUANDO N O DOBRADAS
4802589;OUTROS
48025891;DE DESENHO
48025892;KRAFT
48025899;OUTROS
48026;- OUTRO PAPEL E CART O, EM QUE MAIS DE 10 %, EM PESO, DO CONTE DO TOTAL DE FIBRAS SEJA CONSTITU DO POR FIBRAS OBTIDAS POR PROCESSO MEC NICO OU QU MICO-MEC NICO:
480261;-- EM ROLOS
48026110;DE LARGURA N O SUPERIOR A 15 CM
4802619;OUTROS
48026191;DE PESO INFERIOR OU IGUAL A 57 G/M2, EM QUE 65 % OU MAIS, EM PESO, DO CONTE DO TOTAL DE FIBRAS SEJA CONSTITU DO POR FIBRAS DE MADEIRA OBTIDAS POR PROCESSO MEC NICO
48026192;KRAFT
48026199;OUTROS
480262;-- EM FOLHAS EM QUE UM LADO N O SEJA SUPERIOR A 435 MM E O OUTRO N O SEJA SUPERIOR A 297 MM, QUANDO N O DOBRADAS
48026210;EM QUE NENHUM LADO EXCEDA 360 MM, QUANDO N O DOBRADAS
4802629;OUTROS
48026291;DE PESO INFERIOR OU IGUAL A 57 G/M2, EM QUE 65 % OU MAIS, EM PESO, DO CONTE DO TOTAL DE FIBRAS SEJA CONSTITU DO POR FIBRAS DE MADEIRA OBTIDAS POR PROCESSO MEC NICO
48026292;KRAFT
48026299;OUTROS
480269;-- OUTROS
48026910;EM TIRAS DE LARGURA N O SUPERIOR A 15 CM OU EM FOLHAS EM QUE NENHUM LADO EXCEDA 360 MM, QUANDO N O DOBRADAS
4802699;OUTROS
48026991;DE PESO INFERIOR OU IGUAL A 57 G/M2, EM QUE 65 % OU MAIS, EM PESO, DO CONTE DO TOTAL DE FIBRAS SEJA CONSTITU DO POR FIBRAS DE MADEIRA OBTIDAS POR PROCESSO MEC NICO
48026992;KRAFT
48026999;OUTROS
480300;PAPEL DO TIPO UTILIZADO PARA PAPEL HIGI NICO, LEN OS (TOALHITAS) DEMAQUILANTES, TOALHAS, GUARDANAPOS OU PARA PAPEL SEMELHANTE DE USO DOM STICO, HIGI NICO OU TOUCADOR, PASTA (OUATE) DE CELULOSE E MANTAS DE FIBRAS DE CELULOSE, MESMO ENCRESPADOS, PLISSADOS, GOFRADOS, ESTAMPADOS, PERFURADOS, COLORIDOS   SUPERF CIE, DECORADOS   SUPERF CIE OU IMPRESSOS, EM ROLOS OU EM FOLHAS.
48030010;PASTA (OUATE) DE CELULOSE E MANTAS DE FIBRAS DE CELULOSE
48030090;OUTROS
4804;PAPEL E CART O, KRAFT, N O REVESTIDOS, EM ROLOS OU EM FOLHAS, EXCETO OS DAS POSI  ES 48.02 E 48.03.
48041;- PAPEL E CART O PARA COBERTURA, DENOMINADOS KRAFTLINER:
48041100;-- CRUS
48041900;-- OUTROS
48042;- PAPEL KRAFT PARA SACOS DE GRANDE CAPACIDADE:
48042100;-- CRUS
48042900;-- OUTROS
48043;- OUTRO PAPEL E CART O, KRAFT, DE PESO N O SUPERIOR A 150 G/M2:
480431;-- CRUS
48043110;DE RIGIDEZ DIEL TRICA IGUAL OU SUPERIOR A 600 V (M TODO ASTM D 202 OU EQUIVALENTE)
48043190;OUTROS
480439;-- OUTROS
48043910;DE RIGIDEZ DIEL TRICA IGUAL OU SUPERIOR A 600 V (M TODO ASTM D 202 OU EQUIVALENTE)
48043990;OUTROS
48044;- OUTRO PAPEL E CART O, KRAFT, DE PESO SUPERIOR A 150 G/M2, MAS INFERIOR A 225 G/M2:
48044100;-- CRUS
48044200;-- BRANQUEADOS UNIFORMEMENTE NA MASSA E EM QUE MAIS DE 95 %, EM PESO, DO CONTE DO TOTAL DE FIBRAS SEJA CONSTITU DO POR FIBRAS DE MADEIRA OBTIDAS POR PROCESSO QU MICO
48044900;-- OUTROS
48045;- OUTRO PAPEL E CART O, KRAFT, DE PESO IGUAL OU SUPERIOR A 225 G/M2:
48045100;-- CRUS
48045200;-- BRANQUEADOS UNIFORMEMENTE NA MASSA E EM QUE MAIS DE 95 %, EM PESO, DO CONTE DO TOTAL DE FIBRAS SEJA CONSTITU DO POR FIBRAS DE MADEIRA OBTIDAS POR PROCESSO QU MICO
480459;-- OUTROS
48045910;SEMIBRANQUEADOS, COM UM CONTE DO DE 100 %, EM PESO, DE FIBRAS DE MADEIRA OBTIDAS POR PROCESSO QU MICO
48045990;OUTROS
4805;OUTRO PAPEL E CART O, N O REVESTIDOS, EM ROLOS OU EM FOLHAS, N O TENDO SOFRIDO TRABALHO COMPLEMENTAR NEM TRATAMENTOS, EXCETO OS ESPECIFICADOS NA NOTA 3 DO PRESENTE CAP TULO.
48051;- PAPEL PARA ONDULAR (CANELAR*):
48051100;-- PAPEL SEMIQU MICO PARA ONDULAR (CANELAR*)
48051200;-- PAPEL PALHA PARA ONDULAR (CANELAR*)
48051900;-- OUTROS
48052;- TESTLINER (FIBRAS RECICLADAS):
48052400;-- DE PESO N O SUPERIOR A 150 G/M2
48052500;-- DE PESO SUPERIOR A 150 G/M2
48053000;- PAPEL SULFITE DE EMBALAGEM
480540;- PAPEL-FILTRO E CART O-FILTRO
48054010;DE PESO SUPERIOR A 15 G/M2, MAS N O SUPERIOR A 25 G/M2, COM UM CONTE DO DE FIBRAS SINT TICAS TERMOSSOLD VEIS IGUAL OU SUPERIOR A 20 %, MAS N O SUPERIOR A 30 %, EM PESO, DO CONTE DO TOTAL DE FIBRAS
48054090;OUTROS
48055000;- PAPEL-FELTRO E CART O-FELTRO, PAPEL E CART O LANOSOS
48059;- OUTROS:
48059100;-- DE PESO N O SUPERIOR A 150 G/M2
480592;-- DE PESO SUPERIOR A 150 G/M2, MAS INFERIOR A 225 G/M2
48059210;COM FIBRAS DE VIDRO
48059290;OUTROS
48059300;-- DE PESO IGUAL OU SUPERIOR A 225 G/M2
4806;PAPEL-PERGAMINHO E CART O-PERGAMINHO (SULFURIZADOS), PAPEL IMPERME VEL A GORDURAS, PAPEL VEGETAL, PAPEL CRISTAL E OUTRO PAPEL CALANDRADO TRANSPARENTE OU TRANSL CIDO, EM ROLOS OU EM FOLHAS.
48061000;- PAPEL-PERGAMINHO E CART O-PERGAMINHO (SULFURIZADOS)
48062000;- PAPEL IMPERME VEL A GORDURAS
48063000;- PAPEL VEGETAL
48064000;- PAPEL CRISTAL E OUTRO PAPEL CALANDRADO TRANSPARENTE OU TRANSL CIDO
48070000;PAPEL E CART O OBTIDOS POR COLAGEM DE FOLHAS SOBREPOSTAS, N O REVESTIDOS NA SUPERF CIE NEM IMPREGNADOS, MESMO REFOR ADOS INTERIORMENTE, EM ROLOS OU EM FOLHAS.
4808;PAPEL E CART O ONDULADOS (CANELADOS*) (MESMO RECOBERTOS POR COLAGEM), ENCRESPADOS, PLISSADOS, GOFRADOS, ESTAMPADOS OU PERFURADOS, EM ROLOS OU EM FOLHAS, EXCETO O PAPEL DO TIPO DESCRITO NO TEXTO DA POSI  O 48.03.
48081000;- PAPEL E CART O ONDULADOS (CANELADOS*), MESMO PERFURADOS
48084000;- PAPEL KRAFT, ENCRESPADO OU PLISSADO, MESMO GOFRADO, ESTAMPADO OU PERFURADO
48089000;- OUTROS
4809;PAPEL-CARBONO (PAPEL QU MICO), PAPEL AUTOCOPIATIVO E OUTRO PAPEL PARA C PIA OU DUPLICA  O (INCLUINDO O REVESTIDO OU IMPREGNADO, PARA EST NCEIS OU PARA CHAPAS OFSETE), MESMO IMPRESSO, EM ROLOS OU EM FOLHAS.
48092000;- PAPEL AUTOCOPIATIVO
48099000;- OUTROS
4810;PAPEL E CART O REVESTIDOS DE CAULIM (CAULINO) OU DE OUTRAS SUBST NCIAS INORG NICAS NUMA OU NAS DUAS FACES, MESMO COM AGLUTINANTES, SEM QUALQUER OUTRO REVESTIMENTO, MESMO COLORIDOS   SUPERF CIE, DECORADOS   SUPERF CIE OU IMPRESSOS, EM ROLOS OU EM FOLHAS DE FORMA QUADRADA OU RETANGULAR, DE QUALQUER DIMENS O.
48101;- PAPEL E CART O DO TIPO UTILIZADO PARA ESCRITA, IMPRESS O OU OUTRAS FINALIDADES GR FICAS, SEM FIBRAS OBTIDAS POR PROCESSO MEC NICO OU QU MICO-MEC NICO OU EM QUE A PERCENTAGEM DESTAS FIBRAS N O SEJA SUPERIOR A 10 %, EM PESO, DO CONTE DO TOTAL DE FIBRAS:
481013;-- EM ROLOS
48101310;DE LARGURA N O SUPERIOR A 15 CM
4810138;OUTROS, DE PESO SUPERIOR A 150 G/M2
48101381;METALIZADOS
48101382;BARITADOS (REVESTIDOS DE  XIDO OU SULFATO DE B RIO)
48101389;OUTROS
4810139;OUTROS
48101391;PAPEL REVESTIDO OU RECOBERTO EM UMA FACE, DO TIPO WET STRENGTH, RESISTENTE   UMIDADE E AO MEIO ALCALINO
48101399;OUTROS
481014;-- EM FOLHAS EM QUE UM DOS LADOS N O SEJA SUPERIOR A 435 MM E O OUTRO N O SEJA SUPERIOR A 297 MM, QUANDO N O DOBRADAS
48101410;EM QUE NENHUM LADO EXCEDA 360 MM, QUANDO N O DOBRADAS
4810148;OUTROS, DE PESO SUPERIOR A 150 G/M2
48101481;METALIZADOS
48101482;BARITADOS (REVESTIDOS DE  XIDO OU SULFATO DE B RIO)
48101489;OUTROS
48101490;OUTROS
481019;-- OUTROS
48101910;EM TIRAS DE LARGURA N O SUPERIOR A 15 CM OU EM FOLHAS EM QUE NENHUM LADO EXCEDA 360 MM, QUANDO N O DOBRADAS
4810198;OUTROS, DE PESO SUPERIOR A 150 G/M2
48101981;METALIZADOS
48101982;BARITADOS (REVESTIDOS DE  XIDO OU SULFATO DE B RIO)
48101989;OUTROS
4810199;OUTROS
48101991;PAPEL REVESTIDO OU RECOBERTO EM UMA FACE, DO TIPO WET STRENGTH, RESISTENTE   UMIDADE E AO MEIO ALCALINO
48101999;OUTROS
48102;- PAPEL E CART O DO TIPO UTILIZADO PARA ESCRITA, IMPRESS O OU OUTRAS FINALIDADES GR FICAS, EM QUE MAIS DE 10 %, EM PESO, DO CONTE DO TOTAL DE FIBRAS SEJA CONSTITU DO POR FIBRAS OBTIDAS POR PROCESSO MEC NICO OU QU MICO-MEC NICO:
481022;-- PAPEL CUCH  LEVE (L.W.C. - LIGHTWEIGHT COATED)
48102210;EM TIRAS OU ROLOS DE LARGURA N O SUPERIOR A 15 CM OU EM FOLHAS EM QUE NENHUM LADO EXCEDA 360 MM, QUANDO N O DOBRADAS
48102290;OUTROS
481029;-- OUTROS
48102910;EM TIRAS OU ROLOS DE LARGURA N O SUPERIOR A 15 CM OU EM FOLHAS EM QUE NENHUM LADO EXCEDA 360 MM, QUANDO N O DOBRADAS
48102990;OUTROS
48103;- PAPEL E CART O, KRAFT, EXCETO DO TIPO UTILIZADO PARA ESCRITA, IMPRESS O OU OUTRAS FINALIDADES GR FICAS:
481031;-- BRANQUEADOS UNIFORMEMENTE NA MASSA E EM QUE MAIS DE 95 %, EM PESO, DO CONTE DO TOTAL DE FIBRAS SEJA CONSTITU DO POR FIBRAS DE MADEIRA OBTIDAS POR PROCESSO QU MICO, DE PESO N O SUPERIOR A 150 G/M2
48103110;EM TIRAS OU ROLOS DE LARGURA N O SUPERIOR A 15 CM OU EM FOLHAS EM QUE NENHUM LADO EXCEDA 360 MM, QUANDO N O DOBRADAS
48103190;OUTROS
481032;-- BRANQUEADOS UNIFORMEMENTE NA MASSA E EM QUE MAIS DE 95 %, EM PESO, DO CONTE DO TOTAL DE FIBRAS SEJA CONSTITU DO POR FIBRAS DE MADEIRA OBTIDAS POR PROCESSO QU MICO, DE PESO SUPERIOR A 150 G/M2
48103210;EM TIRAS OU ROLOS DE LARGURA N O SUPERIOR A 15 CM OU EM FOLHAS EM QUE NENHUM LADO EXCEDA 360 MM, QUANDO N O DOBRADAS
48103290;OUTROS
481039;-- OUTROS
48103910;EM TIRAS OU ROLOS DE LARGURA N O SUPERIOR A 15 CM OU EM FOLHAS EM QUE NENHUM LADO EXCEDA 360 MM, QUANDO N O DOBRADAS
48103990;OUTROS
48109;- OUTRO PAPEL E CART O:
481092;-- DE CAMADAS M LTIPLAS
48109210;EM TIRAS OU ROLOS DE LARGURA N O SUPERIOR A 15 CM OU EM FOLHAS EM QUE NENHUM LADO EXCEDA 360 MM, QUANDO N O DOBRADAS
48109290;OUTROS
481099;-- OUTROS
48109910;EM TIRAS OU ROLOS DE LARGURA N O SUPERIOR A 15 CM OU EM FOLHAS EM QUE NENHUM LADO EXCEDA 360 MM, QUANDO N O DOBRADAS
48109990;OUTROS
4811;PAPEL, CART O, PASTA (OUATE) DE CELULOSE E MANTAS DE FIBRAS DE CELULOSE, REVESTIDOS, IMPREGNADOS, RECOBERTOS, COLORIDOS   SUPERF CIE, DECORADOS   SUPERF CIE OU IMPRESSOS, EM ROLOS OU EM FOLHAS DE FORMA QUADRADA OU RETANGULAR, DE QUALQUER DIMENS O, EXCETO OS PRODUTOS DO TIPO DESCRITO NOS TEXTOS DAS POSI  ES 48.03, 48.09 OU 48.10.
481110;- PAPEL E CART O ALCATROADOS, BETUMADOS OU ASFALTADOS
48111010;EM TIRAS OU ROLOS DE LARGURA N O SUPERIOR A 15 CM OU EM FOLHAS EM QUE NENHUM LADO EXCEDA 360 MM, QUANDO N O DOBRADAS
48111090;OUTROS
48114;- PAPEL E CART O GOMADOS OU ADESIVOS:
481141;-- AUTOADESIVOS
48114110;EM TIRAS OU ROLOS DE LARGURA N O SUPERIOR A 15 CM OU EM FOLHAS EM QUE NENHUM LADO EXCEDA 360 MM, QUANDO N O DOBRADAS
48114190;OUTROS
481149;-- OUTROS
48114910;EM TIRAS OU ROLOS DE LARGURA N O SUPERIOR A 15 CM OU EM FOLHAS EM QUE NENHUM LADO EXCEDA 360 MM, QUANDO N O DOBRADAS
48114990;OUTROS
48115;- PAPEL E CART O REVESTIDOS, IMPREGNADOS OU RECOBERTOS DE PL STICO (EXCETO OS ADESIVOS):
481151;-- BRANQUEADOS, DE PESO SUPERIOR A 150 G/M2
48115110;EM TIRAS OU ROLOS DE LARGURA N O SUPERIOR A 15 CM OU EM FOLHAS EM QUE NENHUM LADO EXCEDA 360 MM, QUANDO N O DOBRADAS
4811512;OUTROS, RECOBERTOS OU REVESTIDOS
48115121;DE SILICONE, EXCETO GOFRADOS NA FACE RECOBERTA OU REVESTIDA
48115122;DE POLIETILENO, ESTRATIFICADO COM ALUM NIO, IMPRESSO
48115123;DE POLIETILENO OU POLIPROPILENO, EM AMBAS AS FACES, BASE PARA PAPEL FOTOGR FICO
48115128;OUTROS, GOFRADOS NA FACE RECOBERTA OU REVESTIDA
48115129;OUTROS
48115130;OUTROS, IMPREGNADOS
481159;-- OUTROS
48115910;EM TIRAS OU ROLOS DE LARGURA N O SUPERIOR A 15 CM OU EM FOLHAS EM QUE NENHUM LADO EXCEDA 360 MM, QUANDO N O DOBRADAS
4811592;OUTROS, RECOBERTOS OU REVESTIDOS
48115921;DE POLIETILENO OU POLIPROPILENO, EM AMBAS AS FACES, BASE PARA PAPEL FOTOGR FICO
48115922;DE SILICONE
48115923;DE POLIETILENO, ESTRATIFICADO COM ALUM NIO, IMPRESSO
48115929;OUTROS
48115930;OUTROS, IMPREGNADOS
481160;- PAPEL E CART O REVESTIDOS, IMPREGNADOS OU RECOBERTOS DE CERA, PARAFINA, ESTEARINA,  LEO OU GLICEROL
48116010;EM TIRAS OU ROLOS DE LARGURA N O SUPERIOR A 15 CM OU EM FOLHAS EM QUE NENHUM LADO EXCEDA 360 MM, QUANDO N O DOBRADAS
48116090;OUTROS
481190;- OUTRO PAPEL, CART O, PASTA (OUATE) DE CELULOSE E MANTAS DE FIBRAS DE CELULOSE
4811901;EM TIRAS OU ROLOS DE LARGURA N O SUPERIOR A 15 CM OU EM FOLHAS EM QUE NENHUM LADO EXCEDA 360 MM, QUANDO N O DOBRADAS
48119011;RECOBERTOS DE PASTA ELETROL TICA   BASE DE AMIDO MODIFICADO, DE PESO IGUAL OU SUPERIOR A 75 G/M2, MAS N O SUPERIOR A 120 G/M2
48119019;OUTROS
48119020;OUTROS, IMPREGNADOS E REVESTIDOS EM AMBAS AS FACES COM L TEX NUMA PROPOR  O TOTAL, EM PESO, IGUAL OU SUPERIOR A 15 %, DE PESO IGUAL OU SUPERIOR A 105 G/M2, MAS N O SUPERIOR A 135 G/M2, DO TIPO UTILIZADO COMO SUPORTE PARA FABRICA  O DE ABRASIVOS (LIXAS), EM ROLOS
48119090;OUTROS
48120000;BLOCOS E CHAPAS, FILTRANTES, DE PASTA DE PAPEL.
4813;PAPEL PARA CIGARROS, MESMO CORTADO NAS DIMENS ES PR PRIAS, EM CADERNOS OU EM TUBOS.
48131000;- EM CADERNOS OU EM TUBOS
48132000;- EM ROLOS DE LARGURA N O SUPERIOR A 5 CM
48139000;- OUTROS
4814;"PAPEL DE PAREDE E REVESTIMENTOS PARA PAREDE SEMELHANTES; PAPEL PARA VITRAIS."
48142000;- PAPEL DE PAREDE E REVESTIMENTOS PARA PAREDE SEMELHANTES, CONSTITU DOS POR PAPEL REVESTIDO OU RECOBERTO, NO LADO DA FACE, POR UMA CAMADA DE PL STICO GRANIDA, GOFRADA, COLORIDA, IMPRESSA COM DESENHOS OU DECORADA DE QUALQUER OUTRA FORMA
48149000;- OUTROS
4816;PAPEL-CARBONO (PAPEL QU MICO), PAPEL AUTOCOPIATIVO E OUTRO PAPEL PARA C PIA OU DUPLICA  O (EXCETO OS DA POSI  O 48.09), EST NCEIS COMPLETOS E CHAPAS OFSETE, DE PAPEL, MESMO ACONDICIONADOS EM CAIXAS.
48162000;- PAPEL AUTOCOPIATIVO
481690;- OUTROS
48169010;PAPEL-CARBONO E SEMELHANTES
48169090;OUTROS
4817;"ENVELOPES, AEROGRAMAS, CART ES-POSTAIS N O ILUSTRADOS E CART ES PARA CORRESPOND NCIA, DE PAPEL OU CART O; CAIXAS, SACOS E SEMELHANTES, DE PAPEL OU CART O, QUE CONTENHAM UM SORTIDO DE ARTIGOS PARA CORRESPOND NCIA."
48171000;- ENVELOPES
48172000;- AEROGRAMAS, CART ES-POSTAIS N O ILUSTRADOS E CART ES PARA CORRESPOND NCIA
48173000;- CAIXAS, SACOS E SEMELHANTES, DE PAPEL OU CART O, QUE CONTENHAM UM SORTIDO DE ARTIGOS PARA CORRESPOND NCIA
4818;"PAPEL DO TIPO UTILIZADO PARA PAPEL HIGI NICO E PAPEL SEMELHANTE, PASTA (OUATE) DE CELULOSE OU MANTAS DE FIBRAS DE CELULOSE, DO TIPO UTILIZADO PARA FINS DOM STICOS OU SANIT RIOS, EM ROLOS DE LARGURA N O SUPERIOR A 36 CM, OU CORTADOS EM FORMA PR PRIA; LEN OS, LEN OS (TOALHITAS) DEMAQUILANTES, TOALHAS DE M O, TOALHAS DE MESA, GUARDANAPOS, LEN  IS E ARTIGOS SEMELHANTES, DE USO DOM STICO, DE TOUCADOR, HIGI NICOS OU HOSPITALARES, VESTU RIO E SEUS ACESS RIOS, DE PASTA DE PAPEL, PAPEL, PASTA (OUATE) DE CELULOSE OU DE MANTAS DE FIBRAS DE CELULOSE."
48181000;- PAPEL HIGI NICO
48182000;- LEN OS, LEN OS (TOALHITAS) DEMAQUILANTES E TOALHAS DE M O
48183000;- TOALHAS DE MESA E GUARDANAPOS
48185000;- VESTU RIO E SEUS ACESS RIOS
481890;- OUTROS
48189010;ALMOFADAS ABSORVENTES DO TIPO UTILIZADO EM EMBALAGENS DE PRODUTOS ALIMENT CIOS
48189090;OUTROS
4819;"CAIXAS, SACOS, BOLSAS, CARTUCHOS E OUTRAS EMBALAGENS, DE PAPEL, CART O, PASTA (OUATE) DE CELULOSE OU DE MANTAS DE FIBRAS DE CELULOSE; CARTONAGENS PARA ESCRIT RIOS, LOJAS E ESTABELECIMENTOS SEMELHANTES."
48191000;- CAIXAS DE PAPEL OU CART O, ONDULADOS (CANELADOS*)
48192000;- CAIXAS E CARTONAGENS, DOBR VEIS, DE PAPEL OU CART O, N O ONDULADOS (CANELADOS*)
48193000;- SACOS CUJA BASE TENHA LARGURA IGUAL OU SUPERIOR A 40 CM
48194000;"- OUTROS SACOS; BOLSAS E CARTUCHOS"
48195000;- OUTRAS EMBALAGENS, INCLUINDO AS CAPAS PARA DISCOS
48196000;- CARTONAGENS PARA ESCRIT RIOS, LOJAS E ESTABELECIMENTOS SEMELHANTES
4820;"LIVROS DE REGISTRO E DE CONTABILIDADE, BLOCOS DE NOTAS, DE ENCOMENDAS, DE RECIBOS, DE APONTAMENTOS, DE PAPEL PARA CARTAS, AGENDAS E ARTIGOS SEMELHANTES, CADERNOS, CLASSIFICADORES, ENCADERNA  ES (DE FOLHAS SOLTAS OU OUTRAS), CAPAS DE PROCESSOS E OUTROS ARTIGOS ESCOLARES, DE ESCRIT RIO OU DE PAPELARIA, INCLUINDO OS FORMUL RIOS EM BLOCOS DE PAPEL M LTIPLAS VIAS, MESMO COM FOLHAS INTERCALADAS DE PAPEL-CARBONO (PAPEL QU MICO), DE PAPEL OU CART O;  LBUNS PARA AMOSTRAS OU PARA COLE  ES E CAPAS PARA LIVROS, DE PAPEL OU CART O."
48201000;- LIVROS DE REGISTRO E DE CONTABILIDADE, BLOCOS DE NOTAS, DE ENCOMENDAS, DE RECIBOS, DE APONTAMENTOS, DE PAPEL PARA CARTAS, AGENDAS E ARTIGOS SEMELHANTES
48202000;- CADERNOS
48203000;- CLASSIFICADORES, ENCADERNA  ES (EXCETO AS CAPAS PARA LIVROS) E CAPAS DE PROCESSOS
48204000;- FORMUL RIOS EM BLOCOS DE PAPEL M LTIPLAS VIAS, MESMO COM FOLHAS INTERCALADAS DE PAPEL-CARBONO (PAPEL QU MICO)
48205000;-  LBUNS PARA AMOSTRAS OU PARA COLE  ES
48209000;- OUTROS
4821;ETIQUETAS DE QUALQUER ESP CIE, DE PAPEL OU CART O, IMPRESSAS OU N O.
48211000;- IMPRESSAS
48219000;- OUTRAS
4822;CARRET IS, BOBINAS, CANELAS E SUPORTES SEMELHANTES, DE PASTA DE PAPEL, PAPEL OU CART O, MESMO PERFURADOS OU ENDURECIDOS.
48221000;- DO TIPO UTILIZADO PARA ENROLAMENTO DE FIOS T XTEIS
48229000;- OUTROS
4823;"OUTRO PAPEL, CART O, PASTA (OUATE) DE CELULOSE E MANTAS DE FIBRAS DE CELULOSE, CORTADOS EM FORMA PR PRIA; OUTRAS OBRAS DE PASTA DE PAPEL, PAPEL, CART O, PASTA (OUATE) DE CELULOSE OU DE MANTAS DE FIBRAS DE CELULOSE."
482320;- PAPEL-FILTRO E CART O-FILTRO
48232010;DE PESO SUPERIOR A 15 G/M2, MAS N O SUPERIOR A 25 G/M2, COM UM CONTE DO DE FIBRAS SINT TICAS TERMOSSOLD VEIS IGUAL OU SUPERIOR A 20 %, MAS N O SUPERIOR A 30 %, EM PESO, DO CONTE DO TOTAL DE FIBRAS
4823209;OUTROS
48232091;EM TIRAS OU ROLOS DE LARGURA SUPERIOR A 15 CM, MAS N O SUPERIOR A 36 CM
48232099;OUTROS
48234000;- PAPEL-DIAGRAMA PARA APARELHOS REGISTRADORES, EM BOBINAS, EM FOLHAS OU EM DISCOS
48236;- BANDEJAS, TRAVESSAS, PRATOS, X CARAS (CH VENAS), TA AS, COPOS E ARTIGOS SEMELHANTES, DE PAPEL OU CART O:
48236100;-- DE BAMBU
48236900;-- OUTROS
48237000;- ARTIGOS MOLDADOS OU PRENSADOS, DE PASTA DE PAPEL
482390;- OUTROS
48239010;CART ES PERFURADOS PARA MECANISMOS JACQUARD
48239020;DE RIGIDEZ DIEL TRICA IGUAL OU SUPERIOR A 600 V (M TODO ASTM D 202 OU EQUIVALENTE) E DE PESO INFERIOR OU IGUAL A 60 G/M2
4823909;OUTROS
48239091;EM TIRAS OU ROLOS DE LARGURA SUPERIOR A 15 CM, MAS N O SUPERIOR A 36 CM
48239099;OUTROS
49;"LIVROS, JORNAIS, GRAVURAS E OUTROS PRODUTOS DAS IND STRIAS GR FICAS; TEXTOS MANUSCRITOS OU DATILOGRAFADOS, PLANOS E PLANTAS."
4901;LIVROS, BROCHURAS E IMPRESSOS SEMELHANTES, MESMO EM FOLHAS SOLTAS.
49011000;- EM FOLHAS SOLTAS, MESMO DOBRADAS
49019;- OUTROS:
49019100;-- DICION RIOS E ENCICLOP DIAS, MESMO EM FASC CULOS
49019900;-- OUTROS
4902;JORNAIS E PUBLICA  ES PERI DICAS, IMPRESSOS, MESMO ILUSTRADOS OU QUE CONTENHAM PUBLICIDADE.
49021000;- QUE SE PUBLIQUEM PELO MENOS QUATRO VEZES POR SEMANA
49029000;- OUTROS
49030000;LBUNS OU LIVROS DE ILUSTRA  ES E  LBUNS PARA DESENHAR OU COLORIR, PARA CRIAN AS.
49040000;M SICA MANUSCRITA OU IMPRESSA, ILUSTRADA OU N O, MESMO ENCADERNADA.
4905;OBRAS CARTOGR FICAS DE QUALQUER ESP CIE, INCLUINDO AS CARTAS MURAIS, AS PLANTAS TOPOGR FICAS E OS GLOBOS, IMPRESSAS.
49052000;- SOB A FORMA DE LIVROS OU BROCHURAS
49059000;- OUTRAS
49060000;"PLANOS, PLANTAS E DESENHOS, DE ARQUITETURA, DE ENGENHARIA E OUTROS PLANOS E DESENHOS INDUSTRIAIS, COMERCIAIS, TOPOGR FICOS OU SEMELHANTES, ORIGINAIS, FEITOS   M O; TEXTOS MANUSCRITOS; REPRODU  ES FOTOGR FICAS EM PAPEL SENSIBILIZADO E C PIAS A PAPEL-CARBONO (PAPEL QU MICO) DOS PLANOS, PLANTAS, DESENHOS OU TEXTOS ACIMA REFERIDOS."
490700;"SELOS POSTAIS, FISCAIS E SEMELHANTES, N O OBLITERADOS, TENDO OU DESTINANDO-SE A TER CURSO LEGAL NO PA S EM QUE T M, OU TER O, UM VALOR FACIAL RECONHECIDO; PAPEL SELADO; NOTAS (PAP IS-MOEDA); CHEQUES; CERTIFICADOS DE A  ES OU DE OBRIGA  ES E T TULOS SEMELHANTES."
49070010;NOTAS (PAP IS-MOEDA)
49070020;CHEQUES DE VIAGEM
49070030;T TULOS DE A  ES OU DE OBRIGA  ES E T TULOS SEMELHANTES, CONVALIDADOS E FIRMADOS
49070090;OUTROS
4908;DECALCOMANIAS DE QUALQUER ESP CIE.
49081000;- DECALCOMANIAS VITRIFIC VEIS
49089000;- OUTRAS
49090000;"CART ES-POSTAIS IMPRESSOS OU ILUSTRADOS; CART ES IMPRESSOS COM VOTOS OU MENSAGENS PESSOAIS, MESMO ILUSTRADOS, MESMO COM ENVELOPES, GUARNI  ES OU APLICA  ES."
49100000;CALEND RIOS DE QUALQUER ESP CIE, IMPRESSOS, INCLUINDO OS BLOCOS-CALEND RIOS PARA DESFOLHAR.
4911;OUTROS IMPRESSOS, INCLUINDO AS ESTAMPAS, GRAVURAS E FOTOGRAFIAS.
491110;- IMPRESSOS PUBLICIT RIOS, CAT LOGOS COMERCIAIS E SEMELHANTES
49111010;QUE CONTENHAM INFORMA  ES RELATIVAS AO FUNCIONAMENTO, MANUTEN  O, REPARO OU UTILIZA  O DE M QUINAS, APARELHOS, VE CULOS E OUTRAS MERCADORIAS DE ORIGEM EXTRAZONA
49111090;OUTROS
49119;- OUTROS:
49119100;-- ESTAMPAS, GRAVURAS E FOTOGRAFIAS
49119900;-- OUTROS
50;SEDA.
50010000;CASULOS DE BICHO-DA-SEDA PR PRIOS PARA DOBAR.
50020000;SEDA CRUA (N O FIADA).
500300;DESPERD CIOS DE SEDA (INCLUINDO OS CASULOS DE BICHO-DA-SEDA IMPR PRIOS PARA DOBAR, OS DESPERD CIOS DE FIOS E OS FIAPOS).
50030010;N O CARDADOS NEM PENTEADOS
50030090;OUTROS
50040000;FIOS DE SEDA (EXCETO FIOS DE DESPERD CIOS DE SEDA) N O ACONDICIONADOS PARA VENDA A RETALHO.
50050000;FIOS DE DESPERD CIOS DE SEDA, N O ACONDICIONADOS PARA VENDA A RETALHO.
50060000;"FIOS DE SEDA OU DE DESPERD CIOS DE SEDA, ACONDICIONADOS PARA VENDA A RETALHO; PELO DE MESSINA (CRINA DE FLOREN A)."
5007;TECIDOS DE SEDA OU DE DESPERD CIOS DE SEDA.
500710;- TECIDOS DE BOURRETTE (NOIL SILK)
50071010;ESTAMPADOS, TINTOS OU DE FIOS DE DIVERSAS CORES
50071090;OUTROS
500720;- OUTROS TECIDOS QUE CONTENHAM PELO MENOS 85 %, EM PESO, DE SEDA OU DE DESPERD CIOS DE SEDA, EXCETO BOURRETTE (NOIL SILK)
50072010;ESTAMPADOS, TINTOS OU DE FIOS DE DIVERSAS CORES
50072090;OUTROS
50079000;- OUTROS TECIDOS
51;"L , PELOS FINOS OU GROSSEIROS; FIOS E TECIDOS DE CRINA."
5101;L  N O CARDADA NEM PENTEADA.
51011;- L  SUJA, INCLUINDO A L  LAVADA A DORSO:
510111;-- L  DE TOSQUIA
51011110;DE FINURA IGUAL OU SUPERIOR 22,05 MICR METROS (M CRONS), MAS INFERIOR OU IGUAL A 32,6 MICR METROS (M CRONS)
51011190;OUTRA
51011900;-- OUTRA
51012;- DESENGORDURADA, N O CARBONIZADA:
51012100;-- L  DE TOSQUIA
51012900;-- OUTRA
51013000;- CARBONIZADA
5102;PELOS FINOS OU GROSSEIROS, N O CARDADOS NEM PENTEADOS.
51021;- PELOS FINOS:
51021100;-- DE CABRA DE CAXEMIRA
51021900;-- OUTROS
51022000;- PELOS GROSSEIROS
5103;DESPERD CIOS DE L  OU DE PELOS FINOS OU GROSSEIROS, INCLUINDO OS DESPERD CIOS DE FIOS E EXCLUINDO OS FIAPOS.
51031000;- DESPERD CIOS DA PENTEA  O DE L  OU DE PELOS FINOS
51032000;- OUTROS DESPERD CIOS DE L  OU DE PELOS FINOS
51033000;- DESPERD CIOS DE PELOS GROSSEIROS
51040000;FIAPOS DE L  OU DE PELOS FINOS OU GROSSEIROS.
5105;"L , PELOS FINOS OU GROSSEIROS, CARDADOS OU PENTEADOS (INCLUINDO A ""L  PENTEADA A GRANEL"")."
51051000;- L  CARDADA
51052;- L  PENTEADA:
51052100;"-- ""L  PENTEADA A GRANEL"""
510529;-- OUTRA
51052910;TOPS
5105299;OUTRAS
51052991;DE FINURA INFERIOR A 22,5 MICR METROS (M CRONS)
51052999;OUTRAS
51053;- PELOS FINOS, CARDADOS OU PENTEADOS:
51053100;-- DE CABRA DE CAXEMIRA
51053900;-- OUTROS
51054000;- PELOS GROSSEIROS, CARDADOS OU PENTEADOS
5106;FIOS DE L  CARDADA, N O ACONDICIONADOS PARA VENDA A RETALHO.
51061000;- QUE CONTENHAM PELO MENOS 85 %, EM PESO, DE L
51062000;- QUE CONTENHAM MENOS DE 85 %, EM PESO, DE L
5107;FIOS DE L  PENTEADA, N O ACONDICIONADOS PARA VENDA A RETALHO.
510710;- QUE CONTENHAM PELO MENOS 85 %, EM PESO, DE L
5107101;RETORCIDOS OU RETORCIDOS M LTIPLOS
51071011;DE DOIS CABOS, DE T TULO INFERIOR OU IGUAL A 184,58 DECITEX POR CABO
51071019;OUTROS
51071090;OUTROS
51072000;- QUE CONTENHAM MENOS DE 85 %, EM PESO, DE L
5108;FIOS DE PELOS FINOS, CARDADOS OU PENTEADOS, N O ACONDICIONADOS PARA VENDA A RETALHO.
51081000;- CARDADOS
51082000;- PENTEADOS
5109;FIOS DE L  OU DE PELOS FINOS, ACONDICIONADOS PARA VENDA A RETALHO.
51091000;- QUE CONTENHAM PELO MENOS 85 %, EM PESO, DE L  OU DE PELOS FINOS
51099000;- OUTROS
51100000;FIOS DE PELOS GROSSEIROS OU DE CRINA (INCLUINDO OS FIOS DE CRINA REVESTIDOS POR ENROLAMENTO), MESMO ACONDICIONADOS PARA VENDA A RETALHO.
5111;TECIDOS DE L  CARDADA OU DE PELOS FINOS CARDADOS.
51111;- QUE CONTENHAM PELO MENOS 85 %, EM PESO, DE L  OU DE PELOS FINOS:
511111;-- DE PESO N O SUPERIOR A 300 G/M2
51111110;DE L
51111120;DE PELOS FINOS
51111900;-- OUTROS
51112000;- OUTROS, COMBINADOS, PRINCIPAL OU UNICAMENTE, COM FILAMENTOS SINT TICOS OU ARTIFICIAIS
511130;- OUTROS, COMBINADOS, PRINCIPAL OU UNICAMENTE, COM FIBRAS SINT TICAS OU ARTIFICIAIS DESCONT NUAS
51113010;DE L , FELTRADOS, COM TRAMA COMBINADA EXCLUSIVAMENTE COM FIBRAS SINT TICAS E URDIDURA EXCLUSIVAMENTE DE ALGOD O, DE PESO IGUAL OU SUPERIOR A 600 G/M2, PR PRIOS PARA FABRICA  O DE BOLAS DE T NIS
51113090;OUTROS
51119000;- OUTROS
5112;TECIDOS DE L  PENTEADA OU DE PELOS FINOS PENTEADOS.
51121;- QUE CONTENHAM PELO MENOS 85 %, EM PESO, DE L  OU DE PELOS FINOS:
51121100;-- DE PESO N O SUPERIOR A 200 G/M2
511219;-- OUTROS
51121910;DE L
51121920;DE PELOS FINOS
511220;- OUTROS, COMBINADOS, PRINCIPAL OU UNICAMENTE, COM FILAMENTOS SINT TICOS OU ARTIFICIAIS
51122010;DE L
51122020;DE PELOS FINOS
511230;- OUTROS, COMBINADOS, PRINCIPAL OU UNICAMENTE, COM FIBRAS SINT TICAS OU ARTIFICIAIS DESCONT NUAS
51123010;DE L
51123020;DE PELOS FINOS
51129000;- OUTROS
511300;TECIDOS DE PELOS GROSSEIROS OU DE CRINA.
5113001;DE PELOS GROSSEIROS
51130011;QUE CONTENHAM PELO MENOS 85 %, EM PESO, DE PELOS GROSSEIROS
51130012;QUE CONTENHAM MENOS DE 85 %, EM PESO, DE PELOS GROSSEIROS E QUE CONTENHAM ALGOD O
51130013;QUE CONTENHAM MENOS DE 85 %, EM PESO, DE PELOS GROSSEIROS E QUE N O CONTENHAM ALGOD O
51130020;DE CRINA
52;ALGOD O.
520100;ALGOD O N O CARDADO NEM PENTEADO.
52010010;N O DEBULHADO
52010020;SIMPLESMENTE DEBULHADO
52010090;OUTROS
5202;DESPERD CIOS DE ALGOD O (INCLUINDO OS DESPERD CIOS DE FIOS E OS FIAPOS).
52021000;- DESPERD CIOS DE FIOS
52029;- OUTROS:
52029100;-- FIAPOS
52029900;-- OUTROS
52030000;ALGOD O CARDADO OU PENTEADO.
5204;LINHAS PARA COSTURAR, DE ALGOD O, MESMO ACONDICIONADAS PARA VENDA A RETALHO.
52041;- N O ACONDICIONADAS PARA VENDA A RETALHO:
520411;-- QUE CONTENHAM PELO MENOS 85 %, EM PESO, DE ALGOD O
5204111;DE ALGOD O CRU, DE T TULO INFERIOR OU IGUAL A 5.000 DECITEX POR FIO SIMPLES
52041111;DE DOIS CABOS
52041112;DE TR S OU MAIS CABOS
52041120;DE ALGOD O CRU, DE T TULO SUPERIOR A 5.000 DECITEX POR FIO SIMPLES
5204113;DE ALGOD O BRANQUEADO OU COLORIDO, DE T TULO INFERIOR OU IGUAL A 5.000 DECITEX POR FIO SIMPLES
52041131;DE DOIS CABOS
52041132;DE TR S OU MAIS CABOS
52041140;DE ALGOD O BRANQUEADO OU COLORIDO, DE T TULO SUPERIOR A 5.000 DECITEX POR FIO SIMPLES
520419;-- OUTRAS
5204191;DE ALGOD O CRU, DE T TULO INFERIOR OU IGUAL A 5.000 DECITEX POR FIO SIMPLES
52041911;DE DOIS CABOS
52041912;DE TR S OU MAIS CABOS
52041920;DE ALGOD O CRU, DE T TULO SUPERIOR A 5.000 DECITEX POR FIO SIMPLES
5204193;DE ALGOD O BRANQUEADO OU COLORIDO, DE T TULO INFERIOR OU IGUAL A 5.000 DECITEX POR FIO SIMPLES
52041931;DE DOIS CABOS
52041932;DE TR S OU MAIS CABOS
52041940;DE ALGOD O BRANQUEADO OU COLORIDO, DE T TULO SUPERIOR A 5.000 DECITEX POR FIO SIMPLES
52042000;- ACONDICIONADAS PARA VENDA A RETALHO
5205;FIOS DE ALGOD O (EXCETO LINHAS PARA COSTURAR) QUE CONTENHAM PELO MENOS 85 %, EM PESO, DE ALGOD O, N O ACONDICIONADOS PARA VENDA A RETALHO.
52051;- FIOS SIMPLES, DE FIBRAS N O PENTEADAS:
52051100;-- DE T TULO IGUAL OU SUPERIOR A 714,29 DECITEX (N MERO M TRICO N O SUPERIOR A 14)
52051200;-- DE T TULO INFERIOR A 714,29 DECITEX, MAS N O INFERIOR A 232,56 DECITEX (N MERO M TRICO SUPERIOR A 14, MAS N O SUPERIOR A 43)
520513;-- DE T TULO INFERIOR A 232,56 DECITEX, MAS N O INFERIOR A 192,31 DECITEX (N MERO M TRICO SUPERIOR A 43, MAS N O SUPERIOR A 52)
52051310;CRUS
52051390;OUTROS
52051400;-- DE T TULO INFERIOR A 192,31 DECITEX, MAS N O INFERIOR A 125 DECITEX (N MERO M TRICO SUPERIOR A 52, MAS N O SUPERIOR A 80)
52051500;-- DE T TULO INFERIOR A 125 DECITEX (N MERO M TRICO SUPERIOR A 80)
52052;- FIOS SIMPLES, DE FIBRAS PENTEADAS:
52052100;-- DE T TULO IGUAL OU SUPERIOR A 714,29 DECITEX (N MERO M TRICO N O SUPERIOR A 14)
52052200;-- DE T TULO INFERIOR A 714,29 DECITEX, MAS N O INFERIOR A 232,56 DECITEX (N MERO M TRICO SUPERIOR A 14, MAS N O SUPERIOR A 43)
520523;-- DE T TULO INFERIOR A 232,56 DECITEX, MAS N O INFERIOR A 192,31 DECITEX (N MERO M TRICO SUPERIOR A 43, MAS N O SUPERIOR A 52)
52052310;CRUS
52052390;OUTROS
52052400;-- DE T TULO INFERIOR A 192,31 DECITEX, MAS N O INFERIOR A 125 DECITEX (N MERO M TRICO SUPERIOR A 52, MAS N O SUPERIOR A 80)
52052600;-- DE T TULO INFERIOR A 125 DECITEX, MAS N O INFERIOR A 106,38 DECITEX (N MERO M TRICO SUPERIOR A 80, MAS N O SUPERIOR A 94)
52052700;-- DE T TULO INFERIOR A 106,38 DECITEX, MAS N O INFERIOR A 83,33 DECITEX (N MERO M TRICO SUPERIOR A 94, MAS N O SUPERIOR A 120)
52052800;-- DE T TULO INFERIOR A 83,33 DECITEX (N MERO M TRICO SUPERIOR A 120)
52053;- FIOS RETORCIDOS OU RETORCIDOS M LTIPLOS, DE FIBRAS N O PENTEADAS:
52053100;-- DE T TULO IGUAL OU SUPERIOR A 714,29 DECITEX POR FIO SIMPLES (N MERO M TRICO N O SUPERIOR A 14, POR FIO SIMPLES)
52053200;-- DE T TULO INFERIOR A 714,29 DECITEX, MAS N O INFERIOR A 232,56 DECITEX POR FIO SIMPLES (N MERO M TRICO SUPERIOR A 14, MAS N O SUPERIOR A 43, POR FIO SIMPLES)
52053300;-- DE T TULO INFERIOR A 232,56 DECITEX, MAS N O INFERIOR A 192,31 DECITEX POR FIO SIMPLES (N MERO M TRICO SUPERIOR A 43, MAS N O SUPERIOR A 52, POR FIO SIMPLES)
52053400;-- DE T TULO INFERIOR A 192,31 DECITEX, MAS N O INFERIOR A 125 DECITEX POR FIO SIMPLES (N MERO M TRICO SUPERIOR A 52, MAS N O SUPERIOR A 80, POR FIO SIMPLES)
52053500;-- DE T TULO INFERIOR A 125 DECITEX POR FIO SIMPLES (N MERO M TRICO SUPERIOR A 80, POR FIO SIMPLES)
52054;- FIOS RETORCIDOS OU RETORCIDOS M LTIPLOS, DE FIBRAS PENTEADAS:
52054100;-- DE T TULO IGUAL OU SUPERIOR A 714,29 DECITEX POR FIO SIMPLES (N MERO M TRICO N O SUPERIOR A 14, POR FIO SIMPLES)
52054200;-- DE T TULO INFERIOR A 714,29 DECITEX, MAS N O INFERIOR A 232,56 DECITEX POR FIO SIMPLES (N MERO M TRICO SUPERIOR A 14, MAS N O SUPERIOR A 43, POR FIO SIMPLES)
52054300;-- DE T TULO INFERIOR A 232,56 DECITEX, MAS N O INFERIOR A 192,31 DECITEX POR FIO SIMPLES (N MERO M TRICO SUPERIOR A 43, MAS N O SUPERIOR A 52, POR FIO SIMPLES)
52054400;-- DE T TULO INFERIOR A 192,31 DECITEX, MAS N O INFERIOR A 125 DECITEX POR FIO SIMPLES (N MERO M TRICO SUPERIOR A 52, MAS N O SUPERIOR A 80, POR FIO SIMPLES)
52054600;-- DE T TULO INFERIOR A 125 DECITEX, MAS N O INFERIOR A 106,38 DECITEX POR FIO SIMPLES (N MERO M TRICO SUPERIOR A 80, MAS N O SUPERIOR A 94, POR FIO SIMPLES)
52054700;-- DE T TULO INFERIOR A 106,38 DECITEX, MAS N O INFERIOR A 83,33 DECITEX POR FIO SIMPLES (N MERO M TRICO SUPERIOR A 94, MAS N O SUPERIOR A 120, POR FIO SIMPLES)
52054800;-- DE T TULO INFERIOR A 83,33 DECITEX POR FIO SIMPLES (N MERO M TRICO SUPERIOR A 120, POR FIO SIMPLES)
5206;FIOS DE ALGOD O (EXCETO LINHAS PARA COSTURAR) QUE CONTENHAM MENOS DE 85 %, EM PESO, DE ALGOD O, N O ACONDICIONADOS PARA VENDA A RETALHO.
52061;- FIOS SIMPLES, DE FIBRAS N O PENTEADAS:
52061100;-- DE T TULO IGUAL OU SUPERIOR A 714,29 DECITEX (N MERO M TRICO N O SUPERIOR A 14)
52061200;-- DE T TULO INFERIOR A 714,29 DECITEX, MAS N O INFERIOR A 232,56 DECITEX (N MERO M TRICO SUPERIOR A 14, MAS N O SUPERIOR A 43)
52061300;-- DE T TULO INFERIOR A 232,56 DECITEX, MAS N O INFERIOR A 192,31 DECITEX (N MERO M TRICO SUPERIOR A 43, MAS N O SUPERIOR A 52)
52061400;-- DE T TULO INFERIOR A 192,31 DECITEX, MAS N O INFERIOR A 125 DECITEX (N MERO M TRICO SUPERIOR A 52, MAS N O SUPERIOR A 80)
52061500;-- DE T TULO INFERIOR A 125 DECITEX (N MERO M TRICO SUPERIOR A 80)
52062;- FIOS SIMPLES, DE FIBRAS PENTEADAS:
52062100;-- DE T TULO IGUAL OU SUPERIOR A 714,29 DECITEX (N MERO M TRICO N O SUPERIOR A 14)
52062200;-- DE T TULO INFERIOR A 714,29 DECITEX, MAS N O INFERIOR A 232,56 DECITEX (N MERO M TRICO SUPERIOR A 14, MAS N O SUPERIOR A 43)
52062300;-- DE T TULO INFERIOR A 232,56 DECITEX, MAS N O INFERIOR A 192,31 DECITEX (N MERO M TRICO SUPERIOR A 43, MAS N O SUPERIOR A 52)
52062400;-- DE T TULO INFERIOR A 192,31 DECITEX, MAS N O INFERIOR A 125 DECITEX (N MERO M TRICO SUPERIOR A 52, MAS N O SUPERIOR A 80)
52062500;-- DE T TULO INFERIOR A 125 DECITEX (N MERO M TRICO SUPERIOR A 80)
52063;- FIOS RETORCIDOS OU RETORCIDOS M LTIPLOS, DE FIBRAS N O PENTEADAS:
52063100;-- DE T TULO IGUAL OU SUPERIOR A 714,29 DECITEX POR FIO SIMPLES (N MERO M TRICO N O SUPERIOR A 14, POR FIO SIMPLES)
52063200;-- DE T TULO INFERIOR A 714,29 DECITEX, MAS N O INFERIOR A 232,56 DECITEX POR FIO SIMPLES (N MERO M TRICO SUPERIOR A 14, MAS N O SUPERIOR A 43, POR FIO SIMPLES)
52063300;-- DE T TULO INFERIOR A 232,56 DECITEX, MAS N O INFERIOR A 192,31 DECITEX POR FIO SIMPLES (N MERO M TRICO SUPERIOR A 43, MAS N O SUPERIOR A 52, POR FIO SIMPLES)
52063400;-- DE T TULO INFERIOR A 192,31 DECITEX, MAS N O INFERIOR A 125 DECITEX POR FIO SIMPLES (N MERO M TRICO SUPERIOR A 52, MAS N O SUPERIOR A 80, POR FIO SIMPLES)
52063500;-- DE T TULO INFERIOR A 125 DECITEX POR FIO SIMPLES (N MERO M TRICO SUPERIOR A 80, POR FIO SIMPLES)
52064;- FIOS RETORCIDOS OU RETORCIDOS M LTIPLOS, DE FIBRAS PENTEADAS:
52064100;-- DE T TULO IGUAL OU SUPERIOR A 714,29 DECITEX POR FIO SIMPLES (N MERO M TRICO N O SUPERIOR A 14, POR FIO SIMPLES)
52064200;-- DE T TULO INFERIOR A 714,29 DECITEX, MAS N O INFERIOR A 232,56 DECITEX POR FIO SIMPLES (N MERO M TRICO SUPERIOR A 14, MAS N O SUPERIOR A 43, POR FIO SIMPLES)
52064300;-- DE T TULO INFERIOR A 232,56 DECITEX, MAS N O INFERIOR A 192,31 DECITEX POR FIO SIMPLES (N MERO M TRICO SUPERIOR A 43, MAS N O SUPERIOR A 52, POR FIO SIMPLES)
52064400;-- DE T TULO INFERIOR A 192,31 DECITEX, MAS N O INFERIOR A 125 DECITEX POR FIO SIMPLES (N MERO M TRICO SUPERIOR A 52, MAS N O SUPERIOR A 80, POR FIO SIMPLES)
52064500;-- DE T TULO INFERIOR A 125 DECITEX POR FIO SIMPLES (N MERO M TRICO SUPERIOR A 80, POR FIO SIMPLES)
5207;FIOS DE ALGOD O (EXCETO LINHAS PARA COSTURAR) ACONDICIONADOS PARA VENDA A RETALHO.
52071000;- QUE CONTENHAM PELO MENOS 85 %, EM PESO, DE ALGOD O
52079000;- OUTROS
5208;TECIDOS DE ALGOD O QUE CONTENHAM PELO MENOS 85 %, EM PESO, DE ALGOD O, DE PESO N O SUPERIOR A 200 G/M2.
52081;- CRUS:
52081100;-- EM PONTO DE TAFET , DE PESO N O SUPERIOR A 100 G/M2
52081200;-- EM PONTO DE TAFET , DE PESO SUPERIOR A 100 G/M2
52081300;-- EM PONTO SARJADO, INCLUINDO O DIAGONAL, CUJA RELA  O DE TEXTURA N O SEJA SUPERIOR A 4
52081900;-- OUTROS TECIDOS
52082;- BRANQUEADOS:
52082100;-- EM PONTO DE TAFET , DE PESO N O SUPERIOR A 100 G/M2
52082200;-- EM PONTO DE TAFET , DE PESO SUPERIOR A 100 G/M2
52082300;-- EM PONTO SARJADO, INCLUINDO O DIAGONAL, CUJA RELA  O DE TEXTURA N O SEJA SUPERIOR A 4
52082900;-- OUTROS TECIDOS
52083;- TINTOS:
52083100;-- EM PONTO DE TAFET , DE PESO N O SUPERIOR A 100 G/M2
52083200;-- EM PONTO DE TAFET , DE PESO SUPERIOR A 100 G/M2
52083300;-- EM PONTO SARJADO, INCLUINDO O DIAGONAL, CUJA RELA  O DE TEXTURA N O SEJA SUPERIOR A 4
52083900;-- OUTROS TECIDOS
52084;- DE FIOS DE DIVERSAS CORES:
52084100;-- EM PONTO DE TAFET , DE PESO N O SUPERIOR A 100 G/M2
52084200;-- EM PONTO DE TAFET , DE PESO SUPERIOR A 100 G/M2
52084300;-- EM PONTO SARJADO, INCLUINDO O DIAGONAL, CUJA RELA  O DE TEXTURA N O SEJA SUPERIOR A 4
52084900;-- OUTROS TECIDOS
52085;- ESTAMPADOS:
52085100;-- EM PONTO DE TAFET , DE PESO N O SUPERIOR A 100 G/M2
52085200;-- EM PONTO DE TAFET , DE PESO SUPERIOR A 100 G/M2
520859;-- OUTROS TECIDOS
52085910;EM PONTO SARJADO, INCLUINDO O DIAGONAL, CUJA RELA  O DE TEXTURA N O SEJA SUPERIOR A 4
52085990;OUTROS
5209;TECIDOS DE ALGOD O QUE CONTENHAM PELO MENOS 85 %, EM PESO, DE ALGOD O, DE PESO SUPERIOR A 200 G/M2.
52091;- CRUS:
52091100;-- EM PONTO DE TAFET
52091200;-- EM PONTO SARJADO, INCLUINDO O DIAGONAL, CUJA RELA  O DE TEXTURA N O SEJA SUPERIOR A 4
52091900;-- OUTROS TECIDOS
52092;- BRANQUEADOS:
52092100;-- EM PONTO DE TAFET
52092200;-- EM PONTO SARJADO, INCLUINDO O DIAGONAL, CUJA RELA  O DE TEXTURA N O SEJA SUPERIOR A 4
52092900;-- OUTROS TECIDOS
52093;- TINTOS:
52093100;-- EM PONTO DE TAFET
52093200;-- EM PONTO SARJADO, INCLUINDO O DIAGONAL, CUJA RELA  O DE TEXTURA N O SEJA SUPERIOR A 4
52093900;-- OUTROS TECIDOS
52094;- DE FIOS DE DIVERSAS CORES:
52094100;-- EM PONTO DE TAFET
520942;-- TECIDOS DENOMINADOS DENIM
52094210;COM FIOS TINTOS EM INDIGO BLUE SEGUNDO COLOR INDEX 73000
52094290;OUTROS
52094300;-- OUTROS TECIDOS EM PONTO SARJADO, INCLUINDO O DIAGONAL, CUJA RELA  O DE TEXTURA N O SEJA SUPERIOR A 4
52094900;-- OUTROS TECIDOS
52095;- ESTAMPADOS:
52095100;-- EM PONTO DE TAFET
52095200;-- EM PONTO SARJADO, INCLUINDO O DIAGONAL, CUJA RELA  O DE TEXTURA N O SEJA SUPERIOR A 4
52095900;-- OUTROS TECIDOS
5210;TECIDOS DE ALGOD O QUE CONTENHAM MENOS DE 85 %, EM PESO, DE ALGOD O, COMBINADOS, PRINCIPAL OU UNICAMENTE, COM FIBRAS SINT TICAS OU ARTIFICIAIS, DE PESO N O SUPERIOR A 200 G/M2.
52101;- CRUS:
52101100;-- EM PONTO DE TAFET
521019;-- OUTROS TECIDOS
52101910;EM PONTO SARJADO, INCLUINDO O DIAGONAL, CUJA RELA  O DE TEXTURA N O SEJA SUPERIOR A 4
52101990;OUTROS
52102;- BRANQUEADOS:
52102100;-- EM PONTO DE TAFET
521029;-- OUTROS TECIDOS
52102910;EM PONTO SARJADO, INCLUINDO O DIAGONAL, CUJA RELA  O DE TEXTURA N O SEJA SUPERIOR A 4
52102990;OUTROS
52103;- TINTOS:
52103100;-- EM PONTO DE TAFET
52103200;-- EM PONTO SARJADO, INCLUINDO O DIAGONAL, CUJA RELA  O DE TEXTURA N O SEJA SUPERIOR A 4
52103900;-- OUTROS TECIDOS
52104;- DE FIOS DE DIVERSAS CORES:
52104100;-- EM PONTO DE TAFET
521049;-- OUTROS TECIDOS
52104910;EM PONTO SARJADO, INCLUINDO O DIAGONAL, CUJA RELA  O DE TEXTURA N O SEJA SUPERIOR A 4
52104990;OUTROS
52105;- ESTAMPADOS:
52105100;-- EM PONTO DE TAFET
521059;-- OUTROS TECIDOS
52105910;EM PONTO SARJADO, INCLUINDO O DIAGONAL, CUJA RELA  O DE TEXTURA N O SEJA SUPERIOR A 4
52105990;OUTROS
5211;TECIDOS DE ALGOD O QUE CONTENHAM MENOS DE 85 %, EM PESO, DE ALGOD O, COMBINADOS, PRINCIPAL OU UNICAMENTE, COM FIBRAS SINT TICAS OU ARTIFICIAIS, DE PESO SUPERIOR A 200 G/M2.
52111;- CRUS:
52111100;-- EM PONTO DE TAFET
52111200;-- EM PONTO SARJADO, INCLUINDO O DIAGONAL, CUJA RELA  O DE TEXTURA N O SEJA SUPERIOR A 4
52111900;-- OUTROS TECIDOS
521120;- BRANQUEADOS
52112010;EM PONTO DE TAFET
52112020;EM PONTO SARJADO, INCLUINDO O DIAGONAL, CUJA RELA  O DE TEXTURA N O SEJA SUPERIOR A 4
52112090;OUTROS
52113;- TINTOS:
52113100;-- EM PONTO DE TAFET
52113200;-- EM PONTO SARJADO, INCLUINDO O DIAGONAL, CUJA RELA  O DE TEXTURA N O SEJA SUPERIOR A 4
52113900;-- OUTROS TECIDOS
52114;- DE FIOS DE DIVERSAS CORES:
52114100;-- EM PONTO DE TAFET
521142;-- TECIDOS DENOMINADOS DENIM
52114210;COM FIOS TINTOS EM INDIGO BLUE SEGUNDO COLOR INDEX 73000
52114290;OUTROS
52114300;-- OUTROS TECIDOS EM PONTO SARJADO, INCLUINDO O DIAGONAL, CUJA RELA  O DE TEXTURA N O SEJA SUPERIOR A 4
52114900;-- OUTROS TECIDOS
52115;- ESTAMPADOS:
52115100;-- EM PONTO DE TAFET
52115200;-- EM PONTO SARJADO, INCLUINDO O DIAGONAL, CUJA RELA  O DE TEXTURA N O SEJA SUPERIOR A 4
52115900;-- OUTROS TECIDOS
5212;OUTROS TECIDOS DE ALGOD O.
52121;- DE PESO N O SUPERIOR A 200 G/M2:
52121100;-- CRUS
52121200;-- BRANQUEADOS
52121300;-- TINTOS
52121400;-- DE FIOS DE DIVERSAS CORES
52121500;-- ESTAMPADOS
52122;- DE PESO SUPERIOR A 200 G/M2:
52122100;-- CRUS
52122200;-- BRANQUEADOS
52122300;-- TINTOS
52122400;-- DE FIOS DE DIVERSAS CORES
52122500;-- ESTAMPADOS
53;"OUTRAS FIBRAS T XTEIS VEGETAIS; FIOS DE PAPEL E TECIDOS DE FIOS DE PAPEL."
5301;"LINHO EM BRUTO OU TRABALHADO, MAS N O FIADO; ESTOPAS E DESPERD CIOS DE LINHO (INCLUINDO OS DESPERD CIOS DE FIOS E OS FIAPOS)."
53011000;- LINHO EM BRUTO OU MACERADO
53012;- LINHO QUEBRADO, ESPADELADO, PENTEADO OU TRABALHADO DE OUTRA FORMA, MAS N O FIADO:
530121;-- QUEBRADO OU ESPADELADO
53012110;QUEBRADO
53012120;ESPADELADO
530129;-- OUTRO
53012910;PENTEADO
53012990;OUTRO
53013000;- ESTOPAS E DESPERD CIOS DE LINHO
5302;"C NHAMO (CANNABIS SATIVA L.), EM BRUTO OU TRABALHADO, MAS N O FIADO; ESTOPAS E DESPERD CIOS DE C NHAMO (INCLUINDO OS DESPERD CIOS DE FIOS E OS FIAPOS)."
53021000;- C NHAMO EM BRUTO OU MACERADO
53029000;- OUTROS
5303;"JUTA E OUTRAS FIBRAS T XTEIS LIBERIANAS (EXCETO LINHO, C NHAMO E RAMI), EM BRUTO OU TRABALHADAS, MAS N O FIADAS; ESTOPAS E DESPERD CIOS DESTAS FIBRAS (INCLUINDO OS DESPERD CIOS DE FIOS E OS FIAPOS)."
530310;- JUTA E OUTRAS FIBRAS T XTEIS LIBERIANAS, EM BRUTO OU MACERADAS
53031010;JUTA
53031090;OUTRAS
530390;- OUTROS
53039010;JUTA
53039090;OUTROS
530500;"CAIRO (FIBRA DE COCO), ABAC  (C NHAMO-DE-MANILHA OU MUSA TEXTILIS NEE), RAMI E OUTRAS FIBRAS T XTEIS VEGETAIS N O ESPECIFICADAS NEM COMPREENDIDAS NOUTRAS POSI  ES, EM BRUTO OU TRABALHADOS, MAS N O FIADOS; ESTOPAS E DESPERD CIOS DESTAS FIBRAS (INCLUINDO OS DESPERD CIOS DE FIOS E OS FIAPOS)."
53050010;DE ABAC , EM BRUTO
53050090;OUTROS
5306;FIOS DE LINHO.
53061000;- SIMPLES
53062000;- RETORCIDOS OU RETORCIDOS M LTIPLOS
5307;FIOS DE JUTA OU DE OUTRAS FIBRAS T XTEIS LIBERIANAS DA POSI  O 53.03.
530710;- SIMPLES
53071010;DE JUTA
53071090;OUTROS
530720;- RETORCIDOS OU RETORCIDOS M LTIPLOS
53072010;DE JUTA
53072090;OUTROS
5308;"FIOS DE OUTRAS FIBRAS T XTEIS VEGETAIS; FIOS DE PAPEL."
53081000;- FIOS DE CAIRO (FIBRA DE COCO)
53082000;- FIOS DE C NHAMO
53089000;- OUTROS
5309;TECIDOS DE LINHO.
53091;- QUE CONTENHAM PELO MENOS 85 %, EM PESO, DE LINHO:
53091100;-- CRUS OU BRANQUEADOS
53091900;-- OUTROS
53092;- QUE CONTENHAM MENOS DE 85 %, EM PESO, DE LINHO:
53092100;-- CRUS OU BRANQUEADOS
53092900;-- OUTROS
5310;TECIDOS DE JUTA OU DE OUTRAS FIBRAS T XTEIS LIBERIANAS DA POSI  O 53.03.
531010;- CRUS
53101010;ANIAGEM DE JUTA
53101090;OUTROS
53109000;- OUTROS
53110000;"TECIDOS DE OUTRAS FIBRAS T XTEIS VEGETAIS; TECIDOS DE FIOS DE PAPEL."
54;"FILAMENTOS SINT TICOS OU ARTIFICIAIS; L MINAS E FORMAS SEMELHANTES DE MAT RIAS T XTEIS SINT TICAS OU ARTIFICIAIS."
5401;LINHAS PARA COSTURAR DE FILAMENTOS SINT TICOS OU ARTIFICIAIS, MESMO ACONDICIONADAS PARA VENDA A RETALHO.
540110;- DE FILAMENTOS SINT TICOS
5401101;DE POLI STER
54011011;N O ACONDICIONADAS PARA VENDA A RETALHO
54011012;ACONDICIONADAS PARA VENDA A RETALHO
54011090;OUTRAS
540120;- DE FILAMENTOS ARTIFICIAIS
5401201;DE RAIOM VISCOSE, DE ALTA TENACIDADE
54012011;N O ACONDICIONADAS PARA VENDA A RETALHO
54012012;ACONDICIONADAS PARA VENDA A RETALHO
54012090;OUTRAS
5402;FIOS DE FILAMENTOS SINT TICOS (EXCETO LINHAS PARA COSTURAR), N O ACONDICIONADOS PARA VENDA A RETALHO, INCLUINDO OS MONOFILAMENTOS SINT TICOS DE T TULO INFERIOR A 67 DECITEX.
54021;- FIOS DE ALTA TENACIDADE, DE N ILON OU DE OUTRAS POLIAMIDAS, MESMO TEXTURIZADOS:
54021100;-- DE ARAMIDAS
540219;-- OUTROS
54021910;DE N ILON
54021990;OUTROS
540220;- FIOS DE ALTA TENACIDADE, DE POLI STERES, MESMO TEXTURIZADOS
54022010;DE COPOL MERO DE  CIDO P-HIDROXIBENZOICO E  CIDO HIDROXINAFTOICO
54022090;OUTROS
54023;- FIOS TEXTURIZADOS:
540231;-- DE N ILON OU DE OUTRAS POLIAMIDAS, DE T TULO N O SUPERIOR A 50 TEX POR FIO SIMPLES
5402311;DE N ILON
54023111;TINTOS
54023119;OUTROS
54023190;OUTROS
540232;-- DE N ILON OU DE OUTRAS POLIAMIDAS, DE T TULO SUPERIOR A 50 TEX POR FIO SIMPLES
5402321;DE N ILON
54023211;MULTIFILAMENTO COM EFEITO ANTIEST TICO PERMANENTE, DE T TULO SUPERIOR A 110 TEX
54023219;OUTROS
54023290;OUTROS
540233;-- DE POLI STERES
54023310;CRUS
54023320;TINTOS
54023390;OUTROS
54023400;-- DE POLIPROPILENO
54023900;-- OUTROS
54024;- OUTROS FIOS, SIMPLES, SEM TOR  O OU COM TOR  O N O SUPERIOR A 50 VOLTAS POR METRO:
54024400;-- DE ELAST MEROS
540245;-- OUTROS, DE N ILON OU DE OUTRAS POLIAMIDAS
54024510;DE ARAMIDAS
54024520;DE N ILON
54024590;OUTROS
54024600;-- OUTROS, DE POLI STERES, PARCIALMENTE ORIENTADOS
540247;-- OUTROS, DE POLI STERES
54024710;CRUS
54024720;TINTOS
54024790;OUTROS
54024800;-- OUTROS, DE POLIPROPILENO
540249;-- OUTROS
54024910;DE POLIETILENO, COM TENACIDADE IGUAL OU SUPERIOR A 26 CN/TEX
54024990;OUTROS
54025;- OUTROS FIOS, SIMPLES, COM TOR  O SUPERIOR A 50 VOLTAS POR METRO:
540251;-- DE N ILON OU DE OUTRAS POLIAMIDAS
54025110;DE ARAMIDAS
54025190;OUTROS
54025200;-- DE POLI STERES
54025300;-- DE POLIPROPILENO
54025900;-- OUTROS
54026;- OUTROS FIOS, RETORCIDOS OU RETORCIDOS M LTIPLOS:
540261;-- DE N ILON OU DE OUTRAS POLIAMIDAS
54026110;DE ARAMIDAS
54026190;OUTROS
54026200;-- DE POLI STERES
54026300;-- DE POLIPROPILENO
54026900;-- OUTROS
5403;FIOS DE FILAMENTOS ARTIFICIAIS (EXCETO LINHAS PARA COSTURAR), N O ACONDICIONADOS PARA VENDA A RETALHO, INCLUINDO OS MONOFILAMENTOS ARTIFICIAIS DE T TULO INFERIOR A 67 DECITEX.
54031000;- FIOS DE ALTA TENACIDADE, DE RAIOM VISCOSE
54033;- OUTROS FIOS, SIMPLES:
540331;-- DE RAIOM VISCOSE, SEM TOR  O OU COM TOR  O N O SUPERIOR A 120 VOLTAS POR METRO
54033110;CRUS OU BRANQUEADOS
54033190;OUTROS
54033200;-- DE RAIOM VISCOSE, COM TOR  O SUPERIOR A 120 VOLTAS POR METRO
54033300;-- DE ACETATO DE CELULOSE
54033900;-- OUTROS
54034;- OUTROS FIOS, RETORCIDOS OU RETORCIDOS M LTIPLOS:
54034100;-- DE RAIOM VISCOSE
54034200;-- DE ACETATO DE CELULOSE
54034900;-- OUTROS
5404;"MONOFILAMENTOS SINT TICOS, DE T TULO IGUAL OU SUPERIOR A 67 DECITEX E CUJA MAIOR DIMENS O DA SE  O TRANSVERSAL N O SEJA SUPERIOR A 1 MM; L MINAS E FORMAS SEMELHANTES (PALHA ARTIFICIAL, POR EXEMPLO) DE MAT RIAS T XTEIS SINT TICAS, CUJA LARGURA APARENTE N O SEJA SUPERIOR A 5 MM."
54041;- MONOFILAMENTOS:
54041100;-- DE ELAST MEROS
54041200;-- OUTROS, DE POLIPROPILENO
540419;-- OUTROS
5404191;IMITA  ES DE CATEGUTE
54041911;REABSORV VEIS
54041919;OUTROS
54041990;OUTROS
54049000;- OUTRAS
54050000;"MONOFILAMENTOS ARTIFICIAIS, DE T TULO IGUAL OU SUPERIOR A 67 DECITEX E CUJA MAIOR DIMENS O DA SE  O TRANSVERSAL N O SEJA SUPERIOR A 1 MM; L MINAS E FORMAS SEMELHANTES (PALHA ARTIFICIAL, POR EXEMPLO) DE MAT RIAS T XTEIS ARTIFICIAIS, CUJA LARGURA APARENTE N O SEJA SUPERIOR A 5 MM."
540600;FIOS DE FILAMENTOS SINT TICOS OU ARTIFICIAIS (EXCETO LINHAS PARA COSTURAR), ACONDICIONADOS PARA VENDA A RETALHO.
54060010;FIOS DE FILAMENTOS SINT TICOS
54060020;FIOS DE FILAMENTOS ARTIFICIAIS
5407;TECIDOS DE FIOS DE FILAMENTOS SINT TICOS, INCLUINDO OS TECIDOS OBTIDOS A PARTIR DOS PRODUTOS DA POSI  O 54.04.
540710;- TECIDOS OBTIDOS A PARTIR DE FIOS DE ALTA TENACIDADE, DE N ILON OU DE OUTRAS POLIAMIDAS OU DE POLI STERES
5407101;SEM FIOS DE BORRACHA
54071011;DE ARAMIDAS
54071019;OUTROS
5407102;COM FIOS DE BORRACHA
54071021;DE ARAMIDAS
54071029;OUTROS
54072000;- TECIDOS OBTIDOS A PARTIR DE L MINAS OU DE FORMAS SEMELHANTES
54073000;"- ""TECIDOS"" MENCIONADOS NA NOTA 9 DA SE  O XI"
54074;- OUTROS TECIDOS, QUE CONTENHAM PELO MENOS 85 %, EM PESO, DE FILAMENTOS DE N ILON OU DE OUTRAS POLIAMIDAS:
54074100;-- CRUS OU BRANQUEADOS
54074200;-- TINTOS
54074300;-- DE FIOS DE DIVERSAS CORES
54074400;-- ESTAMPADOS
54075;- OUTROS TECIDOS, QUE CONTENHAM PELO MENOS 85 %, EM PESO, DE FILAMENTOS DE POLI STER TEXTURIZADOS:
54075100;-- CRUS OU BRANQUEADOS
540752;-- TINTOS
54075210;SEM FIOS DE BORRACHA
54075220;COM FIOS DE BORRACHA
54075300;-- DE FIOS DE DIVERSAS CORES
54075400;-- ESTAMPADOS
54076;- OUTROS TECIDOS, QUE CONTENHAM PELO MENOS 85 %, EM PESO, DE FILAMENTOS DE POLI STER:
54076100;-- QUE CONTENHAM PELO MENOS 85 %, EM PESO, DE FILAMENTOS DE POLI STER N O TEXTURIZADOS
54076900;-- OUTROS
54077;- OUTROS TECIDOS, QUE CONTENHAM PELO MENOS 85 %, EM PESO, DE FILAMENTOS SINT TICOS:
54077100;-- CRUS OU BRANQUEADOS
54077200;-- TINTOS
54077300;-- DE FIOS DE DIVERSAS CORES
54077400;-- ESTAMPADOS
54078;- OUTROS TECIDOS, QUE CONTENHAM MENOS DE 85 %, EM PESO, DE FILAMENTOS SINT TICOS, COMBINADOS, PRINCIPAL OU UNICAMENTE, COM ALGOD O:
54078100;-- CRUS OU BRANQUEADOS
54078200;-- TINTOS
54078300;-- DE FIOS DE DIVERSAS CORES
54078400;-- ESTAMPADOS
54079;- OUTROS TECIDOS:
54079100;-- CRUS OU BRANQUEADOS
54079200;-- TINTOS
54079300;-- DE FIOS DE DIVERSAS CORES
54079400;-- ESTAMPADOS
5408;TECIDOS DE FIOS DE FILAMENTOS ARTIFICIAIS, INCLUINDO OS TECIDOS OBTIDOS A PARTIR DOS PRODUTOS DA POSI  O 54.05.
54081000;- TECIDOS OBTIDOS A PARTIR DE FIOS DE ALTA TENACIDADE, DE RAIOM VISCOSE
54082;- OUTROS TECIDOS, QUE CONTENHAM PELO MENOS 85 %, EM PESO, DE FILAMENTOS OU DE L MINAS OU FORMAS SEMELHANTES, ARTIFICIAIS:
54082100;-- CRUS OU BRANQUEADOS
54082200;-- TINTOS
54082300;-- DE FIOS DE DIVERSAS CORES
54082400;-- ESTAMPADOS
54083;- OUTROS TECIDOS:
54083100;-- CRUS OU BRANQUEADOS
54083200;-- TINTOS
54083300;-- DE FIOS DE DIVERSAS CORES
54083400;-- ESTAMPADOS
55;FIBRAS SINT TICAS OU ARTIFICIAIS, DESCONT NUAS.
5501;CABOS DE FILAMENTOS SINT TICOS.
55011;- DE N ILON OU DE OUTRAS POLIAMIDAS:
55011100;-- DE ARAMIDAS
55011900;-- OUTROS
55012000;- DE POLI STERES
55013000;- ACR LICOS OU MODACR LICOS
55014000;- DE POLIPROPILENO
55019000;- OUTROS
5502;CABOS DE FILAMENTOS ARTIFICIAIS.
55021000;- DE ACETATO DE CELULOSE
550290;- OUTROS
55029010;DE RAIOM VISCOSE
55029090;OUTROS
5503;FIBRAS SINT TICAS DESCONT NUAS, N O CARDADAS, N O PENTEADAS NEM TRANSFORMADAS DE OUTRO MODO PARA FIA  O.
55031;- DE N ILON OU DE OUTRAS POLIAMIDAS:
55031100;-- DE ARAMIDAS
550319;-- OUTRAS
55031910;BICOMPONENTES, DE DIFERENTES PONTOS DE FUS O
55031990;OUTRAS
550320;- DE POLI STERES
55032010;BICOMPONENTES, DE DIFERENTES PONTOS DE FUS O
55032090;OUTRAS
55033000;- ACR LICAS OU MODACR LICAS
55034000;- DE POLIPROPILENO
550390;- OUTRAS
55039010;BICOMPONENTES, DE DIFERENTES PONTOS DE FUS O
55039020;DE POLI( LCOOL VIN LICO)
55039090;OUTRAS
5504;FIBRAS ARTIFICIAIS DESCONT NUAS, N O CARDADAS, N O PENTEADAS NEM TRANSFORMADAS DE OUTRO MODO PARA FIA  O.
55041000;- DE RAIOM VISCOSE
550490;- OUTRAS
55049010;DE LIOCEL
55049090;OUTRAS
5505;DESPERD CIOS DE FIBRAS SINT TICAS OU ARTIFICIAIS (INCLUINDO OS DESPERD CIOS DA PENTEA  O, OS DE FIOS E OS FIAPOS).
55051000;- DE FIBRAS SINT TICAS
55052000;- DE FIBRAS ARTIFICIAIS
5506;FIBRAS SINT TICAS DESCONT NUAS, CARDADAS, PENTEADAS OU TRANSFORMADAS DE OUTRO MODO PARA FIA  O.
55061000;- DE N ILON OU DE OUTRAS POLIAMIDAS
55062000;- DE POLI STERES
55063000;- ACR LICAS OU MODACR LICAS
55064000;- DE POLIPROPILENO
55069000;- OUTRAS
55070000;FIBRAS ARTIFICIAIS DESCONT NUAS, CARDADAS, PENTEADAS OU TRANSFORMADAS DE OUTRO MODO PARA FIA  O.
5508;LINHAS PARA COSTURAR, DE FIBRAS SINT TICAS OU ARTIFICIAIS DESCONT NUAS, MESMO ACONDICIONADAS PARA VENDA A RETALHO.
55081000;- DE FIBRAS SINT TICAS DESCONT NUAS
55082000;- DE FIBRAS ARTIFICIAIS DESCONT NUAS
5509;FIOS DE FIBRAS SINT TICAS DESCONT NUAS (EXCETO LINHAS PARA COSTURAR), N O ACONDICIONADOS PARA VENDA A RETALHO.
55091;- QUE CONTENHAM PELO MENOS 85 %, EM PESO, DE FIBRAS DESCONT NUAS DE N ILON OU DE OUTRAS POLIAMIDAS:
55091100;-- SIMPLES
550912;-- RETORCIDOS OU RETORCIDOS M LTIPLOS
55091210;DE ARAMIDAS
55091290;OUTROS
55092;- QUE CONTENHAM PELO MENOS 85 %, EM PESO, DE FIBRAS DESCONT NUAS DE POLI STER:
55092100;-- SIMPLES
55092200;-- RETORCIDOS OU RETORCIDOS M LTIPLOS
55093;- QUE CONTENHAM PELO MENOS 85 %, EM PESO, DE FIBRAS DESCONT NUAS ACR LICAS OU MODACR LICAS:
55093100;-- SIMPLES
55093200;-- RETORCIDOS OU RETORCIDOS M LTIPLOS
55094;- OUTROS FIOS, QUE CONTENHAM PELO MENOS 85 %, EM PESO, DE FIBRAS SINT TICAS DESCONT NUAS:
55094100;-- SIMPLES
55094200;-- RETORCIDOS OU RETORCIDOS M LTIPLOS
55095;- OUTROS FIOS DE FIBRAS DESCONT NUAS DE POLI STER:
55095100;-- COMBINADAS, PRINCIPAL OU UNICAMENTE, COM FIBRAS ARTIFICIAIS DESCONT NUAS
55095200;-- COMBINADAS, PRINCIPAL OU UNICAMENTE, COM L  OU PELOS FINOS
55095300;-- COMBINADAS, PRINCIPAL OU UNICAMENTE, COM ALGOD O
55095900;-- OUTROS
55096;- OUTROS FIOS DE FIBRAS DESCONT NUAS ACR LICAS OU MODACR LICAS:
55096100;-- COMBINADAS, PRINCIPAL OU UNICAMENTE, COM L  OU PELOS FINOS
55096200;-- COMBINADAS, PRINCIPAL OU UNICAMENTE, COM ALGOD O
55096900;-- OUTROS
55099;- OUTROS FIOS:
55099100;-- COMBINADOS, PRINCIPAL OU UNICAMENTE, COM L  OU PELOS FINOS
55099200;-- COMBINADOS, PRINCIPAL OU UNICAMENTE, COM ALGOD O
55099900;-- OUTROS
5510;FIOS DE FIBRAS ARTIFICIAIS DESCONT NUAS (EXCETO LINHAS PARA COSTURAR), N O ACONDICIONADOS PARA VENDA A RETALHO.
55101;- QUE CONTENHAM PELO MENOS 85 %, EM PESO, DE FIBRAS ARTIFICIAIS DESCONT NUAS:
551011;-- SIMPLES
5510111;OBTIDOS A PARTIR DE FIBRAS DE CELULOSE
55101111;DE RAIOM VISCOSE, EXCETO MODAL
55101112;DE MODAL
55101113;DE LIOCEL
55101119;OUTROS
55101190;OUTROS
551012;-- RETORCIDOS OU RETORCIDOS M LTIPLOS
5510121;OBTIDOS A PARTIR DE FIBRAS DE CELULOSE
55101211;DE RAIOM VISCOSE, EXCETO MODAL
55101212;DE MODAL
55101213;DE LIOCEL
55101219;OUTROS
55101290;OUTROS
551020;- OUTROS FIOS, COMBINADOS, PRINCIPAL OU UNICAMENTE, COM L  OU PELOS FINOS
5510201;OBTIDOS A PARTIR DE FIBRAS DE CELULOSE
55102011;DE RAIOM VISCOSE, EXCETO MODAL
55102012;DE MODAL
55102013;DE LIOCEL
55102019;OUTROS
55102090;OUTROS
551030;- OUTROS FIOS, COMBINADOS, PRINCIPAL OU UNICAMENTE, COM ALGOD O
5510301;OBTIDOS A PARTIR DE FIBRAS DE CELULOSE
55103011;DE RAIOM VISCOSE, EXCETO MODAL
55103012;DE MODAL
55103013;DE LIOCEL
55103019;OUTROS
55103090;OUTROS
551090;- OUTROS FIOS
5510901;OBTIDOS A PARTIR DE FIBRAS DE CELULOSE
55109011;DE RAIOM VISCOSE, EXCETO MODAL
55109012;DE MODAL
55109013;DE LIOCEL
55109019;OUTROS
55109090;OUTROS
5511;FIOS DE FIBRAS SINT TICAS OU ARTIFICIAIS, DESCONT NUAS (EXCETO LINHAS PARA COSTURAR), ACONDICIONADOS PARA VENDA A RETALHO.
55111000;- DE FIBRAS SINT TICAS DESCONT NUAS, QUE CONTENHAM PELO MENOS 85 %, EM PESO, DESTAS FIBRAS
55112000;- DE FIBRAS SINT TICAS DESCONT NUAS, QUE CONTENHAM MENOS DE 85 %, EM PESO, DESTAS FIBRAS
55113000;- DE FIBRAS ARTIFICIAIS DESCONT NUAS
5512;TECIDOS DE FIBRAS SINT TICAS DESCONT NUAS, QUE CONTENHAM PELO MENOS 85 %, EM PESO, DESTAS FIBRAS.
55121;- QUE CONTENHAM PELO MENOS 85 %, EM PESO, DE FIBRAS DESCONT NUAS DE POLI STER:
55121100;-- CRUS OU BRANQUEADOS
55121900;-- OUTROS
55122;- QUE CONTENHAM PELO MENOS 85 %, EM PESO, DE FIBRAS DESCONT NUAS ACR LICAS OU MODACR LICAS:
55122100;-- CRUS OU BRANQUEADOS
55122900;-- OUTROS
55129;- OUTROS:
551291;-- CRUS OU BRANQUEADOS
55129110;DE ARAMIDAS
55129190;OUTROS
551299;-- OUTROS
55129910;DE ARAMIDAS
55129990;OUTROS
5513;TECIDOS DE FIBRAS SINT TICAS DESCONT NUAS, QUE CONTENHAM MENOS DE 85 %, EM PESO, DESTAS FIBRAS, COMBINADOS, PRINCIPAL OU UNICAMENTE, COM ALGOD O, DE PESO N O SUPERIOR A 170 G/M2.
55131;- CRUS OU BRANQUEADOS:
55131100;-- DE FIBRAS DESCONT NUAS DE POLI STER, EM PONTO DE TAFET
55131200;-- DE FIBRAS DESCONT NUAS DE POLI STER, EM PONTO SARJADO, INCLUINDO O DIAGONAL, CUJA RELA  O DE TEXTURA N O SEJA SUPERIOR A 4
55131300;-- OUTROS TECIDOS DE FIBRAS DESCONT NUAS DE POLI STER
55131900;-- OUTROS TECIDOS
55132;- TINTOS:
55132100;-- DE FIBRAS DESCONT NUAS DE POLI STER, EM PONTO DE TAFET
551323;-- OUTROS TECIDOS DE FIBRAS DESCONT NUAS DE POLI STER
55132310;EM PONTO SARJADO, INCLUINDO O DIAGONAL, CUJA RELA  O DE TEXTURA N O SEJA SUPERIOR A 4
55132390;OUTROS
55132900;-- OUTROS TECIDOS
55133;- DE FIOS DE DIVERSAS CORES:
55133100;-- DE FIBRAS DESCONT NUAS DE POLI STER, EM PONTO DE TAFET
551339;-- OUTROS TECIDOS
5513391;DE FIBRAS DESCONT NUAS DE POLI STER
55133911;EM PONTO SARJADO, INCLUINDO O DIAGONAL, CUJA RELA  O DE TEXTURA N O SEJA SUPERIOR A 4
55133919;OUTROS
55133990;OUTROS
55134;- ESTAMPADOS:
55134100;-- DE FIBRAS DESCONT NUAS DE POLI STER, EM PONTO DE TAFET
551349;-- OUTROS TECIDOS
5513491;DE FIBRAS DESCONT NUAS DE POLI STER
55134911;EM PONTO SARJADO, INCLUINDO O DIAGONAL, CUJA RELA  O DE TEXTURA N O SEJA SUPERIOR A 4
55134919;OUTROS
55134990;OUTROS
5514;TECIDOS DE FIBRAS SINT TICAS DESCONT NUAS, QUE CONTENHAM MENOS DE 85 %, EM PESO, DESTAS FIBRAS, COMBINADOS, PRINCIPAL OU UNICAMENTE, COM ALGOD O, DE PESO SUPERIOR A 170 G/M2.
55141;- CRUS OU BRANQUEADOS:
55141100;-- DE FIBRAS DESCONT NUAS DE POLI STER, EM PONTO DE TAFET
55141200;-- DE FIBRAS DESCONT NUAS DE POLI STER, EM PONTO SARJADO, INCLUINDO O DIAGONAL, CUJA RELA  O DE TEXTURA N O SEJA SUPERIOR A 4
551419;-- OUTROS TECIDOS
55141910;DE FIBRAS DESCONT NUAS DE POLI STER
55141990;OUTROS
55142;- TINTOS:
55142100;-- DE FIBRAS DESCONT NUAS DE POLI STER, EM PONTO DE TAFET
55142200;-- DE FIBRAS DESCONT NUAS DE POLI STER, EM PONTO SARJADO, INCLUINDO O DIAGONAL, CUJA RELA  O DE TEXTURA N O SEJA SUPERIOR A 4
55142300;-- OUTROS TECIDOS DE FIBRAS DESCONT NUAS DE POLI STER
55142900;-- OUTROS TECIDOS
551430;- DE FIOS DE DIVERSAS CORES
5514301;DE FIBRAS DESCONT NUAS DE POLI STER
55143011;EM PONTO DE TAFET
55143012;EM PONTO SARJADO, INCLUINDO O DIAGONAL, CUJA RELA  O DE TEXTURA N O SEJA SUPERIOR A 4
55143019;OUTROS
55143090;OUTROS
55144;- ESTAMPADOS:
55144100;-- DE FIBRAS DESCONT NUAS DE POLI STER, EM PONTO DE TAFET
55144200;-- DE FIBRAS DESCONT NUAS DE POLI STER, EM PONTO SARJADO, INCLUINDO O DIAGONAL, CUJA RELA  O DE TEXTURA N O SEJA SUPERIOR A 4
55144300;-- OUTROS TECIDOS DE FIBRAS DESCONT NUAS DE POLI STER
55144900;-- OUTROS TECIDOS
5515;OUTROS TECIDOS DE FIBRAS SINT TICAS DESCONT NUAS.
55151;- DE FIBRAS DESCONT NUAS DE POLI STER:
55151100;-- COMBINADAS, PRINCIPAL OU UNICAMENTE, COM FIBRAS DESCONT NUAS DE RAIOM VISCOSE
55151200;-- COMBINADAS, PRINCIPAL OU UNICAMENTE, COM FILAMENTOS SINT TICOS OU ARTIFICIAIS
55151300;-- COMBINADAS, PRINCIPAL OU UNICAMENTE, COM L  OU PELOS FINOS
55151900;-- OUTROS
55152;- DE FIBRAS DESCONT NUAS ACR LICAS OU MODACR LICAS:
55152100;-- COMBINADAS, PRINCIPAL OU UNICAMENTE, COM FILAMENTOS SINT TICOS OU ARTIFICIAIS
55152200;-- COMBINADAS, PRINCIPAL OU UNICAMENTE, COM L  OU PELOS FINOS
55152900;-- OUTROS
55159;- OUTROS TECIDOS:
55159100;-- COMBINADOS, PRINCIPAL OU UNICAMENTE, COM FILAMENTOS SINT TICOS OU ARTIFICIAIS
551599;-- OUTROS
55159910;COMBINADOS, PRINCIPAL OU UNICAMENTE, COM L  OU PELOS FINOS
55159990;OUTROS
5516;TECIDOS DE FIBRAS ARTIFICIAIS DESCONT NUAS.
55161;- QUE CONTENHAM PELO MENOS 85 %, EM PESO, DE FIBRAS ARTIFICIAIS DESCONT NUAS:
55161100;-- CRUS OU BRANQUEADOS
55161200;-- TINTOS
55161300;-- DE FIOS DE DIVERSAS CORES
55161400;-- ESTAMPADOS
55162;- QUE CONTENHAM MENOS DE 85 %, EM PESO, DE FIBRAS ARTIFICIAIS DESCONT NUAS, COMBINADAS, PRINCIPAL OU UNICAMENTE, COM FILAMENTOS SINT TICOS OU ARTIFICIAIS:
55162100;-- CRUS OU BRANQUEADOS
55162200;-- TINTOS
55162300;-- DE FIOS DE DIVERSAS CORES
55162400;-- ESTAMPADOS
55163;- QUE CONTENHAM MENOS DE 85 %, EM PESO, DE FIBRAS ARTIFICIAIS DESCONT NUAS, COMBINADAS, PRINCIPAL OU UNICAMENTE, COM L  OU PELOS FINOS:
55163100;-- CRUS OU BRANQUEADOS
55163200;-- TINTOS
55163300;-- DE FIOS DE DIVERSAS CORES
55163400;-- ESTAMPADOS
55164;- QUE CONTENHAM MENOS DE 85 %, EM PESO, DE FIBRAS ARTIFICIAIS DESCONT NUAS, COMBINADAS, PRINCIPAL OU UNICAMENTE, COM ALGOD O:
55164100;-- CRUS OU BRANQUEADOS
55164200;-- TINTOS
55164300;-- DE FIOS DE DIVERSAS CORES
55164400;-- ESTAMPADOS
55169;- OUTROS:
55169100;-- CRUS OU BRANQUEADOS
55169200;-- TINTOS
55169300;-- DE FIOS DE DIVERSAS CORES
55169400;-- ESTAMPADOS
56;"PASTAS (OUATES), FELTROS E FALSOS TECIDOS (TECIDOS N O TECIDOS); FIOS ESPECIAIS; CORD IS, CORDAS E CABOS; ARTIGOS DE CORDOARIA."
5601;"PASTAS (OUATES) DE MAT RIAS T XTEIS E ARTIGOS DESTAS PASTAS (OUATES); FIBRAS T XTEIS DE COMPRIMENTO N O SUPERIOR A 5 MM (TONTISSES), N S E BOLOTAS (BORBOTOS*) DE MAT RIAS T XTEIS."
56012;- PASTAS (OUATES) DE MAT RIAS T XTEIS E ARTIGOS DESTAS PASTAS (OUATES):
560121;-- DE ALGOD O
56012110;PASTAS (OUATES)
56012190;OUTROS ARTIGOS DE PASTAS (OUATES)
560122;-- DE FIBRAS SINT TICAS OU ARTIFICIAIS
5601221;PASTAS (OUATES)
56012211;DE ARAMIDAS
56012219;OUTRAS
5601229;OUTROS ARTIGOS DE PASTAS ( OUATES)
56012291;CILINDROS PARA FILTROS DE CIGARROS
56012299;OUTROS
56012900;-- OUTROS
560130;- TONTISSES, N S E BOLOTAS (BORBOTOS*) DE MAT RIAS T XTEIS
56013010;DE ARAMIDAS
56013090;OUTROS
5602;FELTROS, MESMO IMPREGNADOS, REVESTIDOS, RECOBERTOS OU ESTRATIFICADOS.
56021000;- FELTROS AGULHADOS E ARTIGOS OBTIDOS POR COSTURA POR ENTRELA AMENTO (COUSUS-TRICOT S)
56022;- OUTROS FELTROS, N O IMPREGNADOS, NEM REVESTIDOS, NEM RECOBERTOS, NEM ESTRATIFICADOS:
56022100;-- DE L  OU DE PELOS FINOS
56022900;-- DE OUTRAS MAT RIAS T XTEIS
56029000;- OUTROS
5603;FALSOS TECIDOS (TECIDOS N O TECIDOS), MESMO IMPREGNADOS, REVESTIDOS, RECOBERTOS OU ESTRATIFICADOS.
56031;- DE FILAMENTOS SINT TICOS OU ARTIFICIAIS:
560311;-- DE PESO N O SUPERIOR A 25 G/M2
56031110;DE ARAMIDAS
56031120;DE POLI STER
56031130;DE POLIPROPILENO
56031140;DE RAIOM VISCOSE
56031190;OUTROS
560312;-- DE PESO SUPERIOR A 25 G/M2, MAS N O SUPERIOR A 70 G/M2
56031210;DE POLIETILENO DE ALTA DENSIDADE
56031220;DE ARAMIDAS
56031230;DE POLI STER
56031240;DE POLIPROPILENO
56031250;DE RAIOM VISCOSE
56031290;OUTROS
560313;-- DE PESO SUPERIOR A 70 G/M2, MAS N O SUPERIOR A 150 G/M2
56031310;DE POLIETILENO DE ALTA DENSIDADE
56031320;DE ARAMIDAS
56031330;DE POLI STER
56031340;DE POLIPROPILENO
56031350;DE RAIOM VISCOSE
56031390;OUTROS
560314;-- DE PESO SUPERIOR A 150 G/M2
56031410;DE ARAMIDAS
56031420;DE POLI STER
56031430;DE POLIPROPILENO
56031440;DE RAIOM VISCOSE
56031490;OUTROS
56039;- OUTROS:
560391;-- DE PESO N O SUPERIOR A 25 G/M2
56039110;DE POLI STER
56039120;DE POLIPROPILENO
56039130;DE RAIOM VISCOSE
56039190;OUTROS
560392;-- DE PESO SUPERIOR A 25 G/M2, MAS N O SUPERIOR A 70 G/M2
56039210;DE POLIETILENO DE ALTA DENSIDADE
56039220;DE POLI STER
56039230;DE POLIPROPILENO
56039240;DE RAIOM VISCOSE
56039290;OUTROS
560393;-- DE PESO SUPERIOR A 70 G/M2, MAS N O SUPERIOR A 150 G/M2
56039310;DE POLIETILENO DE ALTA DENSIDADE
56039320;DE POLI STER
56039330;DE POLIPROPILENO
56039340;DE RAIOM VISCOSE
56039390;OUTROS
560394;-- DE PESO SUPERIOR A 150 G/M2
56039410;DE POLI STER
56039420;DE POLIPROPILENO
56039430;DE RAIOM VISCOSE
56039490;OUTROS
5604;"FIOS E CORDAS, DE BORRACHA, RECOBERTOS DE T XTEIS; FIOS T XTEIS, L MINAS E FORMAS SEMELHANTES DAS POSI  ES 54.04 OU 54.05, IMPREGNADOS, REVESTIDOS, RECOBERTOS OU EMBAINHADOS DE BORRACHA OU DE PL STICO."
56041000;- FIOS E CORDAS, DE BORRACHA, RECOBERTOS DE T XTEIS
560490;- OUTROS
56049010;IMITA  ES DE CATEGUTE CONSTITU DAS POR FIOS DE SEDA
5604902;FIOS DE ALTA TENACIDADE, DE POLI STERES, N ILON OU DE OUTRAS POLIAMIDAS, OU DE RAIOM VISCOSE, IMPREGNADOS OU REVESTIDOS
56049021;COM BORRACHA
56049022;COM PL STICO
56049090;OUTROS
560500;FIOS MET LICOS E FIOS METALIZADOS, MESMO REVESTIDOS POR ENROLAMENTO, CONSTITU DOS POR FIOS T XTEIS, L MINAS OU FORMAS SEMELHANTES DAS POSI  ES 54.04 OU 54.05, COMBINADOS COM METAL SOB A FORMA DE FIOS, DE L MINAS OU DE P S, OU RECOBERTOS DE METAL.
56050010;COM METAIS PRECIOSOS
56050020;REVESTIDOS POR ENROLAMENTO, EXCETO COM METAIS PRECIOSOS
56050090;OUTROS
56060000;"FIOS REVESTIDOS POR ENROLAMENTO, L MINAS E FORMAS SEMELHANTES DAS POSI  ES 54.04 OU 54.05, REVESTIDAS POR ENROLAMENTO, EXCETO OS DA POSI  O 56.05 E OS FIOS DE CRINA REVESTIDOS POR ENROLAMENTO; FIOS DE FROCO (CHENILLE); FIOS DENOMINADOS ""DE CADEIA"" (CHA NETTE)."
5607;CORD IS, CORDAS E CABOS, ENTRAN ADOS OU N O, MESMO IMPREGNADOS, REVESTIDOS, RECOBERTOS OU EMBAINHADOS DE BORRACHA OU DE PL STICO.
56072;- DE SISAL OU DE OUTRAS FIBRAS T XTEIS DO G NERO AGAVE:
56072100;-- CORD IS PARA ATADEIRAS OU ENFARDADEIRAS
56072900;-- OUTROS
56074;- DE POLIETILENO OU DE POLIPROPILENO:
56074100;-- CORD IS PARA ATADEIRAS OU ENFARDADEIRAS
56074900;-- OUTROS
560750;- DE OUTRAS FIBRAS SINT TICAS
5607501;DE POLIAMIDAS
56075011;DE N ILON
56075019;OUTROS
56075090;OUTROS
560790;- OUTROS
56079010;DE ALGOD O
56079020;DE JUTA, INFERIOR AO N MERO M TRICO 0,75 POR FIO SIMPLES
56079090;OUTROS
5608;"REDES DE MALHAS COM N S, EM PANOS OU EM PE A, OBTIDAS A PARTIR DE CORD IS, CORDAS OU CABOS; REDES CONFECCIONADAS PARA A PESCA E OUTRAS REDES CONFECCIONADAS, DE MAT RIAS T XTEIS."
56081;- DE MAT RIAS T XTEIS SINT TICAS OU ARTIFICIAIS:
56081100;-- REDES CONFECCIONADAS PARA A PESCA
56081900;-- OUTRAS
56089000;- OUTRAS
560900;ARTIGOS DE FIOS, L MINAS OU FORMAS SEMELHANTES DAS POSI  ES 54.04 OU 54.05, CORD IS, CORDAS OU CABOS, N O ESPECIFICADOS NEM COMPREENDIDOS NOUTRAS POSI  ES.
56090010;DE ALGOD O
56090090;OUTROS
57;TAPETES E OUTROS REVESTIMENTOS PARA PISOS (PAVIMENTOS), DE MAT RIAS T XTEIS.
5701;TAPETES DE MAT RIAS T XTEIS, DE PONTOS NODADOS OU ENROLADOS, MESMO CONFECCIONADOS.
570110;- DE L  OU DE PELOS FINOS
5701101;DE L
57011011;FEITOS   M O
57011012;FEITOS A M QUINA
57011020;DE PELOS FINOS
57019000;- DE OUTRAS MAT RIAS T XTEIS
5702;TAPETES E OUTROS REVESTIMENTOS PARA PISOS (PAVIMENTOS), DE MAT RIAS T XTEIS, TECIDOS, N O TUFADOS NEM FLOCADOS, MESMO CONFECCIONADOS, INCLUINDO OS TAPETES DENOMINADOS KELIM OU KILIM, SCHUMACKS OU SOUMAK, KARAMANIE E TAPETES SEMELHANTES TECIDOS   M O.
57021000;- TAPETES DENOMINADOS KELIM OU KILIM, SCHUMACKS OU SOUMAK, KARAMANIE E TAPETES SEMELHANTES TECIDOS   M O
57022000;- REVESTIMENTOS PARA PISOS (PAVIMENTOS), DE CAIRO (FIBRA DE COCO)
57023;- OUTROS, AVELUDADOS, N O CONFECCIONADOS:
57023100;-- DE L  OU DE PELOS FINOS
57023200;-- DE MAT RIAS T XTEIS SINT TICAS OU ARTIFICIAIS
57023900;-- DE OUTRAS MAT RIAS T XTEIS
57024;- OUTROS, AVELUDADOS, CONFECCIONADOS:
57024100;-- DE L  OU DE PELOS FINOS
57024200;-- DE MAT RIAS T XTEIS SINT TICAS OU ARTIFICIAIS
57024900;-- DE OUTRAS MAT RIAS T XTEIS
570250;- OUTROS, N O AVELUDADOS, N O CONFECCIONADOS
57025010;DE L  OU DE PELOS FINOS
57025020;DE MAT RIAS T XTEIS SINT TICAS OU ARTIFICIAIS
57025090;OUTROS
57029;- OUTROS, N O AVELUDADOS, CONFECCIONADOS:
57029100;-- DE L  OU DE PELOS FINOS
57029200;-- DE MAT RIAS T XTEIS SINT TICAS OU ARTIFICIAIS
57029900;-- DE OUTRAS MAT RIAS T XTEIS
5703;TAPETES E OUTROS REVESTIMENTOS PARA PISOS (PAVIMENTOS), DE MAT RIAS T XTEIS (INCLUINDO A GRAMA (RELVA)), TUFADOS, MESMO CONFECCIONADOS.
57031000;- DE L  OU DE PELOS FINOS
57032;- DE N ILON OU DE OUTRAS POLIAMIDAS:
57032100;-- GRAMA (RELVA)
57032900;-- OUTROS
57033;- DE OUTRAS MAT RIAS T XTEIS SINT TICAS OU DE MAT RIAS T XTEIS ARTIFICIAIS:
57033100;-- GRAMA (RELVA)
57033900;-- OUTROS
57039000;- DE OUTRAS MAT RIAS T XTEIS
5704;TAPETES E OUTROS REVESTIMENTOS PARA PISOS (PAVIMENTOS), DE FELTRO, EXCETO OS TUFADOS E OS FLOCADOS, MESMO CONFECCIONADOS.
57041000;"- ""LADRILHOS"" DE  REA DA SUPERF CIE N O SUPERIOR A 0,3 M2"
57042000;"- ""LADRILHOS"" DE  REA DA SUPERF CIE SUPERIOR A 0,3 M2, MAS N O SUPERIOR A 1 M2"
57049000;- OUTROS
57050000;OUTROS TAPETES E REVESTIMENTOS PARA PISOS (PAVIMENTOS), DE MAT RIAS T XTEIS, MESMO CONFECCIONADOS.
58;"TECIDOS ESPECIAIS; TECIDOS TUFADOS; RENDAS; TAPE ARIAS; PASSAMANARIAS; BORDADOS."
5801;VELUDOS E PEL CIAS TECIDOS E TECIDOS DE FROCO (CHENILLE), EXCETO OS ARTIGOS DAS POSI  ES 58.02 OU 58.06.
58011000;- DE L  OU DE PELOS FINOS
58012;- DE ALGOD O:
58012100;-- VELUDOS E PEL CIAS OBTIDOS POR TRAMA, N O CORTADOS
58012200;-- VELUDOS E PEL CIAS OBTIDOS POR TRAMA, CORTADOS, CANELADOS (C TEL S)
58012300;-- OUTROS VELUDOS E PEL CIAS OBTIDOS POR TRAMA
58012600;-- TECIDOS DE FROCO (CHENILLE)
58012700;-- VELUDOS E PEL CIAS OBTIDOS POR URDIDURA
58013;- DE FIBRAS SINT TICAS OU ARTIFICIAIS:
58013100;-- VELUDOS E PEL CIAS OBTIDOS POR TRAMA, N O CORTADOS
58013200;-- VELUDOS E PEL CIAS OBTIDOS POR TRAMA, CORTADOS, CANELADOS (C TEL S)
58013300;-- OUTROS VELUDOS E PEL CIAS OBTIDOS POR TRAMA
58013600;-- TECIDOS DE FROCO (CHENILLE)
58013700;-- VELUDOS E PEL CIAS OBTIDOS POR URDIDURA
58019000;- DE OUTRAS MAT RIAS T XTEIS
5802;"TECIDOS ATOALHADOS (TURCOS), EXCETO OS ARTIGOS DA POSI  O 58.06; TECIDOS TUFADOS, EXCETO OS ARTIGOS DA POSI  O 57.03."
58021000;- TECIDOS ATOALHADOS (TURCOS), DE ALGOD O
58022000;- TECIDOS ATOALHADOS (TURCOS), DE OUTRAS MAT RIAS T XTEIS
58023000;- TECIDOS TUFADOS
580300;TECIDOS EM PONTO DE GAZE, EXCETO OS ARTIGOS DA POSI  O 58.06.
58030010;DE ALGOD O
58030090;OUTROS
5804;"TULES, FIL  E TECIDOS DE MALHAS COM N S; RENDAS EM PE A, EM TIRAS OU EM MOTIVOS, PARA APLICAR, EXCETO OS PRODUTOS DAS POSI  ES 60.02 A 60.06."
580410;- TULES, FIL  E TECIDOS DE MALHAS COM N S
58041010;DE ALGOD O
58041090;OUTROS
58042;- RENDAS DE FABRICA  O MEC NICA:
58042100;-- DE FIBRAS SINT TICAS OU ARTIFICIAIS
580429;-- DE OUTRAS MAT RIAS T XTEIS
58042910;DE ALGOD O
58042990;OUTRAS
580430;- RENDAS DE FABRICA  O MANUAL
58043010;DE ALGOD O
58043090;OUTRAS
580500;TAPE ARIAS TECIDAS   M O (G NERO GOBELINO, FLANDRES, AUBUSSON, BEAUVAIS E SEMELHANTES) E TAPE ARIAS FEITAS   AGULHA (POR EXEMPLO, EM PETIT POINT, PONTO DE CRUZ), MESMO CONFECCIONADAS.
58050010;DE ALGOD O
58050020;DE FIBRAS SINT TICAS OU ARTIFICIAIS
58050090;DE OUTRAS MAT RIAS T XTEIS
5806;"FITAS, EXCETO OS ARTIGOS DA POSI  O 58.07; FITAS SEM TRAMA, DE FIOS OU FIBRAS PARALELIZADOS E COLADOS (BOLDUCS)."
58061000;- FITAS DE VELUDO, DE PEL CIAS, DE TECIDOS DE FROCO (CHENILLE) OU DE TECIDOS ATOALHADOS (TURCOS)
58062000;- OUTRAS FITAS QUE CONTENHAM, EM PESO, 5 % OU MAIS DE FIOS DE ELAST MEROS OU DE FIOS DE BORRACHA
58063;- OUTRAS FITAS:
58063100;-- DE ALGOD O
58063200;-- DE FIBRAS SINT TICAS OU ARTIFICIAIS
58063900;-- DE OUTRAS MAT RIAS T XTEIS
58064000;- FITAS SEM TRAMA, DE FIOS OU FIBRAS PARALELIZADOS E COLADOS (BOLDUCS)
5807;ETIQUETAS, EMBLEMAS E ARTIGOS SEMELHANTES DE MAT RIAS T XTEIS, EM PE A, EM FITAS OU RECORTADOS EM FORMA PR PRIA, N O BORDADOS.
58071000;- TECIDOS
58079000;- OUTROS
5808;"TRAN AS EM PE A; ARTIGOS DE PASSAMANARIA E ARTIGOS ORNAMENTAIS AN LOGOS, EM PE A, N O BORDADOS, EXCETO DE MALHA; BORLAS, POMPONS E ARTIGOS SEMELHANTES."
58081000;- TRAN AS EM PE A
58089000;- OUTROS
58090000;TECIDOS DE FIOS DE METAL E TECIDOS DE FIOS MET LICOS OU DE FIOS T XTEIS METALIZADOS DA POSI  O 56.05, DO TIPO UTILIZADO EM VESTU RIO, PARA GUARNI  O DE INTERIORES OU USOS SEMELHANTES, N O ESPECIFICADOS NEM COMPREENDIDOS NOUTRAS POSI  ES.
5810;BORDADOS EM PE A, EM TIRAS OU EM MOTIVOS.
58101000;- BORDADOS QU MICOS OU A REOS E BORDADOS COM FUNDO RECORTADO
58109;- OUTROS BORDADOS:
58109100;-- DE ALGOD O
58109200;-- DE FIBRAS SINT TICAS OU ARTIFICIAIS
58109900;-- DE OUTRAS MAT RIAS T XTEIS
58110000;ARTIGOS T XTEIS ACOLCHOADOS EM PE A, CONSTITU DOS POR UMA OU MAIS CAMADAS DE MAT RIAS T XTEIS ASSOCIADAS A UMA MAT RIA DE ENCHIMENTO OU ESTOFAMENTO, ACOLCHOADOS POR QUALQUER PROCESSO, EXCETO OS BORDADOS DA POSI  O 58.10.
59;"TECIDOS IMPREGNADOS, REVESTIDOS, RECOBERTOS OU ESTRATIFICADOS; ARTIGOS PARA USOS T CNICOS DE MAT RIAS T XTEIS."
5901;"TECIDOS REVESTIDOS DE COLA OU DE MAT RIAS AMIL CEAS, DO TIPO UTILIZADO NA ENCADERNA  O, CARTONAGEM OU USOS SEMELHANTES; TELAS PARA DECALQUE E TELAS TRANSPARENTES PARA DESENHO; TELAS PREPARADAS PARA PINTURA; ENTRETELAS E TECIDOS R GIDOS SEMELHANTES, DO TIPO UTILIZADO EM CHAP US E ARTIGOS DE USO SEMELHANTE."
59011000;- TECIDOS REVESTIDOS DE COLA OU DE MAT RIAS AMIL CEAS, DO TIPO UTILIZADO NA ENCADERNA  O, CARTONAGEM OU USOS SEMELHANTES
59019000;- OUTROS
5902;TELAS PARA PNEUM TICOS FABRICADAS COM FIOS DE ALTA TENACIDADE DE N ILON OU DE OUTRAS POLIAMIDAS, DE POLI STERES OU DE RAIOM VISCOSE.
590210;- DE N ILON OU DE OUTRAS POLIAMIDAS
59021010;IMPREGNADAS, RECOBERTAS OU REVESTIDAS COM BORRACHA
59021090;OUTRAS
59022000;- DE POLI STERES
59029000;- OUTRAS
5903;TECIDOS IMPREGNADOS, REVESTIDOS, RECOBERTOS OU ESTRATIFICADOS, COM PL STICO, EXCETO OS DA POSI  O 59.02.
59031000;- COM POLI(CLORETO DE VINILA)
59032000;- COM POLIURETANO
590390;- OUTROS
59039010;DE FIOS DE POLI STER, IMPREGNADOS COM UMA OU MAIS RESINAS SINT TICAS, PERCEPT VEIS OU N O   VISTA DESARMADA, E RECOBERTOS COM UMA OU MAIS RESINAS SINT TICAS PERCEPT VEIS   VISTA DESARMADA NUMA DE SUAS FACES, DO TIPO UTILIZADO COMO SUPORTE PARA FABRICA  O DE ABRASIVOS (LIXAS), EM ROLOS
59039090;OUTROS
5904;"LIN LEOS, MESMO RECORTADOS; REVESTIMENTOS PARA PISOS (PAVIMENTOS) CONSTITU DOS POR UM REVESTIMENTO OU RECOBRIMENTO APLICADO SOBRE SUPORTE T XTIL, MESMO RECORTADOS."
59041000;- LIN LEOS
59049000;- OUTROS
59050000;REVESTIMENTOS PARA PAREDES, DE MAT RIAS T XTEIS.
5906;TECIDOS COM BORRACHA, EXCETO OS DA POSI  O 59.02.
59061000;- FITAS ADESIVAS DE LARGURA N O SUPERIOR A 20 CM
59069;- OUTROS:
59069100;-- DE MALHA
59069900;-- OUTROS
59070000;"OUTROS TECIDOS IMPREGNADOS, REVESTIDOS OU RECOBERTOS; TELAS PINTADAS PARA CEN RIOS TEATRAIS, PARA FUNDOS DE EST DIO OU PARA USOS SEMELHANTES."
59080000;"MECHAS DE MAT RIAS T XTEIS, TECIDAS, ENTRAN ADAS OU TRICOTADAS, PARA CANDEEIROS, FOGAREIROS, ISQUEIROS, VELAS E SEMELHANTES; CAMISAS DE INCANDESC NCIA E TECIDOS TUBULARES TRICOTADOS PARA A SUA FABRICA  O, MESMO IMPREGNADOS."
59090000;MANGUEIRAS E TUBOS SEMELHANTES, DE MAT RIAS T XTEIS, MESMO COM REFOR O OU ACESS RIOS DE OUTRAS MAT RIAS.
59100000;CORREIAS TRANSPORTADORAS OU DE TRANSMISS O, DE MAT RIAS T XTEIS, MESMO IMPREGNADAS, REVESTIDAS OU RECOBERTAS, DE PL STICO, OU ESTRATIFICADAS COM PL STICO OU REFOR ADAS COM METAL OU COM OUTRAS MAT RIAS.
5911;PRODUTOS E ARTIGOS, DE MAT RIAS T XTEIS, PARA USOS T CNICOS, INDICADOS NA NOTA 8 DO PRESENTE CAP TULO.
59111000;- TECIDOS, FELTROS E TECIDOS FORRADOS DE FELTRO, COMBINADOS COM UMA OU MAIS CAMADAS DE BORRACHA, COURO OU DE OUTRAS MAT RIAS, DO TIPO UTILIZADO NA FABRICA  O DE GUARNI  ES DE CARDAS, E PRODUTOS AN LOGOS PARA OUTROS USOS T CNICOS, INCLUINDO AS FITAS DE VELUDO, IMPREGNADAS DE BORRACHA, PARA RECOBRIMENTO DE CILINDROS DE TEARES
591120;- GAZES E TELAS PARA PENEIRAR, MESMO CONFECCIONADAS
59112010;DE MAT RIA T XTIL SINT TICA OU ARTIFICIAL, EM PE A
59112090;OUTRAS
59113;- TECIDOS E FELTROS, SEM FIM OU COM DISPOSITIVOS DE UNI O, DO TIPO UTILIZADO NAS M QUINAS PARA FABRICA  O DE PAPEL OU M QUINAS SEMELHANTES (POR EXEMPLO, PARA PASTA OU FIBROCIMENTO):
59113100;-- DE PESO INFERIOR A 650 G/M2
59113200;-- DE PESO IGUAL OU SUPERIOR A 650 G/M2
59114000;- TECIDOS FILTRANTES E TECIDOS ESPESSOS, DO TIPO UTILIZADO EM PRENSAS DE  LEO OU OUTROS USOS T CNICOS AN LOGOS, INCLUINDO OS DE CABELO
59119000;- OUTROS
60;TECIDOS DE MALHA.
6001;"VELUDOS E PEL CIAS (INCLUINDO OS TECIDOS DENOMINADOS DE ""FELPA LONGA"" OU ""PELO COMPRIDO"") E TECIDOS DE AN IS, DE MALHA."
600110;"- TECIDOS DENOMINADOS DE ""FELPA LONGA"" OU ""PELO COMPRIDO"""
60011010;DE ALGOD O
60011020;DE FIBRAS SINT TICAS OU ARTIFICIAIS
60011090;DE OUTRAS MAT RIAS T XTEIS
60012;- TECIDOS DE AN IS:
60012100;-- DE ALGOD O
60012200;-- DE FIBRAS SINT TICAS OU ARTIFICIAIS
60012900;-- DE OUTRAS MAT RIAS T XTEIS
60019;- OUTROS:
60019100;-- DE ALGOD O
60019200;-- DE FIBRAS SINT TICAS OU ARTIFICIAIS
60019900;-- DE OUTRAS MAT RIAS T XTEIS
6002;TECIDOS DE MALHA DE LARGURA N O SUPERIOR A 30 CM, QUE CONTENHAM, EM PESO, 5 % OU MAIS DE FIOS DE ELAST MEROS OU DE FIOS DE BORRACHA, EXCETO OS DA POSI  O 60.01.
600240;- QUE CONTENHAM, EM PESO, 5 % OU MAIS DE FIOS DE ELAST MEROS, MAS QUE N O CONTENHAM FIOS DE BORRACHA
60024010;DE ALGOD O
60024020;DE FIBRAS SINT TICAS OU ARTIFICIAIS
60024090;DE OUTRAS MAT RIAS T XTEIS
600290;- OUTROS
60029010;DE ALGOD O
60029020;DE FIBRAS SINT TICAS OU ARTIFICIAIS
60029090;DE OUTRAS MAT RIAS T XTEIS
6003;TECIDOS DE MALHA DE LARGURA N O SUPERIOR A 30 CM, EXCETO OS DAS POSI  ES 60.01 E 60.02.
60031000;- DE L  OU DE PELOS FINOS
60032000;- DE ALGOD O
60033000;- DE FIBRAS SINT TICAS
60034000;- DE FIBRAS ARTIFICIAIS
60039000;- OUTROS
6004;TECIDOS DE MALHA DE LARGURA SUPERIOR A 30 CM, QUE CONTENHAM, EM PESO, 5 % OU MAIS DE FIOS DE ELAST MEROS OU DE FIOS DE BORRACHA, EXCETO OS DA POSI  O 60.01.
600410;- QUE CONTENHAM, EM PESO, 5 % OU MAIS DE FIOS DE ELAST MEROS, MAS QUE N O CONTENHAM FIOS DE BORRACHA
6004101;DE ALGOD O
60041011;CRUS OU BRANQUEADOS
60041012;TINTOS
60041013;DE FIOS DE DIVERSAS CORES
60041014;ESTAMPADOS
6004103;DE FIBRAS SINT TICAS
60041031;CRUS OU BRANQUEADOS
60041032;TINTOS
60041033;DE FIOS DE DIVERSAS CORES
60041034;ESTAMPADOS
6004104;DE FIBRAS ARTIFICIAIS
60041041;CRUS OU BRANQUEADOS
60041042;TINTOS
60041043;DE FIOS DE DIVERSAS CORES
60041044;ESTAMPADOS
6004109;DE OUTRAS MAT RIAS T XTEIS
60041091;CRUS OU BRANQUEADOS
60041092;TINTOS
60041093;DE FIOS DE DIVERSAS CORES
60041094;ESTAMPADOS
600490;- OUTROS
60049010;DE ALGOD O
60049030;DE FIBRAS SINT TICAS
60049040;DE FIBRAS ARTIFICIAIS
60049090;DE OUTRAS MAT RIAS T XTEIS
6005;TECIDOS DE MALHA-URDIDURA (INCLUINDO OS FABRICADOS EM TEARES PARA GAL ES), EXCETO OS DAS POSI  ES 60.01 A 60.04.
60052;- DE ALGOD O:
60052100;-- CRUS OU BRANQUEADOS
60052200;-- TINTOS
60052300;-- DE FIOS DE DIVERSAS CORES
60052400;-- ESTAMPADOS
60053;- DE FIBRAS SINT TICAS:
60053500;-- TECIDOS MENCIONADOS NA NOTA DE SUBPOSI  O 1 DO PRESENTE CAP TULO
60053600;-- OUTROS, CRUS OU BRANQUEADOS
60053700;-- OUTROS, TINTOS
60053800;-- OUTROS, DE FIOS DE DIVERSAS CORES
60053900;-- OUTROS, ESTAMPADOS
60054;- DE FIBRAS ARTIFICIAIS:
60054100;-- CRUS OU BRANQUEADOS
60054200;-- TINTOS
60054300;-- DE FIOS DE DIVERSAS CORES
60054400;-- ESTAMPADOS
600590;- OUTROS
60059010;DE L  OU DE PELOS FINOS
60059090;OUTROS
6006;OUTROS TECIDOS DE MALHA.
60061000;- DE L  OU DE PELOS FINOS
60062;- DE ALGOD O:
60062100;-- CRUS OU BRANQUEADOS
60062200;-- TINTOS
60062300;-- DE FIOS DE DIVERSAS CORES
60062400;-- ESTAMPADOS
60063;- DE FIBRAS SINT TICAS:
600631;-- CRUS OU BRANQUEADOS
60063110;DE N ILON OU DE OUTRAS POLIAMIDAS
60063120;DE POLI STERES
60063130;ACR LICOS OU MODACR LICOS
60063190;OUTROS
600632;-- TINTOS
60063210;DE N ILON OU DE OUTRAS POLIAMIDAS
60063220;DE POLI STERES
60063230;ACR LICOS OU MODACR LICOS
60063290;OUTROS
600633;-- DE FIOS DE DIVERSAS CORES
60063310;DE N ILON OU DE OUTRAS POLIAMIDAS
60063320;DE POLI STERES
60063330;ACR LICOS OU MODACR LICOS
60063390;OUTROS
600634;-- ESTAMPADOS
60063410;DE N ILON OU DE OUTRAS POLIAMIDAS
60063420;DE POLI STERES
60063430;ACR LICOS OU MODACR LICOS
60063490;OUTROS
60064;- DE FIBRAS ARTIFICIAIS:
60064100;-- CRUS OU BRANQUEADOS
60064200;-- TINTOS
60064300;-- DE FIOS DE DIVERSAS CORES
60064400;-- ESTAMPADOS
60069000;- OUTROS
61;VESTU RIO E SEUS ACESS RIOS, DE MALHA.
6101;SOBRETUDOS, JAPONAS, GAB ES, CAPAS, ANORAQUES, CASACOS (BLUS ES*) E SEMELHANTES, DE MALHA, DE USO MASCULINO, EXCETO OS ARTIGOS DA POSI  O 61.03.
61012000;- DE ALGOD O
61013000;- DE FIBRAS SINT TICAS OU ARTIFICIAIS
610190;- DE OUTRAS MAT RIAS T XTEIS
61019010;DE L  OU DE PELOS FINOS
61019090;OUTROS
6102;MANT S (CASACOS COMPRIDOS*), CAPAS, ANORAQUES, CASACOS (BLUS ES*) E SEMELHANTES, DE MALHA, DE USO FEMININO, EXCETO OS ARTIGOS DA POSI  O 61.04.
61021000;- DE L  OU DE PELOS FINOS
61022000;- DE ALGOD O
61023000;- DE FIBRAS SINT TICAS OU ARTIFICIAIS
61029000;- DE OUTRAS MAT RIAS T XTEIS
6103;TERNOS (FATOS*), CONJUNTOS, PALET S (CASACOS*), CAL AS, JARDINEIRAS, BERMUDAS E SHORTS (CAL  ES) (EXCETO DE BANHO), DE MALHA, DE USO MASCULINO.
610310;- TERNOS (FATOS*)
61031010;DE L  OU DE PELOS FINOS
61031020;DE FIBRAS SINT TICAS
61031090;DE OUTRAS MAT RIAS T XTEIS
61032;- CONJUNTOS:
61032200;-- DE ALGOD O
61032300;-- DE FIBRAS SINT TICAS
610329;-- DE OUTRAS MAT RIAS T XTEIS
61032910;DE L  OU DE PELOS FINOS
61032990;OUTROS
61033;- PALET S (CASACOS*):
61033100;-- DE L  OU DE PELOS FINOS
61033200;-- DE ALGOD O
61033300;-- DE FIBRAS SINT TICAS
61033900;-- DE OUTRAS MAT RIAS T XTEIS
61034;- CAL AS, JARDINEIRAS, BERMUDAS E SHORTS (CAL  ES):
61034100;-- DE L  OU DE PELOS FINOS
61034200;-- DE ALGOD O
61034300;-- DE FIBRAS SINT TICAS
61034900;-- DE OUTRAS MAT RIAS T XTEIS
6104;TAILLEURS (FATOS DE SAIA-CASACO*), CONJUNTOS, BLAZERS (CASACOS*), VESTIDOS, SAIAS, SAIAS-CAL AS, CAL AS, JARDINEIRAS, BERMUDAS E SHORTS (CAL  ES) (EXCETO DE BANHO), DE MALHA, DE USO FEMININO.
61041;- TAILLEURS (FATOS DE SAIA-CASACO*):
61041300;-- DE FIBRAS SINT TICAS
610419;-- DE OUTRAS MAT RIAS T XTEIS
61041910;DE L  OU DE PELOS FINOS
61041920;DE ALGOD O
61041990;DE OUTRAS MAT RIAS T XTEIS
61042;- CONJUNTOS:
61042200;-- DE ALGOD O
61042300;-- DE FIBRAS SINT TICAS
610429;-- DE OUTRAS MAT RIAS T XTEIS
61042910;DE L  OU DE PELOS FINOS
61042990;OUTROS
61043;- BLAZERS (CASACOS*):
61043100;-- DE L  OU DE PELOS FINOS
61043200;-- DE ALGOD O
61043300;-- DE FIBRAS SINT TICAS
61043900;-- DE OUTRAS MAT RIAS T XTEIS
61044;- VESTIDOS:
61044100;-- DE L  OU DE PELOS FINOS
61044200;-- DE ALGOD O
61044300;-- DE FIBRAS SINT TICAS
61044400;-- DE FIBRAS ARTIFICIAIS
61044900;-- DE OUTRAS MAT RIAS T XTEIS
61045;- SAIAS E SAIAS-CAL AS:
61045100;-- DE L  OU DE PELOS FINOS
61045200;-- DE ALGOD O
61045300;-- DE FIBRAS SINT TICAS
61045900;-- DE OUTRAS MAT RIAS T XTEIS
61046;- CAL AS, JARDINEIRAS, BERMUDAS E SHORTS (CAL  ES):
61046100;-- DE L  OU DE PELOS FINOS
61046200;-- DE ALGOD O
61046300;-- DE FIBRAS SINT TICAS
61046900;-- DE OUTRAS MAT RIAS T XTEIS
6105;CAMISAS DE MALHA, DE USO MASCULINO.
61051000;- DE ALGOD O
61052000;- DE FIBRAS SINT TICAS OU ARTIFICIAIS
61059000;- DE OUTRAS MAT RIAS T XTEIS
6106;CAMISAS (CAMISEIROS*), BLUSAS, BLUSAS CHEMISIERS (BLUSAS-CAMISEIROS*), DE MALHA, DE USO FEMININO.
61061000;- DE ALGOD O
61062000;- DE FIBRAS SINT TICAS OU ARTIFICIAIS
61069000;- DE OUTRAS MAT RIAS T XTEIS
6107;CUECAS, CEROULAS, CAMISOL ES (CAMISAS DE NOITE*), PIJAMAS, ROUP ES DE BANHO, ROBES E SEMELHANTES, DE MALHA, DE USO MASCULINO.
61071;- CUECAS E CEROULAS:
61071100;-- DE ALGOD O
61071200;-- DE FIBRAS SINT TICAS OU ARTIFICIAIS
61071900;-- DE OUTRAS MAT RIAS T XTEIS
61072;- CAMISOL ES (CAMISAS DE NOITE*) E PIJAMAS:
61072100;-- DE ALGOD O
61072200;-- DE FIBRAS SINT TICAS OU ARTIFICIAIS
61072900;-- DE OUTRAS MAT RIAS T XTEIS
61079;- OUTROS:
61079100;-- DE ALGOD O
610799;-- DE OUTRAS MAT RIAS T XTEIS
61079910;DE FIBRAS SINT TICAS OU ARTIFICIAIS
61079990;OUTROS
6108;COMBINA  ES, AN GUAS (SAIOTES), CALCINHAS, CAMISOLAS (CAMISAS DE NOITE*), PIJAMAS, D SHABILL S, ROUP ES DE BANHO, PENHOARES (ROBES DE QUARTO*) E SEMELHANTES, DE MALHA, DE USO FEMININO.
61081;- COMBINA  ES E AN GUAS (SAIOTES):
61081100;-- DE FIBRAS SINT TICAS OU ARTIFICIAIS
61081900;-- DE OUTRAS MAT RIAS T XTEIS
61082;- CALCINHAS:
61082100;-- DE ALGOD O
61082200;-- DE FIBRAS SINT TICAS OU ARTIFICIAIS
61082900;-- DE OUTRAS MAT RIAS T XTEIS
61083;- CAMISOLAS (CAMISAS DE NOITE*) E PIJAMAS:
61083100;-- DE ALGOD O
61083200;-- DE FIBRAS SINT TICAS OU ARTIFICIAIS
61083900;-- DE OUTRAS MAT RIAS T XTEIS
61089;- OUTROS:
61089100;-- DE ALGOD O
61089200;-- DE FIBRAS SINT TICAS OU ARTIFICIAIS
61089900;-- DE OUTRAS MAT RIAS T XTEIS
6109;CAMISETAS (T-SHIRTS), CAMISETAS INTERIORES (CAMISOLAS INTERIORES*), E ARTIGOS SEMELHANTES, DE MALHA.
61091000;- DE ALGOD O
61099000;- DE OUTRAS MAT RIAS T XTEIS
6110;SU TERES (CAMISOLAS*), PUL VERES, CARDIG S, COLETES E ARTIGOS SEMELHANTES, DE MALHA.
61101;- DE L  OU DE PELOS FINOS:
61101100;-- DE L
61101200;-- DE CABRA DE CAXEMIRA
61101900;-- OUTROS
61102000;- DE ALGOD O
61103000;- DE FIBRAS SINT TICAS OU ARTIFICIAIS
61109000;- DE OUTRAS MAT RIAS T XTEIS
6111;VESTU RIO E SEUS ACESS RIOS, DE MALHA, PARA BEB S.
61112000;- DE ALGOD O
61113000;- DE FIBRAS SINT TICAS
611190;- DE OUTRAS MAT RIAS T XTEIS
61119010;DE L  OU DE PELOS FINOS
61119090;OUTROS
6112;ABRIGOS (FATOS DE TREINO*) PARA ESPORTE, MACAC ES (FATOS-MACACOS*) E CONJUNTOS, DE ESQUI, MAI S (FATOS DE BANHO*), BIQU NIS, SHORTS (CAL  ES) E SUNGAS (SLIPS), DE BANHO, DE MALHA.
61121;- ABRIGOS (FATOS DE TREINO*) PARA ESPORTE:
61121100;-- DE ALGOD O
61121200;-- DE FIBRAS SINT TICAS
61121900;-- DE OUTRAS MAT RIAS T XTEIS
61122000;- MACAC ES (FATOS-MACACOS*) E CONJUNTOS, DE ESQUI
61123;- MAI S (FATOS DE BANHO*), SHORTS (CAL  ES) E SUNGAS (SLIPS), DE BANHO, DE USO MASCULINO:
61123100;-- DE FIBRAS SINT TICAS
61123900;-- DE OUTRAS MAT RIAS T XTEIS
61124;- MAI S (FATOS DE BANHO*) E BIQU NIS, DE BANHO, DE USO FEMININO:
61124100;-- DE FIBRAS SINT TICAS
61124900;-- DE OUTRAS MAT RIAS T XTEIS
61130000;VESTU RIO CONFECCIONADO COM TECIDOS DE MALHA DAS POSI  ES 59.03, 59.06 OU 59.07.
6114;OUTRO VESTU RIO DE MALHA.
61142000;- DE ALGOD O
61143000;- DE FIBRAS SINT TICAS OU ARTIFICIAIS
611490;- DE OUTRAS MAT RIAS T XTEIS
61149010;DE L  OU DE PELOS FINOS
61149090;OUTROS
6115;MEIAS-CAL AS, MEIAS ACIMA DO JOELHO, MEIAS AT  O JOELHO E ARTIGOS SEMELHANTES, INCLUINDO AS MEIAS-CAL AS, MEIAS ACIMA DO JOELHO E MEIAS AT  O JOELHO, DE COMPRESS O DEGRESSIVA (AS MEIAS PARA VARIZES, POR EXEMPLO), DE MALHA.
611510;- MEIAS-CAL AS, MEIAS ACIMA DO JOELHO E MEIAS AT  O JOELHO, DE COMPRESS O DEGRESSIVA (AS MEIAS PARA VARIZES, POR EXEMPLO)
6115101;MEIAS-CAL AS
61151011;DE FIBRAS SINT TICAS, DE T TULO INFERIOR A 67 DECITEX POR FIO SIMPLES
61151012;DE FIBRAS SINT TICAS, DE T TULO IGUAL OU SUPERIOR A 67 DECITEX POR FIO SIMPLES
61151013;DE L  OU DE PELOS FINOS
61151014;DE ALGOD O
61151019;DE OUTRAS MAT RIAS T XTEIS
6115102;MEIAS ACIMA DO JOELHO E MEIAS AT  O JOELHO, DE USO FEMININO, DE T TULO INFERIOR A 67 DECITEX POR FIO SIMPLES
61151021;DE FIBRAS SINT TICAS OU ARTIFICIAIS
61151022;DE ALGOD O
61151029;DE OUTRAS MAT RIAS T XTEIS
6115109;OUTRAS
61151091;DE L  OU DE PELOS FINOS
61151092;DE ALGOD O
61151093;DE FIBRAS SINT TICAS
61151099;DE OUTRAS MAT RIAS T XTEIS
61152;- OUTRAS MEIAS-CAL AS:
61152100;-- DE FIBRAS SINT TICAS, DE T TULO INFERIOR A 67 DECITEX POR FIO SIMPLES
61152200;-- DE FIBRAS SINT TICAS, DE T TULO IGUAL OU SUPERIOR A 67 DECITEX POR FIO SIMPLES
611529;-- DE OUTRAS MAT RIAS T XTEIS
61152910;DE L  OU DE PELOS FINOS
61152920;DE ALGOD O
61152990;OUTRAS
611530;- OUTRAS MEIAS ACIMA DO JOELHO E MEIAS AT  O JOELHO, DE USO FEMININO, DE T TULO INFERIOR A 67 DECITEX POR FIO SIMPLES
61153010;DE FIBRAS SINT TICAS OU ARTIFICIAIS
61153020;DE ALGOD O
61153090;DE OUTRAS MAT RIAS T XTEIS
61159;- OUTROS:
61159400;-- DE L  OU DE PELOS FINOS
61159500;-- DE ALGOD O
61159600;-- DE FIBRAS SINT TICAS
61159900;-- DE OUTRAS MAT RIAS T XTEIS
6116;LUVAS, MITENES E SEMELHANTES, DE MALHA.
61161000;- IMPREGNADAS, REVESTIDAS, RECOBERTAS OU ESTRATIFICADAS, DE PL STICO OU DE BORRACHA
61169;- OUTRAS:
61169100;-- DE L  OU DE PELOS FINOS
61169200;-- DE ALGOD O
61169300;-- DE FIBRAS SINT TICAS
61169900;-- DE OUTRAS MAT RIAS T XTEIS
6117;"OUTROS ACESS RIOS DE VESTU RIO, CONFECCIONADOS, DE MALHA; PARTES DE VESTU RIO OU DE SEUS ACESS RIOS, DE MALHA."
61171000;- XALES, ECHARPES, LEN OS DE PESCO O, CACHEN S, CACHEC IS, MANTILHAS, V US E SEMELHANTES
611780;- OUTROS ACESS RIOS
61178010;GRAVATAS, GRAVATAS-BORBOLETAS E PLASTRONS
61178090;OUTROS
61179000;- PARTES
62;VESTU RIO E SEUS ACESS RIOS, EXCETO DE MALHA.
6201;SOBRETUDOS, JAPONAS, GAB ES, CAPAS, ANORAQUES, CASACOS (BLUS ES*) E SEMELHANTES, DE USO MASCULINO, EXCETO OS ARTIGOS DA POSI  O 62.03.
62012000;- DE L  OU DE PELOS FINOS
62013000;- DE ALGOD O
62014000;- DE FIBRAS SINT TICAS OU ARTIFICIAIS
62019000;- DE OUTRAS MAT RIAS T XTEIS
6202;MANT S (CASACOS COMPRIDOS*), CAPAS, ANORAQUES, CASACOS (BLUS ES*) E SEMELHANTES, DE USO FEMININO, EXCETO OS ARTIGOS DA POSI  O 62.04.
62022000;- DE L  OU DE PELOS FINOS
62023000;- DE ALGOD O
62024000;- DE FIBRAS SINT TICAS OU ARTIFICIAIS
62029000;- DE OUTRAS MAT RIAS T XTEIS
6203;TERNOS (FATOS*), CONJUNTOS, PALET S (CASACOS*), CAL AS, JARDINEIRAS, BERMUDAS E SHORTS (CAL  ES) (EXCETO DE BANHO), DE USO MASCULINO.
62031;- TERNOS (FATOS*):
62031100;-- DE L  OU DE PELOS FINOS
62031200;-- DE FIBRAS SINT TICAS
62031900;-- DE OUTRAS MAT RIAS T XTEIS
62032;- CONJUNTOS:
62032200;-- DE ALGOD O
62032300;-- DE FIBRAS SINT TICAS
620329;-- DE OUTRAS MAT RIAS T XTEIS
62032910;DE L  OU DE PELOS FINOS
62032990;OUTROS
62033;- PALET S (CASACOS*):
62033100;-- DE L  OU DE PELOS FINOS
62033200;-- DE ALGOD O
62033300;-- DE FIBRAS SINT TICAS
62033900;-- DE OUTRAS MAT RIAS T XTEIS
62034;- CAL AS, JARDINEIRAS, BERMUDAS E SHORTS (CAL  ES):
62034100;-- DE L  OU DE PELOS FINOS
62034200;-- DE ALGOD O
62034300;-- DE FIBRAS SINT TICAS
62034900;-- DE OUTRAS MAT RIAS T XTEIS
6204;TAILLEURS (FATOS DE SAIA-CASACO*), CONJUNTOS, BLAZERS (CASACOS*), VESTIDOS, SAIAS, SAIAS-CAL AS, CAL AS, JARDINEIRAS, BERMUDAS E SHORTS (CAL  ES) (EXCETO DE BANHO), DE USO FEMININO.
62041;- TAILLEURS (FATOS DE SAIA-CASACO*):
62041100;-- DE L  OU DE PELOS FINOS
62041200;-- DE ALGOD O
62041300;-- DE FIBRAS SINT TICAS
62041900;-- DE OUTRAS MAT RIAS T XTEIS
62042;- CONJUNTOS:
62042100;-- DE L  OU DE PELOS FINOS
62042200;-- DE ALGOD O
62042300;-- DE FIBRAS SINT TICAS
62042900;-- DE OUTRAS MAT RIAS T XTEIS
62043;- BLAZERS (CASACOS*):
62043100;-- DE L  OU DE PELOS FINOS
62043200;-- DE ALGOD O
62043300;-- DE FIBRAS SINT TICAS
62043900;-- DE OUTRAS MAT RIAS T XTEIS
62044;- VESTIDOS:
62044100;-- DE L  OU DE PELOS FINOS
62044200;-- DE ALGOD O
62044300;-- DE FIBRAS SINT TICAS
62044400;-- DE FIBRAS ARTIFICIAIS
62044900;-- DE OUTRAS MAT RIAS T XTEIS
62045;- SAIAS E SAIAS-CAL AS:
62045100;-- DE L  OU DE PELOS FINOS
62045200;-- DE ALGOD O
62045300;-- DE FIBRAS SINT TICAS
62045900;-- DE OUTRAS MAT RIAS T XTEIS
62046;- CAL AS, JARDINEIRAS, BERMUDAS E SHORTS (CAL  ES):
62046100;-- DE L  OU DE PELOS FINOS
62046200;-- DE ALGOD O
62046300;-- DE FIBRAS SINT TICAS
62046900;-- DE OUTRAS MAT RIAS T XTEIS
6205;CAMISAS DE USO MASCULINO.
62052000;- DE ALGOD O
62053000;- DE FIBRAS SINT TICAS OU ARTIFICIAIS
620590;- DE OUTRAS MAT RIAS T XTEIS
62059010;DE L  OU DE PELOS FINOS
62059090;OUTRAS
6206;CAMISAS (CAMISEIROS*), BLUSAS, BLUSAS CHEMISIERS (BLUSAS-CAMISEIROS*), DE USO FEMININO.
62061000;- DE SEDA OU DE DESPERD CIOS DE SEDA
62062000;- DE L  OU DE PELOS FINOS
62063000;- DE ALGOD O
62064000;- DE FIBRAS SINT TICAS OU ARTIFICIAIS
62069000;- DE OUTRAS MAT RIAS T XTEIS
6207;CAMISETAS INTERIORES (CAMISOLAS INTERIORES*), CUECAS, CEROULAS, CAMISOL ES (CAMISAS DE NOITE*), PIJAMAS, ROUP ES DE BANHO, ROBES, E ARTIGOS SEMELHANTES, DE USO MASCULINO.
62071;- CUECAS E CEROULAS:
62071100;-- DE ALGOD O
62071900;-- DE OUTRAS MAT RIAS T XTEIS
62072;- CAMISOL ES (CAMISAS DE NOITE*) E PIJAMAS:
62072100;-- DE ALGOD O
62072200;-- DE FIBRAS SINT TICAS OU ARTIFICIAIS
62072900;-- DE OUTRAS MAT RIAS T XTEIS
62079;- OUTROS:
62079100;-- DE ALGOD O
620799;-- DE OUTRAS MAT RIAS T XTEIS
62079910;DE FIBRAS SINT TICAS OU ARTIFICIAIS
62079990;OUTROS
6208;CORPETES (CAMISOLAS INTERIORES*), COMBINA  ES, AN GUAS (SAIOTES), CALCINHAS, CAMISOLAS (CAMISAS DE NOITE*), PIJAMAS, D SHABILL S, ROUP ES DE BANHO, PENHOARES (ROBES DE QUARTO*), E ARTIGOS SEMELHANTES, DE USO FEMININO.
62081;- COMBINA  ES E AN GUAS (SAIOTES):
62081100;-- DE FIBRAS SINT TICAS OU ARTIFICIAIS
62081900;-- DE OUTRAS MAT RIAS T XTEIS
62082;- CAMISOLAS (CAMISAS DE NOITE*) E PIJAMAS:
62082100;-- DE ALGOD O
62082200;-- DE FIBRAS SINT TICAS OU ARTIFICIAIS
62082900;-- DE OUTRAS MAT RIAS T XTEIS
62089;- OUTROS:
62089100;-- DE ALGOD O
62089200;-- DE FIBRAS SINT TICAS OU ARTIFICIAIS
62089900;-- DE OUTRAS MAT RIAS T XTEIS
6209;VESTU RIO E SEUS ACESS RIOS, PARA BEB S.
62092000;- DE ALGOD O
62093000;- DE FIBRAS SINT TICAS
620990;- DE OUTRAS MAT RIAS T XTEIS
62099010;DE L  OU DE PELOS FINOS
62099090;OUTRAS
6210;VESTU RIO CONFECCIONADO COM AS MAT RIAS DAS POSI  ES 56.02, 56.03, 59.03, 59.06 OU 59.07.
62101000;- COM AS MAT RIAS DAS POSI  ES 56.02 OU 56.03
62102000;- OUTRO VESTU RIO, DO TIPO ABRANGIDO PELA POSI  O 62.01
62103000;- OUTRO VESTU RIO, DO TIPO ABRANGIDO PELA POSI  O 62.02
62104000;- OUTRO VESTU RIO DE USO MASCULINO
62105000;- OUTRO VESTU RIO DE USO FEMININO
6211;"ABRIGOS (FATOS DE TREINO*) PARA ESPORTE, MACAC ES (FATOS-MACACOS*) E CONJUNTOS, DE ESQUI, MAI S (FATOS DE BANHO*), BIQU NIS, SHORTS (CAL  ES) E SUNGAS (SLIPS), DE BANHO; OUTRO VESTU RIO."
62111;- MAI S (FATOS DE BANHO*), BIQU NIS, SHORTS (CAL  ES) E SUNGAS (SLIPS), DE BANHO:
62111100;-- DE USO MASCULINO
62111200;-- DE USO FEMININO
62112000;- MACAC ES (FATOS-MACACOS*) E CONJUNTOS, DE ESQUI
62113;- OUTRO VESTU RIO DE USO MASCULINO:
62113200;-- DE ALGOD O
62113300;-- DE FIBRAS SINT TICAS OU ARTIFICIAIS
621139;-- DE OUTRAS MAT RIAS T XTEIS
62113910;DE L  OU DE PELOS FINOS
62113990;OUTRAS
62114;- OUTRO VESTU RIO DE USO FEMININO:
62114200;-- DE ALGOD O
62114300;-- DE FIBRAS SINT TICAS OU ARTIFICIAIS
62114900;-- DE OUTRAS MAT RIAS T XTEIS
6212;SUTI S, CINTAS, ESPARTILHOS, SUSPENS RIOS, LIGAS E ARTIGOS SEMELHANTES, E SUAS PARTES, MESMO DE MALHA.
62121000;- SUTI S E BUSTI S (SUTI S DE C S ALTO*)
62122000;- CINTAS E CINTAS-CAL AS
62123000;- MODELADORES DE TORSO INTEIRO (CINTAS-SUTI S*)
62129000;- OUTROS
6213;LEN OS DE ASSOAR E DE BOLSO.
62132000;- DE ALGOD O
621390;- DE OUTRAS MAT RIAS T XTEIS
62139010;DE SEDA OU DE DESPERD CIOS DE SEDA
62139090;OUTROS
6214;XALES, ECHARPES, LEN OS DE PESCO O, CACHEN S, CACHEC IS, MANTILHAS, V US E ARTIGOS SEMELHANTES.
62141000;- DE SEDA OU DE DESPERD CIOS DE SEDA
62142000;- DE L  OU DE PELOS FINOS
62143000;- DE FIBRAS SINT TICAS
62144000;- DE FIBRAS ARTIFICIAIS
621490;- DE OUTRAS MAT RIAS T XTEIS
62149010;DE ALGOD O
62149090;OUTROS
6215;GRAVATAS, GRAVATAS-BORBOLETAS (LA OS*) E PLASTR ES.
62151000;- DE SEDA OU DE DESPERD CIOS DE SEDA
62152000;- DE FIBRAS SINT TICAS OU ARTIFICIAIS
62159000;- DE OUTRAS MAT RIAS T XTEIS
62160000;LUVAS, MITENES E SEMELHANTES.
6217;"OUTROS ACESS RIOS CONFECCIONADOS DE VESTU RIO; PARTES DE VESTU RIO OU DOS SEUS ACESS RIOS, EXCETO AS DA POSI  O 62.12."
62171000;- ACESS RIOS
62179000;- PARTES
63;"OUTROS ARTIGOS T XTEIS CONFECCIONADOS; SORTIDOS; ARTIGOS DE MAT RIAS T XTEIS E ARTIGOS DE USO SEMELHANTE, USADOS; TRAPOS."
6301;COBERTORES E MANTAS.
63011000;- COBERTORES E MANTAS, EL TRICOS
63012000;- COBERTORES E MANTAS (EXCETO OS EL TRICOS), DE L  OU DE PELOS FINOS
63013000;- COBERTORES E MANTAS (EXCETO OS EL TRICOS), DE ALGOD O
63014000;- COBERTORES E MANTAS (EXCETO OS EL TRICOS), DE FIBRAS SINT TICAS
63019000;- OUTROS COBERTORES E MANTAS
6302;ROUPA DE CAMA, MESA, TOUCADOR OU COZINHA.
63021000;- ROUPA DE CAMA, DE MALHA
63022;- OUTRA ROUPA DE CAMA, ESTAMPADAS:
63022100;-- DE ALGOD O
63022200;-- DE FIBRAS SINT TICAS OU ARTIFICIAIS
63022900;-- DE OUTRAS MAT RIAS T XTEIS
63023;- OUTRA ROUPA DE CAMA:
63023100;-- DE ALGOD O
63023200;-- DE FIBRAS SINT TICAS OU ARTIFICIAIS
63023900;-- DE OUTRAS MAT RIAS T XTEIS
63024000;- ROUPA DE MESA, DE MALHA
63025;- OUTRA ROUPA DE MESA:
63025100;-- DE ALGOD O
63025300;-- DE FIBRAS SINT TICAS OU ARTIFICIAIS
630259;-- DE OUTRAS MAT RIAS T XTEIS
63025910;DE LINHO
63025990;OUTRAS
63026000;- ROUPA DE TOUCADOR OU DE COZINHA, DE TECIDOS ATOALHADOS (TURCOS) DE ALGOD O
63029;- OUTRA:
63029100;-- DE ALGOD O
63029300;-- DE FIBRAS SINT TICAS OU ARTIFICIAIS
630299;-- DE OUTRAS MAT RIAS T XTEIS
63029910;DE LINHO
63029990;OUTRAS
6303;"CORTINADOS, CORTINAS, REPOSTEIROS E ESTORES; SANEFAS."
63031;- DE MALHA:
63031200;-- DE FIBRAS SINT TICAS
630319;-- DE OUTRAS MAT RIAS T XTEIS
63031910;DE ALGOD O
63031990;OUTROS
63039;- OUTROS:
63039100;-- DE ALGOD O
63039200;-- DE FIBRAS SINT TICAS
63039900;-- DE OUTRAS MAT RIAS T XTEIS
6304;OUTROS ARTIGOS PARA GUARNI  O DE INTERIORES, EXCETO OS DA POSI  O 94.04.
63041;- COLCHAS:
63041100;-- DE MALHA
630419;-- OUTRAS
63041910;DE ALGOD O
63041990;DE OUTRAS MAT RIAS T XTEIS
63042000;- MOSQUITEIROS PARA CAMAS MENCIONADOS NA NOTA DE SUBPOSI  O 1 DO PRESENTE CAP TULO
63049;- OUTROS:
63049100;-- DE MALHA
63049200;-- DE ALGOD O, EXCETO DE MALHA
63049300;-- DE FIBRAS SINT TICAS, EXCETO DE MALHA
63049900;-- DE OUTRAS MAT RIAS T XTEIS, EXCETO DE MALHA
6305;SACOS DE QUAISQUER DIMENS ES, PARA EMBALAGEM.
63051000;- DE JUTA OU DE OUTRAS FIBRAS T XTEIS LIBERIANAS DA POSI  O 53.03
63052000;- DE ALGOD O
63053;- DE MAT RIAS T XTEIS SINT TICAS OU ARTIFICIAIS:
63053200;-- RECIPIENTES FLEX VEIS PARA PRODUTOS A GRANEL
630533;-- OUTROS, OBTIDOS A PARTIR DE L MINAS OU FORMAS SEMELHANTES DE POLIETILENO OU DE POLIPROPILENO
63053310;DE MALHA
63053390;OUTROS
63053900;-- OUTROS
63059000;- DE OUTRAS MAT RIAS T XTEIS
6306;"ENCERADOS E TOLDOS; TENDAS (INCLUINDO OS GAZEBOS TEMPOR RIOS E ARTIGOS SEMELHANTES); VELAS PARA EMBARCA  ES, PARA PRANCHAS   VELA OU PARA CARROS   VELA; ARTIGOS PARA ACAMPAMENTO."
63061;- ENCERADOS E TOLDOS:
63061200;-- DE FIBRAS SINT TICAS
630619;-- DE OUTRAS MAT RIAS T XTEIS
63061910;DE ALGOD O
63061990;OUTROS
63062;- TENDAS (INCLUINDO OS GAZEBOS TEMPOR RIOS E ARTIGOS SEMELHANTES):
63062200;-- DE FIBRAS SINT TICAS
630629;-- DE OUTRAS MAT RIAS T XTEIS
63062910;DE ALGOD O
63062990;OUTROS
630630;- VELAS
63063010;DE FIBRAS SINT TICAS
63063090;DE OUTRAS MAT RIAS T XTEIS
630640;- COLCH ES PNEUM TICOS
63064010;DE ALGOD O
63064090;DE OUTRAS MAT RIAS T XTEIS
63069000;- OUTROS
6307;OUTROS ARTIGOS CONFECCIONADOS, INCLUINDO OS MOLDES PARA VESTU RIO.
63071000;- RODILHAS, ESFREG ES, PANOS DE PRATO OU DE COZINHA, FLANELAS E ARTIGOS DE LIMPEZA SEMELHANTES
63072000;- CINTOS E COLETES SALVA-VIDAS
630790;- OUTROS
63079010;DE FALSO TECIDO (TECIDO N O TECIDO)
63079020;ARTIGO TUBULAR COM TRATAMENTO IGN FUGO, PR PRIO PARA SA DA DE EMERG NCIA DE PESSOAS, MESMO COM SEUS ELEMENTOS DE MONTAGEM
63079090;OUTROS
63080000;SORTIDOS CONSTITU DOS POR CORTES DE TECIDO E FIOS, MESMO COM ACESS RIOS, PARA CONFEC  O DE TAPETES, TAPE ARIAS, TOALHAS DE MESA OU GUARDANAPOS, BORDADOS, OU ARTIGOS T XTEIS SEMELHANTES, EM EMBALAGENS PARA VENDA A RETALHO.
630900;ARTIGOS DE MAT RIAS T XTEIS E ARTIGOS DE USO SEMELHANTE, USADOS.
63090010;VESTU RIO, SEUS ACESS RIOS, E SUAS PARTES
63090090;OUTROS
6310;TRAPOS, CORD IS, CORDAS E CABOS, DE MAT RIAS T XTEIS, EM FORMA DE DESPERD CIOS OU DE ARTIGOS INUTILIZADOS.
63101000;- SELECIONADOS
63109000;- OUTROS
64;"CAL ADO, POLAINAS E ARTIGOS SEMELHANTES; SUAS PARTES."
6401;CAL ADO IMPERME VEL DE SOLA EXTERIOR E PARTE SUPERIOR DE BORRACHA OU PL STICO, EM QUE A PARTE SUPERIOR N O TENHA SIDO REUNIDA   SOLA EXTERIOR POR COSTURA OU POR MEIO DE REBITES, PREGOS, PARAFUSOS, ESPIG ES OU DISPOSITIVOS SEMELHANTES, NEM FORMADA POR DIFERENTES PARTES REUNIDAS PELOS MESMOS PROCESSOS.
64011000;- CAL ADO COM BIQUEIRA PROTETORA DE METAL
64019;- OUTRO CAL ADO:
64019200;-- COBRINDO O TORNOZELO, MAS N O O JOELHO
640199;-- OUTRO
64019910;COBRINDO O JOELHO
64019990;OUTRO
6402;OUTRO CAL ADO COM SOLA EXTERIOR E PARTE SUPERIOR DE BORRACHA OU PL STICO.
64021;- CAL ADO PARA ESPORTE:
64021200;-- CAL ADO PARA ESQUI E PARA SURFE DE NEVE
64021900;-- OUTRO
64022000;- CAL ADO COM PARTE SUPERIOR EM TIRAS OU CORREIAS, FIXADOS   SOLA POR PREGOS, TACHAS, PINOS E SEMELHANTES
64029;- OUTRO CAL ADO:
640291;-- COBRINDO O TORNOZELO
64029110;COM BIQUEIRA PROTETORA DE METAL
64029190;OUTRO
640299;-- OUTRO
64029910;COM BIQUEIRA PROTETORA DE METAL
64029990;OUTRO
6403;CAL ADO COM SOLA EXTERIOR DE BORRACHA, PL STICO, COURO NATURAL OU RECONSTITU DO E PARTE SUPERIOR DE COURO NATURAL.
64031;- CAL ADO PARA ESPORTE:
64031200;-- CAL ADO PARA ESQUI E PARA SURFE DE NEVE
64031900;-- OUTRO
64032000;- CAL ADO COM SOLA EXTERIOR DE COURO NATURAL E PARTE SUPERIOR CONSTITU DA POR TIRAS DE COURO NATURAL PASSANDO PELO PEITO DO P  E ENVOLVENDO O DEDO GRANDE
64034000;- OUTRO CAL ADO, COM BIQUEIRA PROTETORA DE METAL
64035;- OUTRO CAL ADO, COM SOLA EXTERIOR DE COURO NATURAL:
640351;-- COBRINDO O TORNOZELO
64035110;COM SOLA DE MADEIRA E DESPROVIDO DE PALMILHA
64035190;OUTRO
640359;-- OUTRO
64035910;COM SOLA DE MADEIRA E DESPROVIDO DE PALMILHA
64035990;OUTRO
64039;- OUTRO CAL ADO:
640391;-- COBRINDO O TORNOZELO
64039110;COM SOLA DE MADEIRA E DESPROVIDO DE PALMILHA
64039190;OUTRO
640399;-- OUTRO
64039910;COM SOLA DE MADEIRA E DESPROVIDO DE PALMILHA
64039990;OUTRO
6404;CAL ADO COM SOLA EXTERIOR DE BORRACHA, PL STICO, COURO NATURAL OU RECONSTITU DO E PARTE SUPERIOR DE MAT RIAS T XTEIS.
64041;- CAL ADO COM SOLA EXTERIOR DE BORRACHA OU DE PL STICO:
64041100;"-- CAL ADO PARA ESPORTE; CAL ADO PARA T NIS, BASQUETEBOL, GIN STICA, TREINO E SEMELHANTES"
64041900;-- OUTRO
64042000;- CAL ADO COM SOLA EXTERIOR DE COURO NATURAL OU RECONSTITU DO
6405;OUTRO CAL ADO.
640510;- COM PARTE SUPERIOR DE COURO NATURAL OU RECONSTITU DO
64051010;COM SOLA EXTERIOR DE BORRACHA OU PL STICO E PARTE SUPERIOR DE COURO RECONSTITU DO
64051020;COM SOLA EXTERIOR DE COURO NATURAL OU RECONSTITU DO E PARTE SUPERIOR DE COURO RECONSTITU DO
64051090;OUTRO
64052000;- COM PARTE SUPERIOR DE MAT RIAS T XTEIS
64059000;- OUTRO
6406;"PARTES DE CAL ADO (INCLUINDO AS PARTES SUPERIORES, MESMO FIXADAS A SOLAS QUE N O SEJAM AS SOLAS EXTERIORES); PALMILHAS, REFOR OS INTERIORES E ARTIGOS SEMELHANTES, AMOV VEIS; POLAINAS, PERNEIRAS E ARTIGOS SEMELHANTES, E SUAS PARTES."
64061000;- PARTES SUPERIORES DE CAL ADO E SEUS COMPONENTES, EXCETO CONTRAFORTES E BIQUEIRAS R GIDAS
64062000;- SOLAS EXTERIORES E SALTOS, DE BORRACHA OU PL STICO
640690;- OUTROS
64069010;SOLAS EXTERIORES E SALTOS, DE COURO NATURAL OU RECONSTITU DO
64069020;PALMILHAS
64069090;OUTROS
65;CHAP US E ARTIGOS DE USO SEMELHANTE, E SUAS PARTES.
65010000;ESBO OS N O ENFORMADOS NEM NA COPA NEM NA ABA, DISCOS E CILINDROS, MESMO CORTADOS NO SENTIDO DA ALTURA, DE FELTRO, PARA CHAP US.
650200;ESBO OS DE CHAP US, ENTRAN ADOS OU OBTIDOS POR REUNI O DE TIRAS DE QUALQUER MAT RIA, SEM COPA NEM ABA ENFORMADAS E SEM GUARNI  ES.
65020010;DE PALHA FINA (MANILA, PANAM  E SEMELHANTES)
65020090;OUTROS
650400;CHAP US E OUTROS ARTIGOS DE USO SEMELHANTE, ENTRAN ADOS OU OBTIDOS POR REUNI O DE TIRAS, DE QUALQUER MAT RIA, MESMO GUARNECIDOS.
65040010;DE PALHA FINA (MANILA, PANAM  E SEMELHANTES)
65040090;OUTROS
650500;"CHAP US E OUTROS ARTIGOS DE USO SEMELHANTE, DE MALHA OU CONFECCIONADOS COM RENDAS, FELTRO OU OUTROS PRODUTOS T XTEIS, EM PE A (MAS N O EM TIRAS), MESMO GUARNECIDOS; COIFAS E REDES, PARA O CABELO, DE QUALQUER MAT RIA, MESMO GUARNECIDAS."
6505001;BON S
65050011;DE ALGOD O
65050012;DE FIBRAS SINT TICAS OU ARTIFICIAIS
65050019;DE OUTRAS MAT RIAS T XTEIS
6505002;GORROS
65050021;DE ALGOD O
65050022;DE FIBRAS SINT TICAS OU ARTIFICIAIS
65050029;DE OUTRAS MAT RIAS T XTEIS
6505003;CHAP US
65050031;DE ALGOD O
65050032;DE FIBRAS SINT TICAS OU ARTIFICIAIS
65050039;DE OUTRAS MAT RIAS T XTEIS
65050090;OUTROS
6506;OUTROS CHAP US E ARTIGOS DE USO SEMELHANTE, MESMO GUARNECIDOS.
650610;- CAPACETES E ARTIGOS DE USO SEMELHANTE, DE PROTE  O
65061010;DO TIPO UTILIZADO POR BOMBEIROS, COM VISEIRA E PROTETOR FACIAL INCORPORADOS
65061090;OUTROS
65069;- OUTROS:
65069100;-- DE BORRACHA OU DE PL STICO
65069900;-- DE OUTRAS MAT RIAS
65070000;CARNEIRAS, FORROS, CAPAS, ARMA  ES, PALAS E BARBICACHOS (FRANCALETES*), PARA CHAP US E ARTIGOS DE USO SEMELHANTE.
66;GUARDA-CHUVAS, SOMBRINHAS, GUARDA-S IS, BENGALAS, BENGALAS-ASSENTOS, CHICOTES, PINGALINS, E SUAS PARTES.
6601;GUARDA-CHUVAS, SOMBRINHAS E GUARDA-S IS (INCLUINDO AS BENGALAS-GUARDA-CHUVAS E OS GUARDA-S IS DE JARDIM E SEMELHANTES).
66011000;- GUARDA-S IS DE JARDIM E ARTIGOS SEMELHANTES
66019;- OUTROS:
660191;-- DE HASTE OU CABO TELESC PICO
66019110;COBERTOS DE TECIDO DE SEDA OU DE MAT RIAS T XTEIS SINT TICAS OU ARTIFICIAIS
66019190;OUTROS
66019900;-- OUTROS
66020000;BENGALAS, BENGALAS-ASSENTOS, CHICOTES, PINGALINS E ARTIGOS SEMELHANTES.
6603;PARTES, GUARNI  ES E ACESS RIOS, PARA OS ARTIGOS DAS POSI  ES 66.01 OU 66.02.
66032000;- ARMA  ES MONTADAS, MESMO COM HASTES OU CABOS, PARA GUARDA-CHUVAS, SOMBRINHAS OU GUARDA-S IS
66039000;- OUTROS
67;"PENAS E PENUGEM PREPARADAS E SUAS OBRAS; FLORES ARTIFICIAIS; OBRAS DE CABELO."
67010000;PELES E OUTRAS PARTES DE AVES, COM AS SUAS PENAS OU PENUGEM, PENAS, PARTES DE PENAS, PENUGEM E ARTIGOS DESTAS MAT RIAS, EXCETO OS PRODUTOS DA POSI  O 05.05, BEM COMO OS C LAMOS E OUTROS CANOS DE PENAS, TRABALHADOS.
6702;"FLORES, FOLHAGEM E FRUTOS, ARTIFICIAIS, E SUAS PARTES; ARTIGOS CONFECCIONADOS COM FLORES, FOLHAGEM E FRUTOS, ARTIFICIAIS."
67021000;- DE PL STICO
67029000;- DE OUTRAS MAT RIAS
67030000;"CABELO DISPOSTO NO MESMO SENTIDO, ADELGA ADO, BRANQUEADO OU PREPARADO DE OUTRO MODO; L , PELOS E OUTRAS MAT RIAS T XTEIS, PREPARADOS PARA FABRICA  O DE PERUCAS OU DE ARTIGOS SEMELHANTES."
6704;"PERUCAS, BARBAS, SOBRANCELHAS, PESTANAS, MADEIXAS E ARTIGOS SEMELHANTES, DE CABELO, PELOS OU DE MAT RIAS T XTEIS; OUTRAS OBRAS DE CABELO N O ESPECIFICADAS NEM COMPREENDIDAS NOUTRAS POSI  ES."
67041;- DE MAT RIAS T XTEIS SINT TICAS:
67041100;-- PERUCAS COMPLETAS
67041900;-- OUTROS
67042000;- DE CABELO
67049000;- DE OUTRAS MAT RIAS
68;OBRAS DE PEDRA, GESSO, CIMENTO, AMIANTO, MICA OU DE MAT RIAS SEMELHANTES.
68010000;PEDRAS PARA CALCETAR, MEIOS-FIOS (LANCIS) E PLACAS (LAJES) PARA PAVIMENTA  O, DE PEDRA NATURAL (EXCETO A ARD SIA).
6802;"PEDRAS DE CANTARIA OU DE CONSTRU  O (EXCETO DE ARD SIA) TRABALHADAS E OBRAS DESTAS PEDRAS, EXCETO AS DA POSI  O 68.01; CUBOS, PASTILHAS E ARTIGOS SEMELHANTES, PARA MOSAICOS, DE PEDRA NATURAL (INCLUINDO A ARD SIA), MESMO COM SUPORTE; GR NULOS, FRAGMENTOS E P S, DE PEDRA NATURAL (INCLUINDO A ARD SIA), CORADOS ARTIFICIALMENTE."
68021000;"- LADRILHOS, CUBOS, PASTILHAS E ARTIGOS SEMELHANTES, MESMO DE FORMA DIFERENTE DA QUADRADA OU RETANGULAR, CUJA MAIOR SUPERF CIE POSSA SER INSCRITA NUM QUADRADO DE LADO INFERIOR A 7 CM; GR NULOS, FRAGMENTOS E P S, CORADOS ARTIFICIALMENTE"
68022;- OUTRAS PEDRAS DE CANTARIA OU DE CONSTRU  O E SUAS OBRAS, SIMPLESMENTE TALHADAS OU SERRADAS, DE SUPERF CIE PLANA OU LISA:
68022100;-- M RMORE, TRAVERTINO E ALABASTRO
68022300;-- GRANITO
68022900;-- OUTRAS PEDRAS
68029;- OUTRAS:
68029100;-- M RMORE, TRAVERTINO E ALABASTRO
68029200;-- OUTRAS PEDRAS CALC RIAS
680293;-- GRANITO
68029310;ESFERAS PARA MOINHO
68029390;OUTROS
680299;-- OUTRAS PEDRAS
68029910;ESFERAS PARA MOINHO
68029990;OUTRAS
68030000;ARD SIA NATURAL TRABALHADA E OBRAS DE ARD SIA NATURAL OU AGLOMERADA.
6804;"M S E ARTIGOS SEMELHANTES, SEM ARMA  O, PARA MOER, DESFIBRAR, TRITURAR, AMOLAR, POLIR, RETIFICAR OU CORTAR; PEDRAS PARA AMOLAR OU PARA POLIR, MANUALMENTE, E SUAS PARTES, DE PEDRAS NATURAIS, DE ABRASIVOS NATURAIS OU ARTIFICIAIS AGLOMERADOS OU DE CER MICA, MESMO COM PARTES DE OUTRAS MAT RIAS."
68041000;- M S PARA MOER OU DESFIBRAR
68042;- OUTRAS M S E ARTIGOS SEMELHANTES:
680421;-- DE DIAMANTE NATURAL OU SINT TICO, AGLOMERADO
6804211;DE DI METRO INFERIOR A 53,34 CM
68042111;AGLOMERADOS COM RESINA
68042119;OUTROS
68042190;OUTROS
680422;-- DE OUTROS ABRASIVOS AGLOMERADOS OU DE CER MICA
6804221;DE DI METRO INFERIOR A 53,34 CM
68042211;AGLOMERADOS COM RESINA
68042219;OUTROS
68042290;OUTROS
68042300;-- DE PEDRAS NATURAIS
68043000;- PEDRAS PARA AMOLAR OU PARA POLIR, MANUALMENTE
6805;ABRASIVOS NATURAIS OU ARTIFICIAIS, EM P  OU EM GR OS, APLICADOS SOBRE MAT RIAS T XTEIS, PAPEL, CART O OU OUTRAS MAT RIAS, MESMO RECORTADOS, COSTURADOS OU REUNIDOS DE OUTRO MODO.
68051000;- APLICADOS APENAS SOBRE TECIDOS DE MAT RIAS T XTEIS
68052000;- APLICADOS APENAS SOBRE PAPEL OU CART O
680530;- APLICADOS SOBRE OUTRAS MAT RIAS
68053010;COM SUPORTE DE PAPEL OU CART O COMBINADOS COM MAT RIAS T XTEIS
68053020;DISCOS DE FIBRA VULCANIZADA RECOBERTOS COM  XIDO DE ALUM NIO OU CARBONETO DE SIL CIO
68053090;OUTROS
6806;"L S DE ESC RIAS DE ALTOS-FORNOS, L S DE OUTRAS ESC RIAS, L  DE ROCHA E L S MINERAIS SEMELHANTES; VERMICULITA E ARGILAS, EXPANDIDAS, ESPUMA DE ESC RIAS E PRODUTOS MINERAIS SEMELHANTES, EXPANDIDOS; MISTURAS E OBRAS DE MAT RIAS MINERAIS PARA ISOLAMENTO DO CALOR E DO SOM OU PARA ABSOR  O DO SOM, EXCETO AS DAS POSI  ES 68.11, 68.12 OU DO CAP TULO 69."
68061000;- L S DE ESC RIAS DE ALTOS-FORNOS, L S DE OUTRAS ESC RIAS, L  DE ROCHA E L S MINERAIS SEMELHANTES, MESMO MISTURADAS ENTRE SI, A GRANEL, EM FOLHAS OU EM ROLOS
68062000;- VERMICULITA E ARGILAS, EXPANDIDAS, ESPUMA DE ESC RIAS E PRODUTOS MINERAIS SEMELHANTES, EXPANDIDOS, MESMO MISTURADOS ENTRE SI
680690;- OUTROS
68069010;ALUMINOSOS OU SILICOALUMINOSOS
68069090;OUTROS
6807;OBRAS DE ASFALTO OU DE PRODUTOS SEMELHANTES (POR EXEMPLO, BREU OU PEZ).
68071000;- EM ROLOS
68079000;- OUTRAS
68080000;PAIN IS, CHAPAS, LADRILHOS, BLOCOS E SEMELHANTES, DE FIBRAS VEGETAIS, PALHA OU APARAS, PART CULAS, SERRAGEM (SERRADURA) OU OUTROS DESPERD CIOS DE MADEIRA, AGLOMERADOS COM CIMENTO, GESSO OU OUTROS AGLUTINANTES MINERAIS.
6809;OBRAS DE GESSO OU DE COMPOSI  ES   BASE DE GESSO.
68091;- CHAPAS, PLACAS, PAIN IS, LADRILHOS E SEMELHANTES, N O ORNAMENTADOS:
68091100;-- REVESTIDOS OU REFOR ADOS EXCLUSIVAMENTE COM PAPEL OU CART O
68091900;-- OUTROS
68099000;- OUTRAS OBRAS
6810;OBRAS DE CIMENTO, DE CONCRETO (BET O) OU DE PEDRA ARTIFICIAL, MESMO ARMADAS.
68101;- TELHAS, LADRILHOS, PLACAS (LAJES), TIJOLOS E ARTIGOS SEMELHANTES:
68101100;-- BLOCOS E TIJOLOS PARA A CONSTRU  O
68101900;-- OUTROS
68109;- OUTRAS OBRAS:
68109100;-- ELEMENTOS PR -FABRICADOS PARA A CONSTRU  O OU ENGENHARIA CIVIL
68109900;-- OUTRAS
6811;OBRAS DE FIBROCIMENTO, CIMENTO-CELULOSE OU PRODUTOS SEMELHANTES.
68114000;- QUE CONTENHAM AMIANTO
68118;- QUE N O CONTENHAM AMIANTO:
68118100;-- PLACAS ONDULADAS
68118200;-- OUTRAS PLACAS, PAIN IS, LADRILHOS, TELHAS E ARTIGOS SEMELHANTES
68118900;-- OUTRAS OBRAS
6812;"AMIANTO TRABALHADO, EM FIBRAS; MISTURAS   BASE DE AMIANTO OU   BASE DE AMIANTO E CARBONATO DE MAGN SIO; OBRAS DESTAS MISTURAS OU DE AMIANTO (POR EXEMPLO, FIOS, TECIDOS, VESTU RIO, CHAP US E ARTIGOS DE USO SEMELHANTE, CAL ADO, JUNTAS), MESMO ARMADAS, EXCETO AS DAS POSI  ES 68.11 OU 68.13."
68128000;- DE CROCIDOLITA
68129;- OUTROS:
68129100;-- VESTU RIO, ACESS RIOS DE VESTU RIO, CAL ADO E CHAP US
681299;-- OUTROS
68129910;JUNTAS E OUTROS ELEMENTOS COM FUN  O SEMELHANTE DE VEDA  O
68129920;AMIANTO TRABALHADO, EM FIBRAS
68129930;MISTURAS   BASE DE AMIANTO OU   BASE DE AMIANTO E CARBONATO DE MAGN SIO
68129990;OUTRAS
6813;GUARNI  ES DE FRIC  O (POR EXEMPLO, PLACAS, ROLOS, TIRAS, SEGMENTOS, DISCOS, AN IS, PASTILHAS), N O MONTADAS, PARA FREIOS (TRAV ES), EMBREAGENS OU QUALQUER OUTRO MECANISMO DE FRIC  O,   BASE DE AMIANTO, DE OUTRAS SUBST NCIAS MINERAIS OU DE CELULOSE, MESMO COMBINADAS COM T XTEIS OU OUTRAS MAT RIAS.
68132000;- QUE CONTENHAM AMIANTO
68138;- QUE N O CONTENHAM AMIANTO:
681381;-- GUARNI  ES PARA FREIOS (TRAV ES)
68138110;PASTILHAS
68138190;OUTRAS
681389;-- OUTRAS
68138910;DISCO DE FRIC  O PARA EMBREAGENS
68138990;OUTRAS
6814;MICA TRABALHADA E OBRAS DE MICA, INCLUINDO A MICA AGLOMERADA OU RECONSTITU DA, MESMO COM SUPORTE DE PAPEL, DE CART O OU DE OUTRAS MAT RIAS.
68141000;- PLACAS, FOLHAS OU TIRAS, DE MICA AGLOMERADA OU RECONSTITU DA, MESMO COM SUPORTE
68149000;- OUTRAS
6815;OBRAS DE PEDRA OU DE OUTRAS MAT RIAS MINERAIS (INCLUINDO AS FIBRAS DE CARBONO, AS OBRAS DESTAS MAT RIAS E AS DE TURFA), N O ESPECIFICADAS NEM COMPREENDIDAS NOUTRAS POSI  ES.
68151;"- FIBRAS DE CARBONO; OBRAS DE FIBRAS DE CARBONO PARA USOS N O EL TRICOS; OUTRAS OBRAS DE GRAFITA OU DE OUTROS CARBONOS, PARA USOS N O EL TRICOS:"
68151100;-- FIBRAS DE CARBONO
68151200;-- T XTEIS DE FIBRAS DE CARBONO
68151300;-- OUTRAS OBRAS DE FIBRAS DE CARBONO
68151900;-- OUTRAS
68152000;- OBRAS DE TURFA
68159;- OUTRAS OBRAS:
681591;-- QUE CONTENHAM MAGNESITA, MAGN SIA SOB A FORMA DE PERICL SIO, DOLOMITA INCLUINDO SOB A FORMA DE CAL DOLOM TICA, OU CROMITA
68159110;CRUS, AGLOMERADOS COM AGLUTINANTE QU MICO
68159190;OUTRAS
681599;-- OUTRAS
6815991;ELETROFUNDIDAS
68159911;COM UM TEOR DE ALUMINA (AL2O3), IGUAL OU SUPERIOR A 90 %, EM PESO
68159912;COM UM TEOR DE SILICA (SIO2) IGUAL OU SUPERIOR A 90 %, EM PESO
68159913;COM UM TEOR, EM PESO, DE  XIDO DE ZIRC NIO (ZRO2) IGUAL OU SUPERIOR A 50 % MESMO COM UM CONTE DO DE ALUMINA INFERIOR A 45 %
68159914;CONSTITU DAS POR UMA MISTURA OU COMBINA  O DE ALUMINA (AL2O3), SILICA (SIO2) E  XIDO DE ZIRC NIO (ZRO2), COM UM TEOR, EM PESO, DE ALUMINA IGUAL OU SUPERIOR A 45 %, MAS INFERIOR A 90 % OU COM UM CONTE DO, EM PESO, DE  XIDO DE ZIRC NIO (ZRO2) IGUAL OU SUPERIOR A 20 %, MAS INFERIOR A 50 %
68159919;OUTRAS
68159990;OUTRAS
69;PRODUTOS CER MICOS.
69010000;TIJOLOS, PLACAS (LAJES), LADRILHOS E OUTRAS PE AS CER MICAS DE FARINHAS SILICIOSAS F SSEIS (POR EXEMPLO, KIESELGUHR, TRIPOLITA, DIATOMITA) OU DE TERRAS SILICIOSAS SEMELHANTES.
6902;TIJOLOS, PLACAS (LAJES), LADRILHOS E PE AS CER MICAS SEMELHANTES, PARA CONSTRU  O, REFRAT RIOS, QUE N O SEJAM DE FARINHAS SILICIOSAS F SSEIS NEM DE TERRAS SILICIOSAS SEMELHANTES.
690210;- QUE CONTENHAM, EM PESO, MAIS DE 50 % DOS ELEMENTOS MG, CA OU CR, TOMADOS ISOLADAMENTE OU EM CONJUNTO, EXPRESSOS EM MGO, CAO OU CR2O3
6902101;MAGNESIANOS OU   BASE DE  XIDO DE CROMO
69021011;TIJOLOS OU PLACAS, QUE CONTENHAM, EM PESO, MAIS DE 90 % DE TRI XIDO DE DICROMO
69021018;OUTROS TIJOLOS
69021019;OUTROS
69021090;OUTROS
690220;- QUE CONTENHAM, EM PESO, MAIS DE 50 % DE ALUMINA (AL2O3), DE S LICA (SIO2) OU DE UMA MISTURA OU COMBINA  O DESTES PRODUTOS
69022010;TIJOLOS S LICO-ALUMINOSOS
6902209;OUTROS
69022091;S LICO-ALUMINOSOS
69022092;SILICOSO, SEMI-SILICOSO OU DE S LICA
69022093;DE SILIMANITA
69022099;OUTROS
690290;- OUTROS
69029010;DE GRAFITA
69029020;N O FUNDIDOS, COM UM TEOR DE  XIDO DE ZIRC NIO (ZRO2) SUPERIOR A 25 %, EM PESO
69029030;COM UM TEOR DE CARBONO SUPERIOR A 85 %, EM PESO, E DI METRO M DIO DE PORO INFERIOR OU IGUAL A 5 MICR METROS (M CRONS), DO TIPO UTILIZADO EM ALTOS-FORNOS
69029040;DE CARBONETO DE SIL CIO
69029090;OUTROS
6903;"OUTROS PRODUTOS CER MICOS REFRAT RIOS (POR EXEMPLO, RETORTAS, CADINHOS, MUFLAS, BOCAIS, TAMP ES, SUPORTES, COPELAS, TUBOS, MANGAS, VARETAS, ""PORTAS"" DESLIZANTES (SLIDE GATES)) QUE N O SEJAM DE FARINHAS SILICIOSAS F SSEIS NEM DE TERRAS SILICIOSAS SEMELHANTES."
690310;- QUE CONTENHAM, EM PESO, MAIS DE 50 % DE CARBONO LIVRE
6903101;CADINHOS
69031011;DE GRAFITA, EXCETO OS DO SUBITEM 6903.10.12
69031012;ELABORADOS COM UMA MISTURA DE GRAFITA E CARBONETO DE SIL CIO
69031019;OUTROS
69031020;RETORTAS ELABORADAS COM UMA MISTURA DE GRAFITA E CARBONETO DE SIL CIO
69031030;TAMPAS E TAMP ES
69031040;TUBOS
69031090;OUTROS
690320;- QUE CONTENHAM, EM PESO, MAIS DE 50 % DE ALUMINA (AL2O3) OU DE UMA MISTURA OU COMBINA  O DE ALUMINA E S LICA (SIO2)
69032010;CADINHOS
69032020;TAMPAS E TAMP ES
69032030;TUBOS
69032090;OUTROS
690390;- OUTROS
6903901;TUBOS
69039011;DE CARBONETO DE SIL CIO
69039012;DE COMPOSTOS DE ZIRC NIO
69039019;OUTROS
6903909;OUTROS
69039091;DE CARBONETO DE SIL CIO
69039092;DE COMPOSTOS DE ZIRC NIO
69039099;OUTROS
6904;TIJOLOS PARA CONSTRU  O, TIJOLEIRAS, TAPA-VIGAS E PRODUTOS SEMELHANTES, DE CER MICA.
69041000;- TIJOLOS PARA CONSTRU  O
69049000;- OUTROS
6905;TELHAS, ELEMENTOS DE CHAMIN S, CONDUTORES DE FUMA A (FUMO), ORNAMENTOS ARQUITET NICOS, DE CER MICA, E OUTROS PRODUTOS CER MICOS PARA CONSTRU  O.
69051000;- TELHAS
69059000;- OUTROS
69060000;TUBOS, CALHAS OU ALGEROZES E ACESS RIOS PARA CANALIZA  ES, DE CER MICA.
6907;"LADRILHOS E PLACAS (LAJES), PARA PAVIMENTA  O OU REVESTIMENTO, DE CER MICA; CUBOS, PASTILHAS E ARTIGOS SEMELHANTES, PARA MOSAICOS, DE CER MICA, MESMO COM SUPORTE; PE AS DE ACABAMENTO, DE CER MICA."
69072;- LADRILHOS E PLACAS (LAJES), PARA PAVIMENTA  O OU REVESTIMENTO, EXCETO OS DAS SUBPOSI  ES 6907.30 E 6907.40:
69072100;-- COM UM COEFICIENTE DE ABSOR  O DE  GUA, EM PESO, N O SUPERIOR A 0,5 %
69072200;-- COM UM COEFICIENTE DE ABSOR  O DE  GUA, EM PESO, SUPERIOR A 0,5 %, MAS N O SUPERIOR A 10 %
69072300;-- COM UM COEFICIENTE DE ABSOR  O DE  GUA, EM PESO, SUPERIOR A 10 %
69073000;- CUBOS, PASTILHAS E ARTIGOS SEMELHANTES, PARA MOSAICOS, EXCETO OS DA SUBPOSI  O 6907.40
69074000;- PE AS DE ACABAMENTO
6909;"APARELHOS E ARTIGOS PARA USOS QU MICOS OU PARA OUTROS USOS T CNICOS, DE CER MICA; ALGUIDARES, GAMELAS E OUTROS RECIPIENTES SEMELHANTES PARA USOS RURAIS, DE CER MICA; BILHAS E OUTRAS VASILHAS PR PRIAS PARA TRANSPORTE OU EMBALAGEM, DE CER MICA."
69091;- APARELHOS E ARTIGOS PARA USOS QU MICOS OU PARA OUTROS USOS T CNICOS:
69091100;-- DE PORCELANA
690912;-- ARTIGOS COM UMA DUREZA EQUIVALENTE A 9 OU MAIS NA ESCALA DE MOHS
69091210;GUIA-FIOS PARA M QUINA T XTIL
69091220;GUIAS DE AGULHAS PARA CABE AS DE IMPRESS O
69091230;AN IS DE CARBONETO DE SIL CIO PARA JUNTAS DE VEDA  O MEC NICAS
69091290;OUTROS
690919;-- OUTROS
69091910;GUIA-FIOS PARA M QUINA T XTIL
69091920;GUIAS DE AGULHAS PARA CABE AS DE IMPRESS O
69091930;COLMEIA DE CER MICA   BASE DE ALUMINA (AL2O3), S LICA (SIO2) E  XIDO DE MAGN SIO (MGO), DE DEPURADORES POR CONVERS O CATAL TICA DE GASES DE ESCAPE DE VE CULOS
69091990;OUTROS
69099000;- OUTROS
6910;PIAS, LAVAT RIOS, COLUNAS PARA LAVAT RIOS, BANHEIRAS, BID S, SANIT RIOS, CAIXAS DE DESCARGA (AUTOCLISMOS*), MICT RIOS E APARELHOS FIXOS SEMELHANTES PARA USOS SANIT RIOS, DE CER MICA.
69101000;- DE PORCELANA
69109000;- OUTROS
6911;SERVI OS DE MESA, ARTIGOS DE COZINHA, OUTROS ARTIGOS DE USO DOM STICO E ARTIGOS DE HIGIENE OU DE TOUCADOR, DE PORCELANA.
691110;- ARTIGOS PARA SERVI O DE MESA OU DE COZINHA
69111010;CONJUNTO (JOGO OU APARELHO) PARA JANTAR, CAF  OU CH , APRESENTADO EM EMBALAGEM COMUM
69111090;OUTROS
69119000;- OUTROS
69120000;SERVI OS DE MESA, ARTIGOS DE COZINHA, OUTROS ARTIGOS DE USO DOM STICO E ARTIGOS DE HIGIENE OU DE TOUCADOR, DE CER MICA, EXCETO DE PORCELANA.
6913;ESTATUETAS E OUTROS OBJETOS DE ORNAMENTA  O, DE CER MICA.
69131000;- DE PORCELANA
69139000;- OUTROS
6914;OUTRAS OBRAS DE CER MICA.
69141000;- DE PORCELANA
69149000;- OUTRAS
70;VIDRO E SUAS OBRAS.
70010000;"CACOS, FRAGMENTOS E OUTROS DESPERD CIOS E RES DUOS DE VIDRO, EXCETO O VIDRO DE TUBOS CAT DICOS E OUTROS VIDROS ATIVADOS DA POSI  O 85.49; VIDRO EM BLOCOS OU MASSAS."
7002;VIDRO EM ESFERAS (EXCETO AS MICROSFERAS DA POSI  O 70.18), BARRAS, VARETAS OU TUBOS, N O TRABALHADO.
70021000;- ESFERAS
70022000;- BARRAS OU VARETAS
70023;- TUBOS:
70023100;-- DE QUARTZO OU DE OUTRAS S LICAS FUNDIDOS
70023200;-- DE OUTRO VIDRO COM UM COEFICIENTE DE DILATA  O LINEAR N O SUPERIOR A 5 X 10-6 POR KELVIN, ENTRE 0  C E 300  C
70023900;-- OUTROS
7003;VIDRO VAZADO OU LAMINADO, EM CHAPAS, FOLHAS OU PERFIS, MESMO COM CAMADA ABSORVENTE, REFLETORA OU N O, MAS N O TRABALHADO DE OUTRO MODO.
70031;- CHAPAS E FOLHAS, N O ARMADAS:
70031200;-- CORADAS NA MASSA, OPACIFICADAS, FOLHEADAS (CHAPEADAS), OU COM CAMADA ABSORVENTE, REFLETORA OU N O
70031900;-- OUTRAS
70032000;- CHAPAS E FOLHAS, ARMADAS
70033000;- PERFIS
7004;VIDRO ESTIRADO OU SOPRADO, EM FOLHAS, MESMO COM CAMADA ABSORVENTE, REFLETORA OU N O, MAS N O TRABALHADO DE OUTRO MODO.
70042000;- VIDRO CORADO NA MASSA, OPACIFICADO, FOLHEADO (CHAPEADO), OU COM CAMADA ABSORVENTE, REFLETORA OU N O
70049000;- OUTRO VIDRO
7005;VIDRO FLOTADO E VIDRO DESBASTADO OU POLIDO NUMA OU EM AMBAS AS FACES, EM CHAPAS OU EM FOLHAS, MESMO COM CAMADA ABSORVENTE, REFLETORA OU N O, MAS N O TRABALHADO DE OUTRO MODO.
70051000;- VIDRO N O ARMADO, COM CAMADA ABSORVENTE, REFLETORA OU N O
70052;- OUTRO VIDRO N O ARMADO:
70052100;-- CORADO NA MASSA, OPACIFICADO, FOLHEADO (CHAPEADO) OU SIMPLESMENTE DESBASTADO
70052900;-- OUTRO
70053000;- VIDRO ARMADO
70060000;VIDRO DAS POSI  ES 70.03, 70.04 OU 70.05, RECURVADO, BISELADO, GRAVADO, BROCADO, ESMALTADO OU TRABALHADO DE OUTRO MODO, MAS N O EMOLDURADO NEM ASSOCIADO A OUTRAS MAT RIAS.
7007;VIDROS DE SEGURAN A CONSISTINDO EM VIDROS TEMPERADOS OU FORMADOS POR FOLHAS CONTRACOLADAS.
70071;- VIDROS TEMPERADOS:
70071100;-- DE DIMENS ES E FORMATOS QUE PERMITAM A SUA APLICA  O EM AUTOM VEIS, VE CULOS A REOS, BARCOS OU OUTROS VE CULOS
70071900;-- OUTROS
70072;- VIDROS FORMADOS POR FOLHAS CONTRACOLADAS:
70072100;-- DE DIMENS ES E FORMATOS QUE PERMITAM A SUA APLICA  O EM AUTOM VEIS, VE CULOS A REOS, BARCOS OU OUTROS VE CULOS
70072900;-- OUTROS
70080000;VIDROS ISOLANTES DE PAREDES M LTIPLAS.
7009;ESPELHOS DE VIDRO, MESMO EMOLDURADOS, INCLUINDO OS ESPELHOS RETROVISORES.
70091000;- ESPELHOS RETROVISORES PARA VE CULOS
70099;- OUTROS:
70099100;-- N O EMOLDURADOS
70099200;-- EMOLDURADOS
7010;"GARRAF ES, GARRAFAS, FRASCOS, BOI ES, VASOS, EMBALAGENS TUBULARES, AMPOLAS E OUTROS RECIPIENTES DE VIDRO PR PRIOS PARA TRANSPORTE OU EMBALAGEM; BOI ES DE VIDRO PARA CONSERVAS; ROLHAS, TAMPAS E OUTROS DISPOSITIVOS PARA FECHAR RECIPIENTES, DE VIDRO."
70101000;- AMPOLAS
70102000;- ROLHAS, TAMPAS E OUTROS DISPOSITIVOS PARA FECHAR RECIPIENTES
701090;- OUTROS
7010901;DE CAPACIDADE SUPERIOR A 1 L
70109011;GARRAF ES E GARRAFAS
70109012;"FRASCOS, BOI ES, VASOS, EMBALAGENS TUBULARES E OUTROS RECIPIENTES PR PRIOS PARA TRANSPORTE OU EMBALAGEM; BOI ES PARA CONSERVAS"
7010902;DE CAPACIDADE SUPERIOR A 0,33 L, MAS N O SUPERIOR A 1 L
70109021;GARRAF ES E GARRAFAS
70109022;"FRASCOS, BOI ES, VASOS, EMBALAGENS TUBULARES E OUTROS RECIPIENTES PR PRIOS PARA TRANSPORTE OU EMBALAGEM; BOI ES PARA CONSERVAS"
70109090;OUTROS
7011;AMPOLAS E INV LUCROS, MESMO TUBULARES, ABERTOS, E SUAS PARTES, DE VIDRO, SEM GUARNI  ES, PARA L MPADAS E FONTES DE LUZ, EL TRICAS, TUBOS CAT DICOS OU SEMELHANTES.
701110;- PARA ILUMINA  O EL TRICA
70111010;PARA L MPADAS OU TUBOS DE DESCARGA, INCLUINDO OS DE LUZ REL MPAGO (FLASH)
7011102;PARA L MPADAS DE INCANDESC NCIA
70111021;BULBOS DE DI METRO INFERIOR OU IGUAL A 90 MM
70111029;OUTROS
70111090;OUTROS
70112000;- PARA TUBOS CAT DICOS
70119000;- OUTROS
7013;OBJETOS DE VIDRO PARA SERVI O DE MESA, COZINHA, TOUCADOR, ESCRIT RIO, ORNAMENTA  O DE INTERIORES OU USOS SEMELHANTES (EXCETO OS DAS POSI  ES 70.10 OU 70.18).
70131000;- OBJETOS DE VITROCER MICA
70132;- COPOS COM P , EXCETO DE VITROCER MICA:
70132200;-- DE CRISTAL DE CHUMBO
70132800;-- OUTROS
70133;- OUTROS COPOS, EXCETO DE VITROCER MICA:
70133300;-- DE CRISTAL DE CHUMBO
70133700;-- OUTROS
70134;- OBJETOS PARA SERVI O DE MESA (EXCETO COPOS) OU DE COZINHA, EXCETO DE VITROCER MICA:
70134100;-- DE CRISTAL DE CHUMBO
701342;-- DE VIDRO COM UM COEFICIENTE DE DILATA  O LINEAR N O SUPERIOR A 5 X 10-6 POR KELVIN, ENTRE 0  C E 300  C
70134210;CAFETEIRAS E CHALEIRAS
70134290;OUTROS
70134900;-- OUTROS
70139;- OUTROS OBJETOS:
701391;-- DE CRISTAL DE CHUMBO
70139110;PARA ORNAMENTA  O DE INTERIORES
70139190;OUTROS
70139900;-- OUTROS
70140000;ARTIGOS DE VIDRO PARA SINALIZA  O E ELEMENTOS DE  PTICA DE VIDRO (EXCETO OS DA POSI  O 70.15), N O TRABALHADOS OPTICAMENTE.
7015;"VIDROS DE RELOJOARIA E VIDROS SEMELHANTES, VIDROS PARA LENTES, MESMO CORRETIVAS, CURVOS OU ARQUEADOS, OCOS OU SEMELHANTES, N O TRABALHADOS OPTICAMENTE; ESFERAS OCAS E SEGMENTOS DE ESFERAS, DE VIDRO, PARA FABRICA  O DESSES VIDROS."
701510;- VIDROS PARA LENTES CORRETIVAS
70151010;FOTOCROM TICOS
7015109;OUTROS
70151091;BRANCOS
70151092;COLORIDOS
701590;- OUTROS
70159010;VIDROS DE RELOJOARIA
70159020;VIDROS PARA M SCARAS,  CULOS OU ANTEPAROS, PROTETORES
70159030;VIDROS PARA OS DEMAIS  CULOS
70159090;OUTROS
7016;"BLOCOS, PLACAS, TIJOLOS, LADRILHOS, TELHAS E OUTROS ARTIGOS, DE VIDRO PRENSADO OU MOLDADO, MESMO ARMADO, PARA CONSTRU  O; CUBOS, PASTILHAS E OUTROS ARTIGOS SEMELHANTES, DE VIDRO, MESMO COM SUPORTE, PARA MOSAICOS OU DECORA  ES SEMELHANTES; VITRAIS DE VIDRO; VIDRO DENOMINADO ""MULTICELULAR"" OU ""ESPUMA"" DE VIDRO, EM BLOCOS, PAIN IS, CHAPAS E CONCHAS OU FORMAS SEMELHANTES."
70161000;- CUBOS, PASTILHAS E OUTROS ARTIGOS SEMELHANTES, DE VIDRO, MESMO COM SUPORTE, PARA MOSAICOS OU DECORA  ES SEMELHANTES
70169000;- OUTROS
7017;ARTIGOS DE VIDRO PARA LABORAT RIO, HIGIENE OU FARM CIA, MESMO GRADUADOS OU CALIBRADOS.
70171000;- DE QUARTZO OU DE OUTRAS S LICAS, FUNDIDOS
70172000;- DE OUTRO VIDRO COM UM COEFICIENTE DE DILATA  O LINEAR N O SUPERIOR A 5 X 10-6 POR KELVIN, ENTRE 0  C E 300  C
70179000;- OUTROS
7018;"CONTAS, IMITA  ES DE P ROLAS NATURAIS OU CULTIVADAS, IMITA  ES DE PEDRAS PRECIOSAS OU SEMIPRECIOSAS E ARTIGOS SEMELHANTES, DE VIDRO E SUAS OBRAS, EXCETO BIJUTERIAS; OLHOS DE VIDRO, EXCETO DE PR TESE; ESTATUETAS E OUTROS OBJETOS DE ORNAMENTA  O, DE VIDRO TRABALHADO A MA ARICO, EXCETO BIJUTERIAS; MICROSFERAS DE VIDRO, DE DI METRO N O SUPERIOR A 1 MM."
701810;- CONTAS, IMITA  ES DE P ROLAS NATURAIS OU CULTIVADAS, IMITA  ES DE PEDRAS PRECIOSAS OU SEMIPRECIOSAS E ARTIGOS SEMELHANTES, DE VIDRO
70181010;CONTAS DE VIDRO
70181020;IMITA  ES DE P ROLAS NATURAIS OU CULTIVADAS, PEDRAS PRECIOSAS OU SEMIPRECIOSAS
70181090;OUTROS
70182000;- MICROSFERAS DE VIDRO, DE DI METRO N O SUPERIOR A 1 MM
70189000;- OUTROS
7019;FIBRAS DE VIDRO (INCLUINDO A L  DE VIDRO) E SUAS OBRAS (POR EXEMPLO, FIOS, MECHAS LIGEIRAMENTE TORCIDAS (ROVINGS), TECIDOS).
70191;- MECHAS, MESMO LIGEIRAMENTE TORCIDAS (ROVINGS), FIOS CORTADOS OU N O E MANTAS (MATS) DESSAS MAT RIAS:
70191100;-- FIOS CORTADOS (CHOPPED STRANDS), DE COMPRIMENTO N O SUPERIOR A 50 MM
701912;-- MECHAS LIGEIRAMENTE TORCIDAS (ROVINGS)
70191210;IMPREGNADAS OU RECOBERTAS COM RESINA DE POLIURETANO OU BORRACHA DE ESTIRENO-BUTADIENO
70191290;OUTRAS
70191300;-- OUTROS FIOS, MECHAS
70191400;-- MANTAS (MATS) CONSOLIDADAS MECANICAMENTE
70191500;-- MANTAS (MATS) CONSOLIDADAS QUIMICAMENTE
70191900;-- OUTROS
70196;- TECIDOS CONSOLIDADOS MECANICAMENTE:
70196100;-- TECIDOS DE MECHAS LIGEIRAMENTE TORCIDAS (ROVINGS) DE MALHA FECHADA (CLOSED WOVEN FABRICS)
70196200;-- OUTROS, OBTIDOS DE MECHAS LIGEIRAMENTE TORCIDAS (ROVINGS) DE MALHA FECHADA (OTHER CLOSED FABRICS)
70196300;-- TECIDOS DE FIOS DE MALHA FECHADA, EM PONTO DE TAFET , N O REVESTIDOS NEM ESTRATIFICADOS
70196400;-- TECIDOS DE FIOS DE MALHA FECHADA, EM PONTO DE TAFET , REVESTIDOS OU ESTRATIFICADOS
70196500;-- TECIDOS DE MALHA ABERTA DE LARGURA N O SUPERIOR A 30 CM
70196600;-- TECIDOS DE MALHA ABERTA DE LARGURA SUPERIOR A 30 CM
70196900;-- OUTROS
70197;- TECIDOS CONSOLIDADOS QUIMICAMENTE:
70197100;-- V US (CAMADAS FINAS)
70197200;-- OUTROS TECIDOS DE MALHA FECHADA
701973;-- OUTROS TECIDOS DE MALHA ABERTA
70197310;CONSTITU DOS POR FIOS PARALELIZADOS E SUPERPOSTOS ENTRE SI EM  NGULO DE 90 , IMPREGNADOS E SOLDADOS NOS PONTOS DE INTERSE  O COM RESINA TERMOPL STICA, COM DENSIDADE IGUAL OU SUPERIOR A 3 E INFERIOR OU IGUAL A 7 FIOS POR CENT METRO
70197390;OUTROS
70198000;- L  DE VIDRO E SUAS OBRAS
70199000;- OUTRAS
702000;OUTRAS OBRAS DE VIDRO.
70200010;AMPOLAS DE VIDRO PARA GARRAFAS T RMICAS OU PARA OUTROS RECIPIENTES ISOT RMICOS, CUJO ISOLAMENTO SEJA ASSEGURADO PELO V CUO
70200090;OUTRAS
71;"P ROLAS NATURAIS OU CULTIVADAS, PEDRAS PRECIOSAS OU SEMIPRECIOSAS E SEMELHANTES, METAIS PRECIOSOS, METAIS FOLHEADOS OU CHAPEADOS DE METAIS PRECIOSOS (PLAQU ), E SUAS OBRAS; BIJUTERIAS; MOEDAS."
7101;"P ROLAS NATURAIS OU CULTIVADAS, MESMO TRABALHADAS OU COMBINADAS, MAS N O ENFIADAS, NEM MONTADAS, NEM ENGASTADAS; P ROLAS NATURAIS OU CULTIVADAS, ENFIADAS TEMPORARIAMENTE PARA FACILIDADE DE TRANSPORTE."
71011000;- P ROLAS NATURAIS
71012;- P ROLAS CULTIVADAS:
71012100;-- EM BRUTO
71012200;-- TRABALHADAS
7102;DIAMANTES, MESMO TRABALHADOS, MAS N O MONTADOS NEM ENGASTADOS.
71021000;- N O SELECIONADOS
71022;- INDUSTRIAIS:
71022100;-- EM BRUTO OU SIMPLESMENTE SERRADOS, CLIVADOS OU DESBASTADOS
71022900;-- OUTROS
71023;- N O INDUSTRIAIS:
71023100;-- EM BRUTO OU SIMPLESMENTE SERRADOS, CLIVADOS OU DESBASTADOS
71023900;-- OUTROS
7103;"PEDRAS PRECIOSAS (EXCETO DIAMANTES) OU SEMIPRECIOSAS, MESMO TRABALHADAS OU COMBINADAS, MAS N O ENFIADAS, NEM MONTADAS, NEM ENGASTADAS; PEDRAS PRECIOSAS (EXCETO DIAMANTES) OU SEMIPRECIOSAS, N O COMBINADAS, ENFIADAS TEMPORARIAMENTE PARA FACILIDADE DE TRANSPORTE."
71031000;- EM BRUTO OU SIMPLESMENTE SERRADAS OU DESBASTADAS
71039;- TRABALHADAS DE OUTRO MODO:
71039100;-- RUBIS, SAFIRAS E ESMERALDAS
71039900;-- OUTRAS
7104;"PEDRAS SINT TICAS OU RECONSTITU DAS, MESMO TRABALHADAS OU COMBINADAS, MAS N O ENFIADAS, NEM MONTADAS, NEM ENGASTADAS; PEDRAS SINT TICAS OU RECONSTITU DAS, N O COMBINADAS, ENFIADAS TEMPORARIAMENTE PARA FACILIDADE DE TRANSPORTE."
71041000;- QUARTZO PIEZEL TRICO
71042;- OUTRAS, EM BRUTO OU SIMPLESMENTE SERRADAS OU DESBASTADAS:
71042100;-- DIAMANTES
71042900;-- OUTRAS
71049;- OUTRAS:
71049100;-- DIAMANTES
71049900;-- OUTRAS
7105;P  DE DIAMANTES, DE PEDRAS PRECIOSAS OU SEMIPRECIOSAS OU DE PEDRAS SINT TICAS.
71051000;- DE DIAMANTES
71059000;- OUTROS
7106;PRATA (INCLUINDO A PRATA DOURADA OU PLATINADA), EM FORMAS BRUTAS OU SEMIMANUFATURADAS, OU EM P .
71061000;- P S
71069;- OUTRAS:
71069100;-- EM FORMAS BRUTAS
710692;-- EM FORMAS SEMIMANUFATURADAS
71069210;BARRAS, FIOS E PERFIS DE SE  O MACI A
71069220;CHAPAS, L MINAS, FOLHAS E TIRAS
71069290;OUTRAS
71070000;METAIS COMUNS FOLHEADOS OU CHAPEADOS (PLAQU ) DE PRATA, EM FORMAS BRUTAS OU SEMIMANUFATURADAS.
7108;OURO (INCLUINDO O OURO PLATINADO), EM FORMAS BRUTAS OU SEMIMANUFATURADAS, OU EM P .
71081;- PARA USOS N O MONET RIOS:
71081100;-- P S
710812;-- NOUTRAS FORMAS BRUTAS
71081210;BULH O DOURADO (BULLION DOR )
71081290;OUTRAS
710813;-- NOUTRAS FORMAS SEMIMANUFATURADAS
71081310;BARRAS, FIOS E PERFIS DE SE  O MACI A
71081390;OUTROS
71082000;- PARA USO MONET RIO
71090000;METAIS COMUNS OU PRATA, FOLHEADOS OU CHAPEADOS (PLAQU ) DE OURO, EM FORMAS BRUTAS OU SEMIMANUFATURADAS.
7110;PLATINA, EM FORMAS BRUTAS OU SEMIMANUFATURADAS, OU EM P .
71101;- PLATINA:
71101100;-- EM FORMAS BRUTAS OU EM P
711019;-- OUTRAS
71101910;BARRAS, FIOS E PERFIS DE SE  O MACI A
71101990;OUTRAS
71102;- PAL DIO:
71102100;-- EM FORMAS BRUTAS OU EM P
71102900;-- OUTRAS
71103;- R DIO:
71103100;-- EM FORMAS BRUTAS OU EM P
71103900;-- OUTRAS
71104;- IR DIO,  SMIO E RUT NIO:
71104100;-- EM FORMAS BRUTAS OU EM P
71104900;-- OUTRAS
71110000;METAIS COMUNS, PRATA OU OURO, FOLHEADOS OU CHAPEADOS (PLAQU ) DE PLATINA, EM FORMAS BRUTAS OU SEMIMANUFATURADAS.
7112;"DESPERD CIOS E RES DUOS DE METAIS PRECIOSOS OU DE METAIS FOLHEADOS OU CHAPEADOS DE METAIS PRECIOSOS (PLAQU ); OUTROS DESPERD CIOS E RES DUOS QUE CONTENHAM METAIS PRECIOSOS OU COMPOSTOS DE METAIS PRECIOSOS, DO TIPO UTILIZADO PRINCIPALMENTE PARA A RECUPERA  O DE METAIS PRECIOSOS, EXCETO OS PRODUTOS DA POSI  O 85.49."
711230;- CINZAS QUE CONTENHAM METAIS PRECIOSOS OU COMPOSTOS DE METAIS PRECIOSOS
71123010;QUE CONTENHAM OURO, MAS QUE N O CONTENHAM OUTROS METAIS PRECIOSOS
71123020;QUE CONTENHAM PLATINA, MAS QUE N O CONTENHAM OUTROS METAIS PRECIOSOS
71123090;OUTROS
71129;- OUTROS:
71129100;-- DE OURO, DE METAIS FOLHEADOS OU CHAPEADOS (PLAQU ) DE OURO, EXCETO VARREDURAS DE OURIVESARIA QUE CONTENHAM OUTROS METAIS PRECIOSOS
71129200;-- DE PLATINA, DE METAIS FOLHEADOS OU CHAPEADOS (PLAQU ) DE PLATINA, EXCETO VARREDURAS DE OURIVESARIA QUE CONTENHAM OUTROS METAIS PRECIOSOS
71129900;-- OUTROS
7113;ARTIGOS DE JOALHERIA E SUAS PARTES, DE METAIS PRECIOSOS OU DE METAIS FOLHEADOS OU CHAPEADOS DE METAIS PRECIOSOS (PLAQU ).
71131;- DE METAIS PRECIOSOS, MESMO REVESTIDOS, FOLHEADOS OU CHAPEADOS DE METAIS PRECIOSOS (PLAQU ):
71131100;-- DE PRATA, MESMO REVESTIDA, FOLHEADA OU CHAPEADA DE OUTROS METAIS PRECIOSOS (PLAQU )
71131900;-- DE OUTROS METAIS PRECIOSOS, MESMO REVESTIDOS, FOLHEADOS OU CHAPEADOS DE METAIS PRECIOSOS (PLAQU )
71132000;- DE METAIS COMUNS FOLHEADOS OU CHAPEADOS DE METAIS PRECIOSOS (PLAQU )
7114;ARTIGOS DE OURIVESARIA E SUAS PARTES, DE METAIS PRECIOSOS OU DE METAIS FOLHEADOS OU CHAPEADOS DE METAIS PRECIOSOS (PLAQU ).
71141;- DE METAIS PRECIOSOS, MESMO REVESTIDOS, FOLHEADOS OU CHAPEADOS DE METAIS PRECIOSOS (PLAQU ):
71141100;-- DE PRATA, MESMO REVESTIDA, FOLHEADA OU CHAPEADA DE OUTROS METAIS PRECIOSOS (PLAQU )
71141900;-- DE OUTROS METAIS PRECIOSOS, MESMO REVESTIDOS, FOLHEADOS OU CHAPEADOS DE METAIS PRECIOSOS (PLAQU )
71142000;- DE METAIS COMUNS FOLHEADOS OU CHAPEADOS DE METAIS PRECIOSOS (PLAQU )
7115;OUTRAS OBRAS DE METAIS PRECIOSOS OU DE METAIS FOLHEADOS OU CHAPEADOS DE METAIS PRECIOSOS (PLAQU ).
71151000;- TELAS OU GRADES CATALISADORAS, DE PLATINA
71159000;- OUTRAS
7116;OBRAS DE P ROLAS NATURAIS OU CULTIVADAS, DE PEDRAS PRECIOSAS OU SEMIPRECIOSAS OU DE PEDRAS SINT TICAS OU RECONSTITU DAS.
71161000;- DE P ROLAS NATURAIS OU CULTIVADAS
711620;- DE PEDRAS PRECIOSAS OU SEMIPRECIOSAS OU DE PEDRAS SINT TICAS OU RECONSTITU DAS
71162010;DE DIAMANTES SINT TICOS
71162020;GUIAS DE AGULHAS, DE RUBI, PARA CABE AS DE IMPRESS O
71162090;OUTRAS
7117;BIJUTERIAS.
71171;- DE METAIS COMUNS, MESMO PRATEADOS, DOURADOS OU PLATINADOS:
71171100;-- ABOTOADURAS (BOT ES DE PUNHO) E ARTIGOS SEMELHANTES
71171900;-- OUTRAS
71179000;- OUTRAS
7118;MOEDAS.
711810;- MOEDAS SEM CURSO LEGAL, EXCETO DE OURO
71181010;DESTINADAS A TER CURSO LEGAL NO PA S IMPORTADOR
71181090;OUTRAS
71189000;- OUTRAS
72;FERRO FUNDIDO, FERRO E A O.
7201;FERRO FUNDIDO BRUTO E FERRO SPIEGEL (ESPECULAR), EM LINGOTES, LINGUADOS OU OUTRAS FORMAS PRIM RIAS.
72011000;- FERRO FUNDIDO BRUTO N O LIGADO, QUE CONTENHA, EM PESO, 0,5 % OU MENOS DE F SFORO
72012000;- FERRO FUNDIDO BRUTO N O LIGADO, QUE CONTENHA, EM PESO, MAIS DE 0,5 % DE F SFORO
72015000;"- LIGAS DE FERRO FUNDIDO BRUTO; FERRO SPIEGEL (ESPECULAR)"
7202;FERROLIGAS.
72021;- FERROMANGAN S:
72021100;-- QUE CONTENHA, EM PESO, MAIS DE 2 % DE CARBONO
72021900;-- OUTRA
72022;- FERROSSIL CIO:
72022100;-- QUE CONTENHA, EM PESO, MAIS DE 55 % DE SIL CIO
72022900;-- OUTRA
72023000;- FERROSSILICIOMANGAN S
72024;- FERROCROMO:
72024100;-- QUE CONTENHA, EM PESO, MAIS DE 4 % DE CARBONO
72024900;-- OUTRA
72025000;- FERROSSILICIOCROMO
72026000;- FERRON QUEL
72027000;- FERROMOLIBD NIO
72028000;- FERROTUNGST NIO (FERROVOLFR MIO) E FERROSSILICIOTUNGST NIO (FERROSSILICIOVOLFR MIO)
72029;- OUTRAS:
72029100;-- FERROTIT NIO E FERROSSILICIOTIT NIO
72029200;-- FERROVAN DIO
72029300;-- FERRONI BIO (FERROCOL MBIO)
720299;-- OUTRAS
72029910;FERROF SFORO
72029990;OUTRAS
7203;"PRODUTOS FERROSOS OBTIDOS POR REDU  O DIRETA DOS MIN RIOS DE FERRO E OUTROS PRODUTOS FERROSOS ESPONJOSOS, EM PEDA OS, ESFERAS OU FORMAS SEMELHANTES; FERRO DE PUREZA M NIMA, EM PESO, DE 99,94 %, EM PEDA OS, ESFERAS OU FORMAS SEMELHANTES."
72031000;- PRODUTOS FERROSOS OBTIDOS POR REDU  O DIRETA DOS MIN RIOS DE FERRO
72039000;- OUTROS
7204;"DESPERD CIOS E RES DUOS, E SUCATA, DE FERRO FUNDIDO, FERRO OU A O; DESPERD CIOS E RES DUOS, EM LINGOTES, DE FERRO OU A O."
72041000;- DESPERD CIOS E RES DUOS, E SUCATA, DE FERRO FUNDIDO
72042;- DESPERD CIOS E RES DUOS, E SUCATA, DE LIGAS DE A O:
72042100;-- DE A O INOXID VEL
72042900;-- OUTROS
72043000;- DESPERD CIOS E RES DUOS, E SUCATA, DE FERRO OU A O, ESTANHADOS
72044;- OUTROS DESPERD CIOS E RES DUOS, E SUCATA:
72044100;-- RES DUOS DO TORNO E DA FRESA, APARAS, LASCAS (MEULURES), P  DE SERRA, LIMALHAS E DESPERD CIOS DA ESTAMPAGEM OU DO CORTE, MESMO EM FARDOS
72044900;-- OUTROS
72045000;- DESPERD CIOS E RES DUOS, EM LINGOTES
7205;GRANALHAS E P S DE FERRO FUNDIDO BRUTO, DE FERRO SPIEGEL (ESPECULAR), DE FERRO OU A O.
72051000;- GRANALHAS
72052;- P S:
72052100;-- DE LIGAS DE A O
720529;-- OUTROS
72052910;DE FERRO ESPONJOSO, COM UM TEOR DE FERRO IGUAL OU SUPERIOR A 98 %, EM PESO
72052920;DE FERRO REVESTIDO COM RESINA TERMOPL STICA, COM UM TEOR DE FERRO IGUAL OU SUPERIOR A 98 %, EM PESO
72052990;OUTROS
7206;FERRO E A O N O LIGADO, EM LINGOTES OU OUTRAS FORMAS PRIM RIAS, EXCETO O FERRO DA POSI  O 72.03.
72061000;- LINGOTES
72069000;- OUTROS
7207;PRODUTOS SEMIMANUFATURADOS DE FERRO OU A O N O LIGADO.
72071;- QUE CONTENHAM, EM PESO, MENOS DE 0,25 % DE CARBONO:
720711;-- DE SE  O TRANSVERSAL QUADRADA OU RETANGULAR, COM LARGURA INFERIOR A DUAS VEZES A ESPESSURA
72071110;BILLETS
72071190;OUTROS
72071200;-- OUTROS, DE SE  O TRANSVERSAL RETANGULAR
72071900;-- OUTROS
72072000;- QUE CONTENHAM, EM PESO, 0,25 % OU MAIS DE CARBONO
7208;PRODUTOS LAMINADOS PLANOS, DE FERRO OU A O N O LIGADO, DE LARGURA IGUAL OU SUPERIOR A 600 MM, LAMINADOS A QUENTE, N O FOLHEADOS OU CHAPEADOS, NEM REVESTIDOS.
72081000;- EM ROLOS, SIMPLESMENTE LAMINADOS A QUENTE, APRESENTANDO MOTIVOS EM RELEVO
72082;- OUTROS, EM ROLOS, SIMPLESMENTE LAMINADOS A QUENTE, DECAPADOS:
72082500;-- DE ESPESSURA IGUAL OU SUPERIOR A 4,75 MM
720826;-- DE ESPESSURA IGUAL OU SUPERIOR A 3 MM, MAS INFERIOR A 4,75 MM
72082610;COM UM LIMITE M NIMO DE ELASTICIDADE DE 355 MPA
72082690;OUTROS
720827;-- DE ESPESSURA INFERIOR A 3 MM
72082710;COM UM LIMITE M NIMO DE ELASTICIDADE DE 275 MPA
72082790;OUTROS
72083;- OUTROS, EM ROLOS, SIMPLESMENTE LAMINADOS A QUENTE:
720836;-- DE ESPESSURA SUPERIOR A 10 MM
72083610;COM UM LIMITE M NIMO DE ELASTICIDADE DE 355 MPA
72083690;OUTROS
72083700;-- DE ESPESSURA IGUAL OU SUPERIOR A 4,75 MM, MAS N O SUPERIOR A 10 MM
720838;-- DE ESPESSURA IGUAL OU SUPERIOR A 3 MM, MAS INFERIOR A 4,75 MM
72083810;COM UM LIMITE M NIMO DE ELASTICIDADE DE 355 MPA
72083890;OUTROS
720839;-- DE ESPESSURA INFERIOR A 3 MM
72083910;COM UM LIMITE M NIMO DE ELASTICIDADE DE 275 MPA
72083990;OUTROS
72084000;- N O ENROLADOS, SIMPLESMENTE LAMINADOS A QUENTE, APRESENTANDO MOTIVOS EM RELEVO
72085;- OUTROS, N O ENROLADOS, SIMPLESMENTE LAMINADOS A QUENTE:
72085100;-- DE ESPESSURA SUPERIOR A 10 MM
72085200;-- DE ESPESSURA IGUAL OU SUPERIOR A 4,75 MM, MAS N O SUPERIOR A 10 MM
72085300;-- DE ESPESSURA IGUAL OU SUPERIOR A 3 MM, MAS INFERIOR A 4,75 MM
72085400;-- DE ESPESSURA INFERIOR A 3 MM
72089000;- OUTROS
7209;PRODUTOS LAMINADOS PLANOS, DE FERRO OU A O N O LIGADO, DE LARGURA IGUAL OU SUPERIOR A 600 MM, LAMINADOS A FRIO, N O FOLHEADOS OU CHAPEADOS, NEM REVESTIDOS.
72091;- EM ROLOS SIMPLESMENTE LAMINADOS A FRIO:
72091500;-- DE ESPESSURA IGUAL OU SUPERIOR A 3 MM
72091600;-- DE ESPESSURA SUPERIOR A 1 MM, MAS INFERIOR A 3 MM
72091700;-- DE ESPESSURA IGUAL OU SUPERIOR A 0,5 MM, MAS N O SUPERIOR A 1 MM
72091800;-- DE ESPESSURA INFERIOR A 0,5 MM
72092;- N O ENROLADOS, SIMPLESMENTE LAMINADOS A FRIO:
72092500;-- DE ESPESSURA IGUAL OU SUPERIOR A 3 MM
72092600;-- DE ESPESSURA SUPERIOR A 1 MM, MAS INFERIOR A 3 MM
72092700;-- DE ESPESSURA IGUAL OU SUPERIOR A 0,5 MM, MAS N O SUPERIOR A 1 MM
72092800;-- DE ESPESSURA INFERIOR A 0,5 MM
72099000;- OUTROS
7210;PRODUTOS LAMINADOS PLANOS, DE FERRO OU A O N O LIGADO, DE LARGURA IGUAL OU SUPERIOR A 600 MM, FOLHEADOS OU CHAPEADOS, OU REVESTIDOS.
72101;- ESTANHADOS:
72101100;-- DE ESPESSURA IGUAL OU SUPERIOR A 0,5 MM
72101200;-- DE ESPESSURA INFERIOR A 0,5 MM
72102000;- REVESTIDOS DE CHUMBO, INCLUINDO OS REVESTIDOS DE UMA LIGA DE CHUMBOESTANHO
721030;- GALVANIZADOS ELETROLITICAMENTE
72103010;DE ESPESSURA INFERIOR A 4,75 MM
72103090;OUTROS
72104;- GALVANIZADOS POR OUTRO PROCESSO:
721041;-- ONDULADOS
72104110;DE ESPESSURA INFERIOR A 4,75 MM
72104190;OUTROS
721049;-- OUTROS
72104910;DE ESPESSURA INFERIOR A 4,75 MM
72104990;OUTROS
72105000;- REVESTIDOS DE  XIDOS DE CROMO OU DE CROMO E  XIDOS DE CROMO
72106;- REVESTIDOS DE ALUM NIO:
72106100;-- REVESTIDOS DE LIGAS DE ALUMINIOZINCO
721069;-- OUTROS
7210691;REVESTIDOS DE LIGAS DE ALUMINIOSSIL CIO
72106911;DE PESO IGUAL OU SUPERIOR A 120 G/M2 E COM CONTE DO DE SIL CIO IGUAL OU SUPERIOR A 5 %, MAS INFERIOR OU IGUAL A 11 %, EM PESO
72106919;OUTROS
72106990;OUTROS
721070;- PINTADOS, ENVERNIZADOS OU REVESTIDOS DE PL STICO
72107010;PINTADOS OU ENVERNIZADOS
72107020;REVESTIDOS DE PL STICO
72109000;- OUTROS
7211;PRODUTOS LAMINADOS PLANOS, DE FERRO OU A O N O LIGADO, DE LARGURA INFERIOR A 600 MM, N O FOLHEADOS OU CHAPEADOS, NEM REVESTIDOS.
72111;- SIMPLESMENTE LAMINADOS A QUENTE:
72111300;-- LAMINADOS NAS QUATRO FACES OU EM CAIXA FECHADA, DE LARGURA SUPERIOR A 150 MM E DE ESPESSURA IGUAL OU SUPERIOR A 4 MM, N O ENROLADOS E N O APRESENTANDO MOTIVOS EM RELEVO
72111400;-- OUTROS, DE ESPESSURA IGUAL OU SUPERIOR A 4,75 MM
72111900;-- OUTROS
72112;- SIMPLESMENTE LAMINADOS A FRIO:
72112300;-- QUE CONTENHAM, EM PESO, MENOS DE 0,25 % DE CARBONO
721129;-- OUTROS
72112910;COM UM TEOR DE CARBONO IGUAL OU SUPERIOR A 0,25 %, MAS INFERIOR A 0,6 %, EM PESO
72112920;COM UM TEOR DE CARBONO IGUAL OU SUPERIOR A 0,6 %, EM PESO
721190;- OUTROS
72119010;COM UM TEOR DE CARBONO IGUAL OU SUPERIOR A 0,6 %, EM PESO
72119090;OUTROS
7212;PRODUTOS LAMINADOS PLANOS, DE FERRO OU A O N O LIGADO, DE LARGURA INFERIOR A 600 MM, FOLHEADOS OU CHAPEADOS, OU REVESTIDOS.
72121000;- ESTANHADOS
721220;- GALVANIZADOS ELETROLITICAMENTE
72122010;DE ESPESSURA INFERIOR A 4,75 MM
72122090;OUTROS
72123000;- GALVANIZADOS POR OUTRO PROCESSO
721240;- PINTADOS, ENVERNIZADOS OU REVESTIDOS DE PL STICO
72124010;PINTADOS OU ENVERNIZADOS
7212402;REVESTIDOS DE PL STICO
72124021;COM UMA CAMADA INTERMEDI RIA DE LIGA COBRE-ESTANHO OU COBRE-ESTANHO-CHUMBO, APLICADA POR SINTERIZA  O
72124029;OUTROS
721250;- REVESTIDOS DE OUTRAS MAT RIAS
72125010;COM UMA CAMADA DE LIGA COBRE-ESTANHO OU COBRE-ESTANHO-CHUMBO, APLICADA POR SINTERIZA  O, INCLUSIVE COM REVESTIMENTO MISTO METAL-PL STICO OU METAL-PL STICO-FIBRA DE CARBONO
72125090;OUTROS
72126000;- FOLHEADOS OU CHAPEADOS
7213;FIO-M QUINA DE FERRO OU A O N O LIGADO.
72131000;- DENTADOS, COM NERVURAS, SULCOS (ENTALHES) OU RELEVOS, OBTIDOS DURANTE A LAMINAGEM
72132000;- OUTROS, DE A O PARA TORNEAR
72139;- OUTROS:
721391;-- DE SE  O CIRCULAR, DE DI METRO INFERIOR A 14 MM
72139110;COM UM TEOR DE CARBONO IGUAL OU SUPERIOR A 0,6 %, EM PESO
72139190;OUTROS
721399;-- OUTROS
72139910;COM UM TEOR DE CARBONO IGUAL OU SUPERIOR A 0,6 %, EM PESO
72139990;OUTROS
7214;BARRAS DE FERRO OU A O N O LIGADO, SIMPLESMENTE FORJADAS, LAMINADAS, ESTIRADAS OU EXTRUDADAS, A QUENTE, INCLUINDO AS QUE TENHAM SIDO SUBMETIDAS A TOR  O AP S LAMINAGEM.
721410;- FORJADAS
72141010;COM UM TEOR DE CARBONO INFERIOR OU IGUAL A 0,6 %, EM PESO
72141090;OUTRAS
72142000;- DENTADAS, COM NERVURAS, SULCOS (ENTALHES) OU RELEVOS, OBTIDOS DURANTE A LAMINAGEM, OU TORCIDAS AP S LAMINAGEM
72143000;- OUTRAS, DE A O PARA TORNEAR
72149;- OUTRAS:
72149100;-- DE SE  O TRANSVERSAL RETANGULAR
721499;-- OUTRAS
72149910;DE SE  O CIRCULAR
72149990;OUTRAS
7215;OUTRAS BARRAS DE FERRO OU A O N O LIGADO.
72151000;- DE A O PARA TORNEAR, SIMPLESMENTE OBTIDAS OU COMPLETAMENTE ACABADAS A FRIO
72155000;- OUTRAS, SIMPLESMENTE OBTIDAS OU COMPLETAMENTE ACABADAS A FRIO
721590;- OUTRAS
72159010;COM UM TEOR DE CARBONO INFERIOR OU IGUAL A 0,6 %, EM PESO
72159090;OUTRAS
7216;PERFIS DE FERRO OU A O N O LIGADO.
72161000;- PERFIS EM U, I OU H, SIMPLESMENTE LAMINADOS, ESTIRADOS OU EXTRUDADOS, A QUENTE, DE ALTURA INFERIOR A 80 MM
72162;- PERFIS EM L OU T, SIMPLESMENTE LAMINADOS, ESTIRADOS OU EXTRUDADOS, A QUENTE, DE ALTURA INFERIOR A 80 MM:
72162100;-- PERFIS EM L
72162200;-- PERFIS EM T
72163;- PERFIS EM U, I OU H, SIMPLESMENTE LAMINADOS, ESTIRADOS OU EXTRUDADOS, A QUENTE, DE ALTURA IGUAL OU SUPERIOR A 80 MM:
72163100;-- PERFIS EM U
72163200;-- PERFIS EM I
72163300;-- PERFIS EM H
721640;- PERFIS EM L OU T, SIMPLESMENTE LAMINADOS, ESTIRADOS OU EXTRUDADOS, A QUENTE, DE ALTURA IGUAL OU SUPERIOR A 80 MM
72164010;DE ALTURA INFERIOR OU IGUAL A 200 MM
72164090;OUTROS
72165000;- OUTROS PERFIS, SIMPLESMENTE LAMINADOS, ESTIRADOS OU EXTRUDADOS, A QUENTE
72166;- PERFIS SIMPLESMENTE OBTIDOS OU COMPLETAMENTE ACABADOS A FRIO:
721661;-- OBTIDOS A PARTIR DE PRODUTOS LAMINADOS PLANOS
72166110;DE ALTURA INFERIOR A 80 MM
72166190;OUTROS
721669;-- OUTROS
72166910;DE ALTURA INFERIOR A 80 MM
72166990;OUTROS
72169;- OUTROS:
72169100;-- OBTIDOS OU ACABADOS A FRIO A PARTIR DE PRODUTOS LAMINADOS PLANOS
72169900;-- OUTROS
7217;FIOS DE FERRO OU A O N O LIGADO.
721710;- N O REVESTIDOS, MESMO POLIDOS
7217101;COM UM TEOR DE CARBONO IGUAL OU SUPERIOR A 0,6 %, EM PESO
72171011;COM UM TEOR, EM PESO, DE F SFORO INFERIOR A 0,035 % E DE ENXOFRE INFERIOR A 0,035 %, TEMPERADO E REVENIDO, FLECHA M XIMA SEM CARGA DE 1 CM EM 1 M, RESIST NCIA   TRA  O IGUAL OU SUPERIOR A 1.960 MPA E CUJA MAIOR DIMENS O DA SE  O TRANSVERSAL SEJA INFERIOR OU IGUAL A 2,25 MM
72171019;OUTROS
72171090;OUTROS
721720;- GALVANIZADOS
72172010;COM UM TEOR DE CARBONO IGUAL OU SUPERIOR A 0,6 %, EM PESO
72172090;OUTROS
721730;- REVESTIDOS DE OUTROS METAIS COMUNS
72173010;COM UM TEOR DE CARBONO IGUAL OU SUPERIOR A 0,6 %, EM PESO
72173090;OUTROS
72179000;- OUTROS
7218;"A O INOXID VEL EM LINGOTES OU OUTRAS FORMAS PRIM RIAS; PRODUTOS SEMIMANUFATURADOS DE A O INOXID VEL."
72181000;- LINGOTES E OUTRAS FORMAS PRIM RIAS
72189;- OUTROS:
72189100;-- DE SE  O TRANSVERSAL RETANGULAR
72189900;-- OUTROS
7219;PRODUTOS LAMINADOS PLANOS DE A O INOXID VEL, DE LARGURA IGUAL OU SUPERIOR A 600 MM.
72191;- SIMPLESMENTE LAMINADOS A QUENTE, EM ROLOS:
72191100;-- DE ESPESSURA SUPERIOR A 10 MM
72191200;-- DE ESPESSURA IGUAL OU SUPERIOR A 4,75 MM, MAS N O SUPERIOR A 10 MM
72191300;-- DE ESPESSURA IGUAL OU SUPERIOR A 3 MM, MAS INFERIOR A 4,75 MM
72191400;-- DE ESPESSURA INFERIOR A 3 MM
72192;- SIMPLESMENTE LAMINADOS A QUENTE, N O ENROLADOS:
72192100;-- DE ESPESSURA SUPERIOR A 10 MM
72192200;-- DE ESPESSURA IGUAL OU SUPERIOR A 4,75 MM, MAS N O SUPERIOR A 10 MM
72192300;-- DE ESPESSURA IGUAL OU SUPERIOR A 3 MM, MAS INFERIOR A 4,75 MM
72192400;-- DE ESPESSURA INFERIOR A 3 MM
72193;- SIMPLESMENTE LAMINADOS A FRIO:
72193100;-- DE ESPESSURA IGUAL OU SUPERIOR A 4,75 MM
72193200;-- DE ESPESSURA IGUAL OU SUPERIOR A 3 MM, MAS INFERIOR A 4,75 MM
72193300;-- DE ESPESSURA SUPERIOR A 1 MM, MAS INFERIOR A 3 MM
72193400;-- DE ESPESSURA IGUAL OU SUPERIOR A 0,5 MM, MAS N O SUPERIOR A 1 MM
72193500;-- DE ESPESSURA INFERIOR A 0,5 MM
721990;- OUTROS
72199010;DE ESPESSURA INFERIOR A 4,75 MM E DUREZA IGUAL OU SUPERIOR A 42 HRC
72199090;OUTROS
7220;PRODUTOS LAMINADOS PLANOS DE A O INOXID VEL, DE LARGURA INFERIOR A 600 MM.
72201;- SIMPLESMENTE LAMINADOS A QUENTE:
72201100;-- DE ESPESSURA IGUAL OU SUPERIOR A 4,75 MM
722012;-- DE ESPESSURA INFERIOR A 4,75 MM
72201210;DE ESPESSURA INFERIOR OU IGUAL A 1,5 MM
72201220;DE ESPESSURA SUPERIOR A 1,5 MM, MAS N O SUPERIOR A 3 MM
72201290;OUTROS
722020;- SIMPLESMENTE LAMINADOS A FRIO
72202010;DE LARGURA INFERIOR OU IGUAL A 23 MM E ESPESSURA INFERIOR OU IGUAL A 0,1 MM
72202090;OUTROS
72209000;- OUTROS
72210000;FIO-M QUINA DE A O INOXID VEL.
7222;BARRAS E PERFIS, DE A O INOXID VEL.
72221;- BARRAS SIMPLESMENTE LAMINADAS, ESTIRADAS OU EXTRUDADAS, A QUENTE:
72221100;-- DE SE  O CIRCULAR
722219;-- OUTRAS
72221910;DE SE  O TRANSVERSAL RETANGULAR
72221990;OUTRAS
72222000;- BARRAS SIMPLESMENTE OBTIDAS OU COMPLETAMENTE ACABADAS A FRIO
72223000;- OUTRAS BARRAS
722240;- PERFIS
72224010;DE ALTURA IGUAL OU SUPERIOR A 80 MM
72224090;OUTROS
72230000;FIOS DE A O INOXID VEL.
7224;"OUTRAS LIGAS DE A O, EM LINGOTES OU OUTRAS FORMAS PRIM RIAS; PRODUTOS SEMIMANUFATURADOS, DE OUTRAS LIGAS DE A O."
72241000;- LINGOTES E OUTRAS FORMAS PRIM RIAS
72249000;- OUTROS
7225;PRODUTOS LAMINADOS PLANOS, DE OUTRAS LIGAS DE A O, DE LARGURA IGUAL OU SUPERIOR A 600 MM.
72251;"- DE A O AO SIL CIO, DENOMINADO ""MAGN TICO"":"
72251100;-- DE GR OS ORIENTADOS
72251900;-- OUTROS
72253000;- OUTROS, SIMPLESMENTE LAMINADOS A QUENTE, EM ROLOS
722540;- OUTROS, SIMPLESMENTE LAMINADOS A QUENTE, N O ENROLADOS
72254010;DE A O, SEGUNDO NORMAS AISI D2, D3 OU D6, DE ESPESSURA INFERIOR OU IGUAL A 7 MM
72254020;DE A OS DE CORTE R PIDO
72254090;OUTROS
722550;- OUTROS, SIMPLESMENTE LAMINADOS A FRIO
72255010;DE A OS DE CORTE R PIDO
72255090;OUTROS
72259;- OUTROS:
72259100;-- GALVANIZADOS ELETROLITICAMENTE
72259200;-- GALVANIZADOS POR OUTRO PROCESSO
722599;-- OUTROS
72259910;DE A OS DE CORTE R PIDO
72259990;OUTROS
7226;PRODUTOS LAMINADOS PLANOS, DE OUTRAS LIGAS DE A O, DE LARGURA INFERIOR A 600 MM.
72261;"- DE A O AO SIL CIO, DENOMINADO ""MAGN TICO"":"
72261100;-- DE GR OS ORIENTADOS
72261900;-- OUTROS
722620;- DE A O DE CORTE R PIDO
72262010;DE ESPESSURA IGUAL OU SUPERIOR A 1 MM, MAS N O SUPERIOR A 4 MM
72262090;OUTROS
72269;- OUTROS:
72269100;-- SIMPLESMENTE LAMINADOS A QUENTE
72269200;-- SIMPLESMENTE LAMINADOS A FRIO
72269900;-- OUTROS
7227;FIO-M QUINA DE OUTRAS LIGAS DE A O.
72271000;- DE A O DE CORTE R PIDO
72272000;- DE A O SILICIOMANGAN S
72279000;- OUTROS
7228;"BARRAS E PERFIS, DE OUTRAS LIGAS DE A O; BARRAS OCAS PARA PERFURA  O, DE LIGAS DE A O OU DE A O N O LIGADO."
722810;- BARRAS DE A O DE CORTE R PIDO
72281010;SIMPLESMENTE LAMINADAS, ESTIRADAS OU EXTRUDADAS, A QUENTE
72281090;OUTRAS
72282000;- BARRAS DE A O SILICIOMANGAN S
72283000;- OUTRAS BARRAS, SIMPLESMENTE LAMINADAS, ESTIRADAS OU EXTRUDADAS, A QUENTE
72284000;- OUTRAS BARRAS, SIMPLESMENTE FORJADAS
72285000;- OUTRAS BARRAS, SIMPLESMENTE OBTIDAS OU COMPLETAMENTE ACABADAS A FRIO
72286000;- OUTRAS BARRAS
72287000;- PERFIS
72288000;- BARRAS OCAS PARA PERFURA  O
7229;FIOS DE OUTRAS LIGAS DE A O.
72292000;- DE A O SILICIOMANGAN S
72299000;- OUTROS
73;OBRAS DE FERRO FUNDIDO, FERRO OU A O.
7301;"ESTACAS-PRANCHAS DE FERRO OU A O, MESMO PERFURADAS OU FEITAS COM ELEMENTOS MONTADOS; PERFIS OBTIDOS POR SOLDADURA, DE FERRO OU A O."
73011000;- ESTACAS-PRANCHAS
73012000;- PERFIS
7302;ELEMENTOS DE VIAS F RREAS, DE FERRO FUNDIDO, FERRO OU A O: TRILHOS (CARRIS), CONTRATRILHOS (CONTRACARRIS) E CREMALHEIRAS, AGULHAS, CR SSIMAS, ALAVANCAS PARA COMANDO DE AGULHAS E OUTROS ELEMENTOS DE CRUZAMENTOS E DESVIOS, DORMENTES, TALAS DE JUN  O (ECLISSAS*), COXINS DE TRILHO (CARRIL), CANTONEIRAS, PLACAS DE APOIO OU ASSENTAMENTO, PLACAS DE APERTO, PLACAS E TIRANTES DE SEPARA  O E OUTRAS PE AS PR PRIAS PARA A FIXA  O, ARTICULA  O, APOIO OU JUN  O DE TRILHOS (CARRIS).
730210;- TRILHOS (CARRIS)
73021010;DE A O, DE PESO LINEAR IGUAL OU SUPERIOR A 44,5 KG/M
73021090;OUTROS
73023000;- AGULHAS, CR SSIMAS, ALAVANCAS PARA COMANDO DE AGULHAS E OUTROS ELEMENTOS DE CRUZAMENTOS E DESVIOS
73024000;- TALAS DE JUN  O (ECLISSAS*) E PLACAS DE APOIO OU ASSENTAMENTO
73029000;- OUTROS
73030000;TUBOS E PERFIS OCOS, DE FERRO FUNDIDO.
7304;TUBOS E PERFIS OCOS, SEM COSTURA, DE FERRO OU A O.
73041;- TUBOS DO TIPO UTILIZADO EM OLEODUTOS OU GASODUTOS:
73041100;-- DE A O INOXID VEL
73041900;-- OUTROS
73042;- TUBOS PARA REVESTIMENTO DE PO OS, DE PRODU  O OU SUPRIMENTO E HASTES DE PERFURA  O, DO TIPO UTILIZADO NA EXTRA  O DE PETR LEO OU DE G S:
73042200;-- HASTES DE PERFURA  O DE A O INOXID VEL
730423;-- OUTRAS HASTES DE PERFURA  O
73042310;DE A O N O LIGADO
73042390;OUTRAS
73042400;-- OUTROS, DE A O INOXID VEL
730429;-- OUTROS
73042910;DE A O N O LIGADO
7304293;DE OUTRAS LIGAS DE A O N O REVESTIDOS
73042931;DE DI METRO EXTERIOR INFERIOR OU IGUAL A 229 MM
73042939;OUTROS
73042990;OUTROS
73043;- OUTROS, DE SE  O CIRCULAR, DE FERRO OU A O N O LIGADO:
730431;-- ESTIRADOS OU LAMINADOS, A FRIO
73043110;TUBOS N O REVESTIDOS
73043190;OUTROS
730439;-- OUTROS
73043910;TUBOS N O REVESTIDOS, DE DI METRO EXTERIOR INFERIOR OU IGUAL A 229 MM
73043920;TUBOS REVESTIDOS, DE DI METRO EXTERIOR INFERIOR OU IGUAL A 229 MM
73043990;OUTROS
73044;- OUTROS, DE SE  O CIRCULAR, DE A O INOXID VEL:
730441;-- ESTIRADOS OU LAMINADOS, A FRIO
73044110;TUBOS CAPILARES DE DI METRO EXTERIOR INFERIOR OU IGUAL A 3 MM E DI METRO INTERIOR INFERIOR OU IGUAL A 0,2 MM
73044190;OUTROS
73044900;-- OUTROS
73045;- OUTROS, DE SE  O CIRCULAR, DE OUTRAS LIGAS DE A O:
730451;-- ESTIRADOS OU LAMINADOS, A FRIO
7304511;TUBOS DE DI METRO EXTERIOR INFERIOR OU IGUAL A 229 MM
73045111;TUBOS CAPILARES DE DI METRO EXTERIOR INFERIOR OU IGUAL A 3 MM E DI METRO INTERIOR INFERIOR OU IGUAL A 0,2 MM
73045119;OUTROS
73045190;OUTROS
730459;-- OUTROS
73045910;TUBOS DE DI METRO EXTERIOR INFERIOR OU IGUAL A 229 MM
73045990;OUTROS
730490;- OUTROS
7304901;DE DI METRO EXTERIOR INFERIOR OU IGUAL A 229 MM
73049011;DE A O INOXID VEL
73049019;OUTROS
73049090;OUTROS
7305;OUTROS TUBOS (POR EXEMPLO, SOLDADOS OU REBITADOS), DE SE  O CIRCULAR, DE DI METRO EXTERIOR SUPERIOR A 406,4 MM, DE FERRO OU A O.
73051;- TUBOS DO TIPO UTILIZADO EM OLEODUTOS OU GASODUTOS:
73051100;-- SOLDADOS LONGITUDINALMENTE POR ARCO IMERSO
73051200;-- OUTROS, SOLDADOS LONGITUDINALMENTE
73051900;-- OUTROS
73052000;- TUBOS PARA REVESTIMENTO DE PO OS, DO TIPO UTILIZADO NA EXTRA  O DE PETR LEO OU DE G S
73053;- OUTROS, SOLDADOS:
73053100;-- SOLDADOS LONGITUDINALMENTE
73053900;-- OUTROS
73059000;- OUTROS
7306;OUTROS TUBOS E PERFIS OCOS (POR EXEMPLO, SOLDADOS, REBITADOS, GRAMPEADOS OU COM AS BORDAS SIMPLESMENTE APROXIMADAS), DE FERRO OU A O.
73061;- TUBOS DO TIPO UTILIZADO EM OLEODUTOS OU GASODUTOS:
73061100;-- SOLDADOS, DE A O INOXID VEL
73061900;-- OUTROS
73062;- TUBOS PARA REVESTIMENTO DE PO OS, DE PRODU  O OU SUPRIMENTO, DO TIPO UTILIZADO NA EXTRA  O DE PETR LEO OU DE G S:
73062100;-- SOLDADOS, DE A O INOXID VEL
73062900;-- OUTROS
730630;- OUTROS, SOLDADOS, DE SE  O CIRCULAR, DE FERRO OU A O N O LIGADO
73063010;DE DI METRO EXTERIOR IGUAL A 22,25 MM, ESPESSURA IGUAL A 2,64 MM E COMPRIMENTO IGUAL A 448,2 MM
73063090;OUTROS
73064000;- OUTROS, SOLDADOS, DE SE  O CIRCULAR, DE A O INOXID VEL
73065000;- OUTROS, SOLDADOS, DE SE  O CIRCULAR, DE OUTRAS LIGAS DE A O
73066;- OUTROS, SOLDADOS, DE SE  O N O CIRCULAR:
73066100;-- DE SE  O QUADRADA OU RETANGULAR
73066900;-- DE OUTRAS SE  ES
730690;- OUTROS
73069010;DE FERRO OU A O N O LIGADO
73069020;DE A O INOXID VEL
73069090;OUTROS
7307;ACESS RIOS PARA TUBOS (POR EXEMPLO, UNI ES, COTOVELOS, LUVAS (MANGAS*)), DE FERRO FUNDIDO, FERRO OU A O.
73071;- MOLDADOS:
73071100;-- DE FERRO FUNDIDO N O MALE VEL
730719;-- OUTROS
73071910;DE FERRO FUNDIDO MALE VEL, DE DI METRO INTERIOR SUPERIOR A 50,8 MM
73071920;DE A O
73071990;OUTROS
73072;- OUTROS, DE A O INOXID VEL:
73072100;-- FLANGES
73072200;-- COTOVELOS, CURVAS E LUVAS (MANGAS*), ROSCADOS
73072300;-- ACESS RIOS PARA SOLDAR TOPO A TOPO
73072900;-- OUTROS
73079;- OUTROS:
73079100;-- FLANGES
73079200;-- COTOVELOS, CURVAS E LUVAS (MANGAS*), ROSCADOS
73079300;-- ACESS RIOS PARA SOLDAR TOPO A TOPO
73079900;-- OUTROS
7308;"CONSTRU  ES E SUAS PARTES (POR EXEMPLO, PONTES E ELEMENTOS DE PONTES, COMPORTAS, TORRES, P RTICOS, PILARES, COLUNAS, ARMA  ES, ESTRUTURAS PARA TELHADOS, PORTAS E JANELAS, E SEUS CAIXILHOS, ALIZARES E SOLEIRAS, PORTAS DE CORRER, BALAUSTRADAS), DE FERRO FUNDIDO, FERRO OU A O, EXCETO AS CONSTRU  ES PR -FABRICADAS DA POSI  O 94.06; CHAPAS, BARRAS, PERFIS, TUBOS E SEMELHANTES, DE FERRO FUNDIDO, FERRO OU A O, PR PRIOS PARA CONSTRU  ES."
73081000;- PONTES E ELEMENTOS DE PONTES
73082000;- TORRES E P RTICOS
73083000;- PORTAS E JANELAS, E SEUS CAIXILHOS, ALIZARES E SOLEIRAS
73084000;- MATERIAL PARA ANDAIMES, PARA COFRAGENS OU PARA ESCORAMENTOS
730890;- OUTROS
73089010;CHAPAS, BARRAS, PERFIS, TUBOS E SEMELHANTES, PR PRIOS PARA CONSTRU  ES
73089090;OUTROS
730900;RESERVAT RIOS, TON IS, CUBAS E RECIPIENTES SEMELHANTES PARA QUAISQUER MAT RIAS (EXCETO GASES COMPRIMIDOS OU LIQUEFEITOS), DE FERRO FUNDIDO, FERRO OU A O, DE CAPACIDADE SUPERIOR A 300 L, SEM DISPOSITIVOS MEC NICOS OU T RMICOS, MESMO COM REVESTIMENTO INTERIOR OU CALOR FUGO.
73090010;PARA ARMAZENAMENTO DE GR OS E OUTRAS MAT RIAS S LIDAS
73090020;RECIPIENTES ISOT RMICOS REFRIGERADOS A NITROG NIO (AZOTO) L QUIDO, DO TIPO UTILIZADO PARA S MEN, SANGUE, TECIDOS BIOL GICOS E OUTROS PRODUTOS SEMELHANTES
73090090;OUTROS
7310;RESERVAT RIOS, BARRIS, TAMBORES, LATAS, CAIXAS E RECIPIENTES SEMELHANTES PARA QUAISQUER MAT RIAS (EXCETO GASES COMPRIMIDOS OU LIQUEFEITOS), DE FERRO FUNDIDO, FERRO OU A O, DE CAPACIDADE N O SUPERIOR A 300 L, SEM DISPOSITIVOS MEC NICOS OU T RMICOS, MESMO COM REVESTIMENTO INTERIOR OU CALOR FUGO.
731010;- DE CAPACIDADE IGUAL OU SUPERIOR A 50 L
73101010;RECIPIENTES ISOT RMICOS REFRIGERADOS A NITROG NIO (AZOTO) L QUIDO, DO TIPO UTILIZADO PARA S MEN, SANGUE, TECIDOS BIOL GICOS E OUTROS PRODUTOS SEMELHANTES
73101090;OUTROS
73102;- DE CAPACIDADE INFERIOR A 50 L:
731021;-- LATAS PR PRIAS PARA SEREM FECHADAS POR SOLDADURA OU CRAVA  O
73102110;PR PRIAS PARA ACONDICIONAR PRODUTOS ALIMENT CIOS
73102190;OUTROS
731029;-- OUTROS
73102910;PR PRIOS PARA ACONDICIONAR PRODUTOS ALIMENT CIOS
73102920;RECIPIENTES ISOT RMICOS REFRIGERADOS A NITROG NIO (AZOTO) L QUIDO, DO TIPO UTILIZADO PARA S MEN, SANGUE, TECIDOS BIOL GICOS E OUTROS PRODUTOS SEMELHANTES
73102990;OUTROS
73110000;RECIPIENTES PARA GASES COMPRIMIDOS OU LIQUEFEITOS, DE FERRO FUNDIDO, FERRO OU A O.
7312;CORDAS, CABOS, TRAN AS (ENTRAN ADOS*), LINGAS E ARTIGOS SEMELHANTES, DE FERRO OU A O, N O ISOLADOS PARA USOS EL TRICOS.
731210;- CORDAS E CABOS
73121010;DE FIOS DE A O REVESTIDOS DE BRONZE OU LAT O
73121090;OUTROS
73129000;- OUTROS
73130000;"ARAME FARPADO, DE FERRO OU A O; ARAMES OU TIRAS, RETORCIDOS, MESMO FARPADOS, DE FERRO OU A O, DO TIPO UTILIZADO EM CERCAS."
7314;"TELAS MET LICAS (INCLUINDO AS TELAS CONT NUAS OU SEM FIM), GRADES E REDES, DE FIOS DE FERRO OU A O; CHAPAS E TIRAS, DISTENDIDAS, DE FERRO OU A O."
73141;- TELAS MET LICAS TECIDAS:
73141200;-- TELAS MET LICAS, CONT NUAS OU SEM FIM, PARA M QUINAS, DE A O INOXID VEL
73141400;-- OUTRAS TELAS MET LICAS TECIDAS, DE A O INOXID VEL
73141900;-- OUTRAS
73142000;- GRADES E REDES, SOLDADAS NOS PONTOS DE INTERSE  O, DE FIOS COM, PELO MENOS, 3 MM NA MAIOR DIMENS O DA SE  O TRANSVERSAL E COM MALHAS DE 100 CM2 OU MAIS, DE SUPERF CIE
73143;- OUTRAS GRADES E REDES, SOLDADAS NOS PONTOS DE INTERSE  O:
73143100;-- GALVANIZADAS
73143900;-- OUTRAS
73144;- OUTRAS TELAS MET LICAS, GRADES E REDES:
73144100;-- GALVANIZADAS
73144200;-- REVESTIDAS DE PL STICO
73144900;-- OUTRAS
73145000;- CHAPAS E TIRAS, DISTENDIDAS
7315;CORRENTES, CADEIAS, E SUAS PARTES, DE FERRO FUNDIDO, FERRO OU A O.
73151;- CORRENTES DE ELOS ARTICULADOS E SUAS PARTES:
731511;-- CORRENTES DE ROLOS
73151110;"DO TIPO UTILIZADO EM BICICLETAS, COM PASSO DE 12,7 MM (1/2"") E LARGURA INTERNA IGUAL OU SUPERIOR A 1,98 MM (5/64""), MAS INFERIOR OU IGUAL A 3,17 MM (1/8"")"
73151190;OUTRAS
731512;-- OUTRAS CORRENTES
73151210;DE TRANSMISS O
73151290;OUTRAS
73151900;-- PARTES
73152000;- CORRENTES ANTIDERRAPANTES
73158;- OUTRAS CORRENTES E CADEIAS:
73158100;-- CORRENTES DE ELOS COM SUPORTE
73158200;-- OUTRAS CORRENTES, DE ELOS SOLDADOS
73158900;-- OUTRAS
73159000;- OUTRAS PARTES
73160000;NCORAS, FATEIXAS, E SUAS PARTES, DE FERRO FUNDIDO, FERRO OU A O.
731700;TACHAS, PREGOS, PERCEVEJOS, ESC PULAS (PREGOS PARA TACOS), GRAMPOS ONDULADOS OU BISELADOS E ARTIGOS SEMELHANTES, DE FERRO FUNDIDO, FERRO OU A O, MESMO COM A CABE A DE OUTRA MAT RIA, EXCETO COBRE.
73170010;TACHAS
73170020;GRAMPOS DE FIO CURVADO
73170030;PONTAS OU DENTES PARA M QUINAS T XTEIS
73170090;OUTROS
7318;PARAFUSOS, PINOS OU PERNOS, ROSCADOS, PORCAS, TIRA-FUNDOS, GANCHOS ROSCADOS, REBITES, CHAVETAS, CONTRAPINOS OU TRO OS, ARRUELAS (ANILHAS) (INCLUINDO AS DE PRESS O) E ARTIGOS SEMELHANTES, DE FERRO FUNDIDO, FERRO OU A O.
73181;- ARTIGOS ROSCADOS:
73181100;-- TIRA-FUNDOS
73181200;-- OUTROS PARAFUSOS PARA MADEIRA
73181300;-- GANCHOS, ESC PULAS E PIT ES
73181400;-- PARAFUSOS AUTOPERFURANTES
73181500;-- OUTROS PARAFUSOS E PINOS OU PERNOS, MESMO COM AS PORCAS E ARRUELAS (ANILHAS)
73181600;-- PORCAS
73181900;-- OUTROS
73182;- ARTIGOS N O ROSCADOS:
73182100;-- ARRUELAS (ANILHAS) DE PRESS O E OUTRAS ARRUELAS (ANILHAS) DE SEGURAN A
73182200;-- OUTRAS ARRUELAS (ANILHAS)
73182300;-- REBITES
73182400;-- CHAVETAS E CONTRAPINOS OU TRO OS
73182900;-- OUTROS
7319;"AGULHAS DE COSTURA, AGULHAS DE TRIC , AGULHAS-PASSADORAS, AGULHAS DE CROCH , FURADORES PARA BORDAR E ARTIGOS SEMELHANTES, PARA USO MANUAL, DE FERRO OU A O; ALFINETES DE SEGURAN A E OUTROS ALFINETES, DE FERRO OU A O, N O ESPECIFICADOS NEM COMPREENDIDOS NOUTRAS POSI  ES."
73194000;- ALFINETES DE SEGURAN A E OUTROS ALFINETES
73199000;- OUTROS
7320;MOLAS E FOLHAS DE MOLAS, DE FERRO OU A O.
73201000;- MOLAS DE FOLHAS E SUAS FOLHAS
732020;- MOLAS HELICOIDAIS
73202010;CIL NDRICAS
73202090;OUTRAS
73209000;- OUTRAS
7321;AQUECEDORES DE AMBIENTE (FOG ES DE SALA), CALDEIRAS DE FORNALHA, FOG ES DE COZINHA (INCLUINDO OS QUE POSSAM SER UTILIZADOS ACESSORIAMENTE NO AQUECIMENTO CENTRAL), CHURRASQUEIRAS (GRELHADORES), BRASEIRAS, FOGAREIROS A G S, AQUECEDORES DE PRATOS, E APARELHOS N O EL TRICOS SEMELHANTES, DE USO DOM STICO, E SUAS PARTES, DE FERRO FUNDIDO, FERRO OU A O.
73211;- APARELHOS PARA COZINHAR E AQUECEDORES DE PRATOS:
73211100;-- A COMBUST VEIS GASOSOS, OU A G S E OUTROS COMBUST VEIS
73211200;-- A COMBUST VEIS L QUIDOS
73211900;-- OUTROS, INCLUINDO OS APARELHOS A COMBUST VEIS S LIDOS
73218;- OUTROS APARELHOS:
73218100;-- A COMBUST VEIS GASOSOS, OU A G S E OUTROS COMBUST VEIS
73218200;-- A COMBUST VEIS L QUIDOS
73218900;-- OUTROS, INCLUINDO OS APARELHOS A COMBUST VEIS S LIDOS
73219000;- PARTES
7322;"RADIADORES PARA AQUECIMENTO CENTRAL, N O EL TRICOS, E SUAS PARTES, DE FERRO FUNDIDO, FERRO OU A O; GERADORES E DISTRIBUIDORES DE AR QUENTE (INCLUINDO OS DISTRIBUIDORES QUE POSSAM TAMB M FUNCIONAR COMO DISTRIBUIDORES DE AR FRIO OU CONDICIONADO), N O EL TRICOS, MUNIDOS DE VENTILADOR OU FOLE COM MOTOR, E SUAS PARTES, DE FERRO FUNDIDO, FERRO OU A O."
73221;- RADIADORES E SUAS PARTES:
73221100;-- DE FERRO FUNDIDO
73221900;-- OUTROS
732290;- OUTROS
73229010;GERADORES DE AR QUENTE A COMBUST VEL L QUIDO, COM CAPACIDADE IGUAL OU SUPERIOR A 1.500 KCAL/H, MAS N O SUPERIOR A 10.400 KCAL/H, DO TIPO UTILIZADO EM VE CULOS AUTOM VEIS
73229090;OUTROS
7323;"SERVI OS DE MESA, ARTIGOS DE COZINHA E OUTROS ARTIGOS DE USO DOM STICO, E SUAS PARTES, DE FERRO FUNDIDO, FERRO OU A O; PALHA DE FERRO OU A O; ESPONJAS, ESFREG ES, LUVAS E ARTIGOS SEMELHANTES PARA LIMPEZA, POLIMENTO OU USOS SEMELHANTES, DE FERRO OU A O."
73231000;"- PALHA DE FERRO OU A O; ESPONJAS, ESFREG ES, LUVAS E ARTIGOS SEMELHANTES PARA LIMPEZA, POLIMENTO OU USOS SEMELHANTES"
73239;- OUTROS:
73239100;-- DE FERRO FUNDIDO, N O ESMALTADOS
73239200;-- DE FERRO FUNDIDO, ESMALTADOS
73239300;-- DE A O INOXID VEL
73239400;-- DE FERRO OU A O, ESMALTADOS
73239900;-- OUTROS
7324;ARTIGOS DE HIGIENE OU DE TOUCADOR, E SUAS PARTES, DE FERRO FUNDIDO, FERRO OU A O.
73241000;- PIAS E LAVAT RIOS, DE A O INOXID VEL
73242;- BANHEIRAS:
73242100;-- DE FERRO FUNDIDO, MESMO ESMALTADAS
73242900;-- OUTRAS
73249000;- OUTROS, INCLUINDO AS PARTES
7325;OUTRAS OBRAS MOLDADAS, DE FERRO FUNDIDO, FERRO OU A O.
73251000;- DE FERRO FUNDIDO, N O MALE VEL
73259;- OUTRAS:
73259100;-- ESFERAS E ARTIGOS SEMELHANTES, PARA MOINHOS
732599;-- OUTRAS
73259910;DE A O
73259990;OUTRAS
7326;OUTRAS OBRAS DE FERRO OU A O.
73261;- SIMPLESMENTE FORJADAS OU ESTAMPADAS:
73261100;-- ESFERAS E ARTIGOS SEMELHANTES, PARA MOINHOS
73261900;-- OUTRAS
73262000;- OBRAS DE FIO DE FERRO OU A O
732690;- OUTRAS
73269010;CALOTAS EL PTICAS DE A O AO N QUEL, SEGUNDO NORMA ASME SA 353, DO TIPO UTILIZADO NA FABRICA  O DE RECIPIENTES PARA GASES COMPRIMIDOS OU LIQUEFEITOS
73269020;DISCOS PR PRIOS PARA CUNHAGEM DE MOEDAS
73269090;OUTRAS
74;COBRE E SUAS OBRAS.
74010000;"MATES DE COBRE; COBRE DE CEMENTA  O (PRECIPITADO DE COBRE)."
74020000;"COBRE N O REFINADO (AFINADO);  NODOS DE COBRE PARA REFINA  O (AFINA  O) ELETROL TICA."
7403;COBRE REFINADO (AFINADO) E LIGAS DE COBRE EM FORMAS BRUTAS.
74031;- COBRE REFINADO (AFINADO):
74031100;-- C TODOS E SEUS ELEMENTOS
74031200;-- BARRAS PARA OBTEN  O DE FIOS (WIRE-BARS)
74031300;-- PALANQUILHAS (LINGOTES*) (BILLETS)
74031900;-- OUTRO
74032;- LIGAS DE COBRE:
74032100;--   BASE DE COBREZINCO (LAT O)
74032200;--   BASE DE COBRE-ESTANHO (BRONZE)
74032900;-- OUTRAS LIGAS DE COBRE (EXCETO LIGAS-M E DA POSI  O 74.05)
74040000;DESPERD CIOS E RES DUOS, E SUCATA, DE COBRE.
74050000;LIGAS-M E DE COBRE.
7406;P S E ESCAMAS, DE COBRE.
740610;- P S DE ESTRUTURA N O LAMELAR
74061010;COM UM TEOR, EM PESO, DE CHUMBO IGUAL OU SUPERIOR A 9,5 %, MAS INFERIOR OU IGUAL A 25,0 % E DE ESTANHO IGUAL OU SUPERIOR A 1,75 %, MAS INFERIOR OU IGUAL A 11,0 %, SEM OUTROS ELEMENTOS
74061020;COM UM TEOR, EM PESO, DE ESTANHO IGUAL OU SUPERIOR A 7,0 %, MAS INFERIOR OU IGUAL A 9,0 % E DE N QUEL IGUAL OU SUPERIOR A 0,7 %, MAS INFERIOR OU IGUAL A 1,3 %, SEM OUTROS ELEMENTOS
74061090;OUTROS
74062000;"- P S DE ESTRUTURA LAMELAR; ESCAMAS"
7407;BARRAS E PERFIS, DE COBRE.
740710;- DE COBRE REFINADO (AFINADO)
74071010;BARRAS
7407102;PERFIS
74071021;OCOS
74071029;OUTROS
74072;- DE LIGAS DE COBRE:
740721;--   BASE DE COBREZINCO (LAT O)
74072110;BARRAS
74072120;PERFIS
740729;-- OUTROS
74072910;BARRAS
7407292;PERFIS
74072921;OCOS
74072929;OUTROS
7408;FIOS DE COBRE.
74081;- DE COBRE REFINADO (AFINADO):
74081100;-- COM A MAIOR DIMENS O DA SE  O TRANSVERSAL SUPERIOR A 6 MM
74081900;-- OUTROS
74082;- DE LIGAS DE COBRE:
74082100;--   BASE DE COBREZINCO (LAT O)
74082200;--   BASE DE COBREN QUEL (CUPRON QUEL) OU DE COBRENIQUELZINCO (MAILLECHORT)
740829;-- OUTROS
7408291;BASE DE COBRE-ESTANHO (BRONZE)
74082912;FOSFOROSO, DE SE  O TRANSVERSAL CIRCULAR, DE DI METRO INFERIOR OU IGUAL A 0,8 MM
74082913;OUTROS, FOSFOROSOS
74082919;OUTROS
74082990;OUTROS
7409;CHAPAS E TIRAS, DE COBRE, DE ESPESSURA SUPERIOR A 0,15 MM.
74091;- DE COBRE REFINADO (AFINADO):
74091100;-- EM ROLOS
74091900;-- OUTRAS
74092;- DE LIGAS   BASE DE COBREZINCO (LAT O):
74092100;-- EM ROLOS
74092900;-- OUTRAS
74093;- DE LIGAS   BASE DE COBRE-ESTANHO (BRONZE):
740931;-- EM ROLOS
7409311;REVESTIDAS DE PL STICO
74093111;COM UMA CAMADA INTERMEDI RIA DE LIGA DE COBRE-ESTANHO OU COBRE-ESTANHO-CHUMBO, APLICADA POR SINTERIZA  O
74093119;OUTRAS
74093190;OUTRAS
74093900;-- OUTRAS
740940;- DE LIGAS   BASE DE COBREN QUEL (CUPRON QUEL) OU DE COBRENIQUELZINCO (MAILLECHORT)
7409401;EM ROLOS
74094011;DE LIGA DE COBRENIQUELSIL CIO, GALVANIZADAS
74094019;OUTRAS
74094090;OUTRAS
74099000;- DE OUTRAS LIGAS DE COBRE
7410;FOLHAS E TIRAS, DELGADAS, DE COBRE (MESMO IMPRESSAS OU COM SUPORTE DE PAPEL, CART O, PL STICO OU SEMELHANTES), DE ESPESSURA N O SUPERIOR A 0,15 MM (EXCLUINDO O SUPORTE).
74101;- SEM SUPORTE:
741011;-- DE COBRE REFINADO (AFINADO)
7410111;FOLHA DE ESPESSURA INFERIOR OU IGUAL A 0,07 MM E COM PUREZA IGUAL OU SUPERIOR A 99,85 %, EM PESO
74101112;DE ESPESSURA INFERIOR OU IGUAL A 0,04 MM E UMA RESISTIVIDADE EL TRICA INFERIOR OU IGUAL A 0,017241 OHM.MM2/M
74101113;OUTRAS, DE ESPESSURA INFERIOR OU IGUAL A 0,04 MM
74101119;OUTRAS
74101190;OUTRAS
74101200;-- DE LIGAS DE COBRE
74102;- COM SUPORTE:
741021;-- DE COBRE REFINADO (AFINADO)
74102110;COM SUPORTE ISOLANTE DE RESINA EP XIDA E FIBRA DE VIDRO, DO TIPO UTILIZADO PARA CIRCUITOS IMPRESSOS
74102120;COM ESPESSURA SUPERIOR A 0,012 MM, SOBRE SUPORTE DE POLI STER OU POLIIMIDA E COM ESPESSURA TOTAL, INCLUINDO O SUPORTE, INFERIOR OU IGUAL A 0,195 MM
74102130;COM SUPORTE ISOLANTE DE RESINA FEN LICA E PAPEL, DO TIPO UTILIZADO PARA CIRCUITOS IMPRESSOS
74102190;OUTRAS
74102200;-- DE LIGAS DE COBRE
7411;TUBOS DE COBRE.
741110;- DE COBRE REFINADO (AFINADO)
74111010;N O ALETADOS NEM RANHURADOS
74111090;OUTROS
74112;- DE LIGAS DE COBRE:
741121;--   BASE DE COBREZINCO (LAT O)
74112110;N O ALETADOS NEM RANHURADOS
74112190;OUTROS
741122;--   BASE DE COBREN QUEL (CUPRON QUEL) OU DE COBRENIQUELZINCO (MAILLECHORT)
74112210;N O ALETADOS NEM RANHURADOS
74112290;OUTROS
741129;-- OUTROS
74112910;N O ALETADOS NEM RANHURADOS
74112990;OUTROS
7412;ACESS RIOS PARA TUBOS (POR EXEMPLO, UNI ES, COTOVELOS, LUVAS (MANGAS*)), DE COBRE.
74121000;- DE COBRE REFINADO (AFINADO)
74122000;- DE LIGAS DE COBRE
74130000;CORDAS, CABOS, TRAN AS (ENTRAN ADOS*) E ARTIGOS SEMELHANTES, DE COBRE, N O ISOLADOS PARA USOS EL TRICOS.
7415;"TACHAS, PREGOS, PERCEVEJOS, ESC PULAS (PREGOS PARA TACOS) E ARTIGOS SEMELHANTES, DE COBRE OU DE FERRO OU A O COM CABE A DE COBRE; PARAFUSOS, PINOS OU PERNOS, ROSCADOS, PORCAS, GANCHOS ROSCADOS, REBITES, CHAVETAS, CAVILHAS, CONTRAPINOS OU TRO OS, ARRUELAS (ANILHAS) (INCLUINDO AS DE PRESS O), E ARTIGOS SEMELHANTES, DE COBRE."
74151000;- TACHAS, PREGOS, PERCEVEJOS, ESC PULAS (PREGOS PARA TACOS) E ARTIGOS SEMELHANTES
74152;- OUTROS ARTIGOS, N O ROSCADOS:
74152100;-- ARRUELAS (ANILHAS) (INCLUINDO AS DE PRESS O)
74152900;-- OUTROS
74153;- OUTROS ARTIGOS, ROSCADOS:
74153300;"-- PARAFUSOS; PINOS OU PERNOS E PORCAS"
74153900;-- OUTROS
7418;"SERVI OS DE MESA, ARTIGOS DE COZINHA E OUTROS ARTIGOS DE USO DOM STICO, E SUAS PARTES, DE COBRE; ESPONJAS, ESFREG ES, LUVAS E ARTIGOS SEMELHANTES, PARA LIMPEZA, POLIMENTO OU USOS SEMELHANTES, DE COBRE; ARTIGOS DE HIGIENE OU DE TOUCADOR, E SUAS PARTES, DE COBRE."
74181000;"- SERVI OS DE MESA, ARTIGOS DE COZINHA E OUTROS ARTIGOS DE USO DOM STICO, E SUAS PARTES; ESPONJAS, ESFREG ES, LUVAS E ARTIGOS SEMELHANTES, PARA LIMPEZA, POLIMENTO OU USOS SEMELHANTES"
74182000;- ARTIGOS DE HIGIENE OU DE TOUCADOR, E SUAS PARTES
7419;OUTRAS OBRAS DE COBRE.
74192000;- VAZADAS, MOLDADAS, ESTAMPADAS OU FORJADAS, MAS N O TRABALHADAS DE OUTRO MODO
741980;- OUTRAS
74198010;TELAS MET LICAS DE FIO DE COBRE
74198020;"GRADES E REDES, DE FIO DE COBRE; CHAPAS E TIRAS, DISTENDIDAS"
74198030;MOLAS
74198040;DISCOS PR PRIOS PARA CUNHAGEM DE MOEDAS
74198090;OUTRAS
75;N QUEL E SUAS OBRAS.
7501;MATES DE N QUEL, SINTERS DE  XIDOS DE N QUEL E OUTROS PRODUTOS INTERMEDI RIOS DA METALURGIA DO N QUEL.
75011000;- MATES DE N QUEL
75012000;- SINTERS DE  XIDOS DE N QUEL E OUTROS PRODUTOS INTERMEDI RIOS DA METALURGIA DO N QUEL
7502;N QUEL EM FORMAS BRUTAS.
750210;- N QUEL N O LIGADO
75021010;CATODOS
75021090;OUTRO
75022000;- LIGAS DE N QUEL
75030000;DESPERD CIOS E RES DUOS, E SUCATA, DE N QUEL.
750400;P S E ESCAMAS, DE N QUEL.
75040010;N O LIGADO
75040090;OUTROS
7505;BARRAS, PERFIS E FIOS, DE N QUEL.
75051;- BARRAS E PERFIS:
750511;-- DE N QUEL N O LIGADO
75051110;BARRAS
7505112;PERFIS
75051121;OCOS
75051129;OUTROS
750512;-- DE LIGAS DE N QUEL
75051210;BARRAS
7505122;PERFIS
75051221;OCOS
75051229;OUTROS
75052;- FIOS:
75052100;-- DE N QUEL N O LIGADO
750522;-- DE LIGAS DE N QUEL
75052210;BASE DE NIQUELTIT NIO (NITINOL)
75052290;OUTROS
7506;CHAPAS, TIRAS E FOLHAS, DE N QUEL.
75061000;- DE N QUEL N O LIGADO
75062000;- DE LIGAS DE N QUEL
7507;TUBOS E SEUS ACESS RIOS (POR EXEMPLO, UNI ES, COTOVELOS, LUVAS (MANGAS*)), DE N QUEL.
75071;- TUBOS:
75071100;-- DE N QUEL N O LIGADO
75071200;-- DE LIGAS DE N QUEL
75072000;- ACESS RIOS PARA TUBOS
7508;OUTRAS OBRAS DE N QUEL.
75081000;- TELAS MET LICAS E GRADES, DE FIOS DE N QUEL
750890;- OUTRAS
75089010;CILINDROS OCOS DE SE  O VARI VEL, OBTIDOS POR CENTRIFUGA  O, DO TIPO UTILIZADO EM REFORMADORES ESTEQUIOM TRICOS DE G S NATURAL
75089090;OUTRAS
76;ALUM NIO E SUAS OBRAS.
7601;ALUM NIO EM FORMAS BRUTAS.
76011000;- ALUM NIO N O LIGADO
76012000;- LIGAS DE ALUM NIO
76020000;DESPERD CIOS E RES DUOS, E SUCATA, DE ALUM NIO.
7603;P S E ESCAMAS, DE ALUM NIO.
76031000;- P S DE ESTRUTURA N O LAMELAR
76032000;"- P S DE ESTRUTURA LAMELAR; ESCAMAS"
7604;BARRAS E PERFIS, DE ALUM NIO.
760410;- DE ALUM NIO N O LIGADO
76041010;BARRAS
7604102;PERFIS
76041021;OCOS
76041029;OUTROS
76042;- DE LIGAS DE ALUM NIO:
76042100;-- PERFIS OCOS
760429;-- OUTROS
7604291;BARRAS
76042911;FORJADAS, DE SE  O TRANSVERSAL CIRCULAR, DE DI METRO IGUAL OU SUPERIOR A 400 MM, MAS N O SUPERIOR A 760 MM
76042919;OUTRAS
76042920;PERFIS
7605;FIOS DE ALUM NIO.
76051;- DE ALUM NIO N O LIGADO:
760511;-- COM A MAIOR DIMENS O DA SE  O TRANSVERSAL SUPERIOR A 7 MM
76051110;COM UM TEOR DE ALUM NIO IGUAL OU SUPERIOR A 99,45 %, EM PESO, E UMA RESISTIVIDADE EL TRICA INFERIOR OU IGUAL A 0,0283 OHM.MM2/M
76051190;OUTROS
760519;-- OUTROS
76051910;COM UM TEOR DE ALUM NIO IGUAL OU SUPERIOR A 99,45 %, EM PESO, E UMA RESISTIVIDADE EL TRICA INFERIOR OU IGUAL A 0,0283 OHM.MM2/M
76051990;OUTROS
76052;- DE LIGAS DE ALUM NIO:
760521;-- COM A MAIOR DIMENS O DA SE  O TRANSVERSAL SUPERIOR A 7 MM
76052110;COM UM TEOR, EM PESO, DE ALUM NIO IGUAL OU SUPERIOR A 98,45 %, E DE MAGN SIO E SIL CIO, CONSIDERADOS INDIVIDUALMENTE, IGUAL OU SUPERIOR A 0,45 % E INFERIOR OU IGUAL A 0,55 % E UMA RESISTIVIDADE EL TRICA INFERIOR OU IGUAL A 0,0328 OHM.MM2/M
76052190;OUTROS
760529;-- OUTROS
76052910;COM UM TEOR, EM PESO, DE ALUM NIO IGUAL OU SUPERIOR A 98,45 %, E DE MAGN SIO E SIL CIO, CONSIDERADOS INDIVIDUALMENTE, IGUAL OU SUPERIOR A 0,45 % E INFERIOR OU IGUAL A 0,55 % E UMA RESISTIVIDADE EL TRICA INFERIOR OU IGUAL A 0,0328 OHM.MM2/M
76052990;OUTROS
7606;CHAPAS E TIRAS, DE ALUM NIO, DE ESPESSURA SUPERIOR A 0,2 MM.
76061;- DE FORMA QUADRADA OU RETANGULAR:
760611;-- DE ALUM NIO N O LIGADO
76061110;COM UM TEOR, EM PESO, DE SIL CIO IGUAL OU SUPERIOR A 0,05 % E INFERIOR OU IGUAL A 0,20 %, DE FERRO IGUAL OU SUPERIOR A 0,20 % E INFERIOR OU IGUAL A 0,40 %, DE COBRE INFERIOR OU IGUAL A 0,05 %, DE ZINCO INFERIOR OU IGUAL A 0,05 %, DE MANGAN S INFERIOR OU IGUAL A 0,1 % E DE OUTROS ELEMENTOS, CADA UM, INFERIOR OU IGUAL A 0,1 %, DE ESPESSURA INFERIOR OU IGUAL A 0,4 MM, EM BOBINAS DE LARGURA SUPERIOR A 900 MM, COM UMA RELA  O ENTRE AS RUGOSIDADES M XIMA E ARITM TICA M DIA IGUAL OU SUPERIOR A 1,25 E INFERIOR OU IGUAL A 1,30 EM CADA UMA DAS FACES E COM UM LIMITE DE RESIST NCIA   TRA  O IGUAL OU SUPERIOR A 115 MPA
76061190;OUTRAS
760612;-- DE LIGAS DE ALUM NIO
76061210;COM TEORES, EM PESO, DE MAGN SIO IGUAL OU SUPERIOR A 4 % E INFERIOR OU IGUAL A 5 %, DE MANGAN S IGUAL OU SUPERIOR A 0,20 % E INFERIOR OU IGUAL A 0,50 %, DE FERRO INFERIOR OU IGUAL A 0,35 %, DE SIL CIO INFERIOR OU IGUAL A 0,20 % E DE OUTROS METAIS, EM CONJUNTO, INFERIOR OU IGUAL A 0,75 %, E DE ESPESSURA INFERIOR OU IGUAL A 0,3 MM E LARGURA IGUAL OU SUPERIOR A 1.450 MM, ENVERNIZADAS EM AMBAS AS FACES
76061220;COM UM TEOR, EM PESO, DE ALUM NIO IGUAL OU SUPERIOR A 99 % E DE MAGN SIO SUPERIOR A 0,10 %, DE ESPESSURA INFERIOR OU IGUAL A 0,40 MM, COM UM LIMITE DE RESIST NCIA A TRA  O IGUAL OU SUPERIOR A 140 MPA, MAS INFERIOR OU IGUAL A 240 MPA, E ALONGAMENTO IGUAL OU SUPERIOR A 0,90 %, MAS INFERIOR OU IGUAL A 7 %
76061230;SIMPLESMENTE LAMINADAS, CONSTITU DAS DE, PELO MENOS, DUAS CAMADAS DE DIFERENTES LIGAS DE ALUM NIO, SENDO UMA O N CLEO E AS OUTRAS DE REVESTIMENTO, EXCETO: N CLEO DE LIGA DA ALUMINIUM ASSOCIATION AA 3003 MODIFICADA (LIGA DE ALUM NIO COM UM TEOR, EM PESO, DE SIL CIO INFERIOR OU IGUAL A 0,60 %, DE FERRO INFERIOR OU IGUAL A 0,70 %, DE COBRE IGUAL OU SUPERIOR A 0,05 % E INFERIOR OU IGUAL A 0,20 %, DE MANGAN S IGUAL OU SUPERIOR A 1,0 % E INFERIOR OU IGUAL A 1,5 %, DE ZINCO INFERIOR OU IGUAL A 0,15 % E DE OUTROS ELEMENTOS TOTAL INFERIOR OU IGUAL A 0,15 %) COM REVESTIMENTO DE LIGA AA 4343 (LIGA DE ALUM NIO COM UM TEOR, EM PESO, DE SIL CIO IGUAL OU SUPERIOR A 6,8 % E INFERIOR OU IGUAL A 8,2 %, DE FERRO INFERIOR OU IGUAL A 0,80 %, DE COBRE INFERIOR OU IGUAL A 0,25 %, DE MANGAN S INFERIOR OU IGUAL A 0,10 %, DE ZINCO INFERIOR OU IGUAL A 0,20 % E DE OUTROS ELEMENTOS TOTAL INFERIOR OU IGUAL A 0,15 %)
76061290;OUTRAS
76069;- OUTRAS:
76069100;-- DE ALUM NIO N O LIGADO
76069200;-- DE LIGAS DE ALUM NIO
7607;FOLHAS E TIRAS, DELGADAS, DE ALUM NIO (MESMO IMPRESSAS OU COM SUPORTE DE PAPEL, CART O, PL STICO OU SEMELHANTES), DE ESPESSURA N O SUPERIOR A 0,2 MM (EXCLUINDO O SUPORTE).
76071;- SEM SUPORTE:
760711;-- SIMPLESMENTE LAMINADAS
76071110;COM UM TEOR, EM PESO, DE ALUM NIO IGUAL OU SUPERIOR A 99 % E DE MAGN SIO SUPERIOR A 0,06 %, DE ESPESSURA IGUAL OU SUPERIOR A 0,12 MM, COM UM LIMITE DE RESIST NCIA A TRA  O IGUAL OU SUPERIOR A 140 MPA, MAS INFERIOR OU IGUAL A 240 MPA, E ALONGAMENTO IGUAL OU SUPERIOR A 0,90 %, MAS INFERIOR OU IGUAL A 7 %
76071120;CONSTITU DAS DE, PELO MENOS, DUAS CAMADAS DE DIFERENTES LIGAS DE ALUM NIO, SENDO UMA O N CLEO E AS OUTRAS DE REVESTIMENTO, EXCETO: N CLEO DE LIGA DA ALUMINIUM ASSOCIATION AA 3003 MODIFICADA (LIGA DE ALUM NIO COM UM TEOR, EM PESO, DE SIL CIO INFERIOR OU IGUAL A 0,60 %, DE FERRO INFERIOR OU IGUAL A 0,70 %, DE COBRE IGUAL OU SUPERIOR A 0,05 % E INFERIOR OU IGUAL A 0,20 %, DE MANGAN S IGUAL OU SUPERIOR A 1,0 % E INFERIOR OU IGUAL A 1,5 %, DE ZINCO INFERIOR OU IGUAL A 0,15 % E DE OUTROS ELEMENTOS TOTAL INFERIOR OU IGUAL A 0,15 %) COM REVESTIMENTO DE LIGA AA 4343 (LIGA DE ALUM NIO COM UM TEOR, EM PESO, DE SIL CIO IGUAL OU SUPERIOR A 6,8 % E INFERIOR OU IGUAL A 8,2 %, DE FERRO INFERIOR OU IGUAL A 0,80 %, DE COBRE INFERIOR OU IGUAL A 0,25 %, DE MANGAN S INFERIOR OU IGUAL A 0,10 %, DE ZINCO INFERIOR OU IGUAL A 0,20 % E DE OUTROS ELEMENTOS TOTAL INFERIOR OU IGUAL A 0,15 %)
76071190;OUTRAS
760719;-- OUTRAS
76071910;GRAVADAS POR PROCESSO ELETROQU MICO DE CORROS O, MESMO COM CAMADA DE  XIDO DE ALUM NIO, DE ESPESSURA INFERIOR OU IGUAL A 110 MICR METROS (M CRONS) E COM UM CONTE DO DE ALUM NIO IGUAL OU SUPERIOR A 98 %, EM PESO
76071990;OUTRAS
76072000;- COM SUPORTE
7608;TUBOS DE ALUM NIO.
76081000;- DE ALUM NIO N O LIGADO
760820;- DE LIGAS DE ALUM NIO
76082010;SEM COSTURA, EXTRUDADOS E TREFILADOS, SEGUNDO NORMA ASTM B210, DE SE  O CIRCULAR, DE LIGA AA 6061 (ALUMINIUM ASSOCIATION), COM LIMITE EL STICO APARENTE DE JOHNSON (JAEL) SUPERIOR A 3.000 NM, SEGUNDO NORMA SAE AE7, DI METRO EXTERNO IGUAL OU SUPERIOR A 85 MM, MAS INFERIOR OU IGUAL A 105 MM E ESPESSURA IGUAL OU SUPERIOR A 1,9 MM, MAS INFERIOR OU IGUAL A 2,3 MM
76082090;OUTROS
76090000;ACESS RIOS PARA TUBOS (POR EXEMPLO, UNI ES, COTOVELOS, LUVAS (MANGAS*)), DE ALUM NIO.
7610;"CONSTRU  ES E SUAS PARTES (POR EXEMPLO, PONTES E ELEMENTOS DE PONTES, TORRES, P RTICOS OU PILONES, PILARES, COLUNAS, ARMA  ES, ESTRUTURAS PARA TELHADOS, PORTAS E JANELAS, E SEUS CAIXILHOS, ALIZARES E SOLEIRAS, BALAUSTRADAS), DE ALUM NIO, EXCETO AS CONSTRU  ES PR -FABRICADAS DA POSI  O 94.06; CHAPAS, BARRAS, PERFIS, TUBOS E SEMELHANTES, DE ALUM NIO, PR PRIOS PARA CONSTRU  ES."
76101000;- PORTAS E JANELAS, E SEUS CAIXILHOS, ALIZARES E SOLEIRAS
76109000;- OUTROS
76110000;RESERVAT RIOS, TON IS, CUBAS E RECIPIENTES SEMELHANTES PARA QUAISQUER MAT RIAS (EXCETO GASES COMPRIMIDOS OU LIQUEFEITOS), DE ALUM NIO, DE CAPACIDADE SUPERIOR A 300 L, SEM DISPOSITIVOS MEC NICOS OU T RMICOS, MESMO COM REVESTIMENTO INTERIOR OU CALOR FUGO.
7612;RESERVAT RIOS, BARRIS, TAMBORES, LATAS, CAIXAS E RECIPIENTES SEMELHANTES (INCLUINDO OS RECIPIENTES TUBULARES, R GIDOS OU FLEX VEIS) PARA QUAISQUER MAT RIAS (EXCETO GASES COMPRIMIDOS OU LIQUEFEITOS), DE ALUM NIO, DE CAPACIDADE N O SUPERIOR A 300 L, SEM DISPOSITIVOS MEC NICOS OU T RMICOS, MESMO COM REVESTIMENTO INTERIOR OU CALOR FUGO.
76121000;- RECIPIENTES TUBULARES, FLEX VEIS
761290;- OUTROS
7612901;RECIPIENTES TUBULARES
76129011;PARA AEROSS IS, COM CAPACIDADE INFERIOR OU IGUAL A 700 CM3
76129012;ISOT RMICOS, REFRIGERADOS A NITROG NIO (AZOTO) L QUIDO, DO TIPO UTILIZADO PARA S MEN, SANGUE, TECIDOS BIOL GICOS E OUTROS PRODUTOS SEMELHANTES
76129019;OUTROS
76129020;RECIPIENTES (C PSULAS) PARA EMBALAGEM DE CAF  E PRODUTOS SEMELHANTES, DO TIPO UTILIZADO EM M QUINAS PARA PREPARA  O DE BEBIDAS
76129090;OUTROS
76130000;RECIPIENTES PARA GASES COMPRIMIDOS OU LIQUEFEITOS, DE ALUM NIO.
7614;CORDAS, CABOS, TRAN AS (ENTRAN ADOS*) E SEMELHANTES, DE ALUM NIO, N O ISOLADOS PARA USOS EL TRICOS.
761410;- COM ALMA DE A O
76141010;CORDAS E CABOS
76141090;OUTROS
761490;- OUTROS
76149010;CABOS
76149090;OUTROS
7615;"SERVI OS DE MESA, ARTIGOS DE COZINHA E OUTROS ARTIGOS DE USO DOM STICO, E SUAS PARTES, DE ALUM NIO; ESPONJAS, ESFREG ES, LUVAS E ARTIGOS SEMELHANTES, PARA LIMPEZA, POLIMENTO OU USOS SEMELHANTES, DE ALUM NIO; ARTIGOS DE HIGIENE OU DE TOUCADOR, E SUAS PARTES, DE ALUM NIO."
76151000;"- SERVI OS DE MESA, ARTIGOS DE COZINHA E OUTROS ARTIGOS DE USO DOM STICO, E SUAS PARTES; ESPONJAS, ESFREG ES, LUVAS E ARTIGOS SEMELHANTES, PARA LIMPEZA, POLIMENTO OU USOS SEMELHANTES"
76152000;- ARTIGOS DE HIGIENE OU DE TOUCADOR, E SUAS PARTES
7616;OUTRAS OBRAS DE ALUM NIO.
76161000;- TACHAS, PREGOS, ESC PULAS (PREGOS PARA TACOS), PARAFUSOS, PINOS OU PERNOS ROSCADOS, PORCAS, GANCHOS ROSCADOS, REBITES, CHAVETAS, CAVILHAS, CONTRAPINOS OU TRO OS, ARRUELAS (ANILHAS) E ARTIGOS SEMELHANTES
76169;- OUTRAS:
76169100;-- TELAS MET LICAS, GRADES E REDES, DE FIOS DE ALUM NIO
76169900;-- OUTRAS
78;CHUMBO E SUAS OBRAS.
7801;CHUMBO EM FORMAS BRUTAS.
780110;- CHUMBO REFINADO (AFINADO)
7801101;ELETROL TICO
78011011;EM LINGOTES
78011019;OUTRO
78011090;OUTRO
78019;- OUTRO:
78019100;-- QUE CONTENHA ANTIM NIO COMO SEGUNDO ELEMENTO PREDOMINANTE EM PESO
78019900;-- OUTRO
78020000;DESPERD CIOS E RES DUOS, E SUCATA, DE CHUMBO.
7804;"CHAPAS, FOLHAS E TIRAS, DE CHUMBO; P S E ESCAMAS, DE CHUMBO."
78041;- CHAPAS, FOLHAS E TIRAS:
78041100;-- FOLHAS E TIRAS, DE ESPESSURA N O SUPERIOR A 0,2 MM (EXCLUINDO O SUPORTE)
78041900;-- OUTRAS
78042000;- P S E ESCAMAS
780600;OUTRAS OBRAS DE CHUMBO.
78060010;BARRAS, PERFIS E FIOS
78060020;TUBOS E SEUS ACESS RIOS
78060090;OUTRAS
79;ZINCO E SUAS OBRAS.
7901;ZINCO EM FORMAS BRUTAS.
79011;- ZINCO N O LIGADO:
790111;-- QUE CONTENHA, EM PESO, 99,99 % OU MAIS DE ZINCO
7901111;ELETROL TICO
79011111;EM LINGOTES
79011119;OUTRO
7901119;OUTRO
79011191;EM LINGOTES
79011199;OUTRO
790112;-- QUE CONTENHA, EM PESO, MENOS DE 99,99 % DE ZINCO
79011210;EM LINGOTES
79011290;OUTRO
790120;- LIGAS DE ZINCO
79012010;EM LINGOTES
79012090;OUTRO
79020000;DESPERD CIOS E RES DUOS, E SUCATA, DE ZINCO.
7903;POEIRAS, P S E ESCAMAS, DE ZINCO.
79031000;- POEIRAS DE ZINCO
79039000;- OUTROS
79040000;BARRAS, PERFIS E FIOS, DE ZINCO.
79050000;CHAPAS, FOLHAS E TIRAS, DE ZINCO.
790700;OUTRAS OBRAS DE ZINCO.
79070010;TUBOS E SEUS ACESS RIOS
79070090;OUTRAS
80;ESTANHO E SUAS OBRAS.
8001;ESTANHO EM FORMAS BRUTAS.
80011000;- ESTANHO N O LIGADO
80012000;- LIGAS DE ESTANHO
80020000;DESPERD CIOS E RES DUOS, E SUCATA, DE ESTANHO.
80030000;BARRAS, PERFIS E FIOS, DE ESTANHO.
800700;OUTRAS OBRAS DE ESTANHO.
80070010;CHAPAS, FOLHAS E TIRAS
80070020;P S E ESCAMAS
80070030;TUBOS E SEUS ACESS RIOS
80070090;OUTRAS
81;"OUTROS METAIS COMUNS; CERMETS; OBRAS DESSAS MAT RIAS."
8101;TUNGST NIO (VOLFR MIO) E SUAS OBRAS, INCLUINDO OS DESPERD CIOS E RES DUOS, E SUCATA.
81011000;- P S
81019;- OUTROS:
81019400;-- TUNGST NIO (VOLFR MIO) EM FORMAS BRUTAS, INCLUINDO AS BARRAS SIMPLESMENTE OBTIDAS POR SINTERIZA  O
81019600;-- FIOS
81019700;-- DESPERD CIOS E RES DUOS, E SUCATA
810199;-- OUTROS
81019910;DO TIPO UTILIZADO NA FABRICA  O DE CONTATOS EL TRICOS
81019990;OUTROS
8102;MOLIBD NIO E SUAS OBRAS, INCLUINDO OS DESPERD CIOS E RES DUOS, E SUCATA.
81021000;- P S
81029;- OUTROS:
81029400;-- MOLIBD NIO EM FORMAS BRUTAS, INCLUINDO AS BARRAS SIMPLESMENTE OBTIDAS POR SINTERIZA  O
81029500;-- BARRAS, EXCETO AS SIMPLESMENTE OBTIDAS POR SINTERIZA  O, PERFIS, CHAPAS, TIRAS E FOLHAS
81029600;-- FIOS
81029700;-- DESPERD CIOS E RES DUOS, E SUCATA
81029900;-- OUTROS
8103;T NTALO E SUAS OBRAS, INCLUINDO OS DESPERD CIOS E RES DUOS, E SUCATA.
81032000;"- T NTALO EM FORMAS BRUTAS, INCLUINDO AS BARRAS SIMPLESMENTE OBTIDAS POR SINTERIZA  O; P S"
81033000;- DESPERD CIOS E RES DUOS, E SUCATA
81039;- OUTROS:
81039100;-- CADINHOS
81039900;-- OUTROS
8104;MAGN SIO E SUAS OBRAS, INCLUINDO OS DESPERD CIOS E RES DUOS, E SUCATA.
81041;- MAGN SIO EM FORMAS BRUTAS:
81041100;-- QUE CONTENHA PELO MENOS 99,8 %, EM PESO, DE MAGN SIO
81041900;-- OUTRO
81042000;- DESPERD CIOS E RES DUOS, E SUCATA
81043000;"- APARAS, RES DUOS DE TORNO E GR NULOS, CALIBRADOS; P S"
81049000;- OUTROS
8105;"MATES DE COBALTO E OUTROS PRODUTOS INTERMEDI RIOS DA METALURGIA DO COBALTO; COBALTO E SUAS OBRAS, INCLUINDO OS DESPERD CIOS E RES DUOS, E SUCATA."
810520;"- MATES DE COBALTO E OUTROS PRODUTOS INTERMEDI RIOS DA METALURGIA DO COBALTO; COBALTO EM FORMAS BRUTAS; P S"
81052010;EM FORMAS BRUTAS
8105202;P S
81052021;DE LIGAS   BASE DE COBALTO-CROMO-TUNGST NIO (VOLFR MIO) (ESTELITES)
81052029;OUTROS
81052090;OUTROS
81053000;- DESPERD CIOS E RES DUOS, E SUCATA
810590;- OUTROS
81059010;CHAPAS, FOLHAS, TIRAS, FIOS, HASTES, PASTILHAS E PLAQUETAS
81059090;OUTROS
8106;BISMUTO E SUAS OBRAS, INCLUINDO OS DESPERD CIOS E RES DUOS, E SUCATA.
81061000;- QUE CONTENHAM MAIS DE 99,99 %, EM PESO, DE BISMUTO
81069000;- OUTROS
8108;TIT NIO E SUAS OBRAS, INCLUINDO OS DESPERD CIOS E RES DUOS, E SUCATA.
81082000;"- TIT NIO EM FORMAS BRUTAS; P S"
81083000;- DESPERD CIOS E RES DUOS, E SUCATA
81089000;- OUTROS
8109;ZIRC NIO E SUAS OBRAS, INCLUINDO OS DESPERD CIOS E RES DUOS, E SUCATA.
81092;"- ZIRC NIO EM FORMAS BRUTAS; P S:"
81092100;-- QUE CONTENHAM MENOS DE UMA PARTE DE H FNIO PARA 500 PARTES, EM PESO, DE ZIRC NIO
81092900;-- OUTROS
81093;- DESPERD CIOS E RES DUOS, E SUCATA:
81093100;-- QUE CONTENHAM MENOS DE UMA PARTE DE H FNIO PARA 500 PARTES, EM PESO, DE ZIRC NIO
81093900;-- OUTROS
81099;- OUTROS:
81099100;-- QUE CONTENHAM MENOS DE UMA PARTE DE H FNIO PARA 500 PARTES, EM PESO, DE ZIRC NIO
81099900;-- OUTROS
8110;ANTIM NIO E SUAS OBRAS, INCLUINDO OS DESPERD CIOS E RES DUOS, E SUCATA.
811010;"- ANTIM NIO EM FORMAS BRUTAS; P S"
81101010;EM FORMAS BRUTAS
81101020;P S
81102000;- DESPERD CIOS E RES DUOS, E SUCATA
81109000;- OUTROS
811100;MANGAN S E SUAS OBRAS, INCLUINDO OS DESPERD CIOS E RES DUOS, E SUCATA.
81110010;EM FORMAS BRUTAS
81110020;CHAPAS, FOLHAS, TIRAS, FIOS, HASTES, PASTILHAS E PLAQUETAS
81110090;OUTROS
8112;BER LIO, CROMO, H FNIO (C LTIO), R NIO, T LIO, C DMIO, GERM NIO, VAN DIO, G LIO,  NDIO E NI BIO (COL MBIO), E SUAS OBRAS, INCLUINDO OS DESPERD CIOS E RES DUOS, E SUCATA.
81121;- BER LIO:
81121200;"-- EM FORMAS BRUTAS; P S"
81121300;-- DESPERD CIOS E RES DUOS, E SUCATA
81121900;-- OUTROS
81122;- CROMO:
811221;"-- EM FORMAS BRUTAS; P S"
81122110;EM FORMAS BRUTAS
81122120;P S
81122200;-- DESPERD CIOS E RES DUOS, E SUCATA
81122900;-- OUTROS
81123;- H FNIO (C LTIO):
81123100;"-- EM FORMAS BRUTAS; DESPERD CIOS E RES DUOS, E SUCATA; P S"
81123900;-- OUTROS
81124;- R NIO:
81124100;"-- EM FORMAS BRUTAS; DESPERD CIOS E RES DUOS, E SUCATA; P S"
81124900;-- OUTROS
81125;- T LIO:
81125100;"-- EM FORMAS BRUTAS; P S"
81125200;-- DESPERD CIOS E RES DUOS, E SUCATA
81125900;-- OUTROS
81126;- C DMIO:
81126100;-- DESPERD CIOS E RES DUOS, E SUCATA
81126900;-- OUTROS
81129;- OUTROS:
81129200;"-- EM FORMAS BRUTAS; DESPERD CIOS E RES DUOS, E SUCATA; P S"
81129900;-- OUTROS
811300;CERMETS E SUAS OBRAS, INCLUINDO OS DESPERD CIOS E RES DUOS, E SUCATA.
81130010;CHAPAS, FOLHAS, TIRAS, FIOS, HASTES, PASTILHAS E PLAQUETAS
81130090;OUTROS
82;FERRAMENTAS, ARTIGOS DE CUTELARIA E TALHERES, E SUAS PARTES, DE METAIS COMUNS.
8201;"P S, ALVI ES, PICARETAS, ENXADAS, SACHOS, FORCADOS, FORQUILHAS, ANCINHOS E RASPADEIRAS; MACHADOS, POD ES E FERRAMENTAS SEMELHANTES COM GUME; TESOURAS DE PODAR DE QUALQUER TIPO; FOICES E FOICINHAS, FACAS PARA FENO OU PARA PALHA, TESOURAS PARA SEBES, CUNHAS E OUTRAS FERRAMENTAS MANUAIS PARA AGRICULTURA, HORTICULTURA OU SILVICULTURA."
82011000;- P S
82013000;- ALVI ES, PICARETAS, ENXADAS, SACHOS, ANCINHOS E RASPADEIRAS
82014000;- MACHADOS, POD ES E FERRAMENTAS SEMELHANTES COM GUME
82015000;- TESOURAS DE PODAR (INCLUINDO AS TESOURAS PARA AVES) MANIPULADAS COM UMA DAS M OS
82016000;- TESOURAS PARA SEBES, TESOURAS DE PODAR E FERRAMENTAS SEMELHANTES, MANIPULADAS COM AS DUAS M OS
82019000;- OUTRAS FERRAMENTAS MANUAIS PARA AGRICULTURA, HORTICULTURA E SILVICULTURA
8202;"SERRAS MANUAIS; FOLHAS DE SERRAS DE QUALQUER TIPO (INCLUINDO AS FRESAS-SERRAS E AS FOLHAS N O DENTADAS PARA SERRAR)."
82021000;- SERRAS MANUAIS
82022000;- FOLHAS DE SERRAS DE FITA
82023;- FOLHAS DE SERRAS CIRCULARES (INCLUINDO AS FRESAS-SERRAS):
82023100;-- COM PARTE OPERANTE DE A O
82023900;-- OUTRAS, INCLUINDO AS PARTES
82024000;- CORRENTES CORTANTES DE SERRAS
82029;- OUTRAS FOLHAS DE SERRAS:
82029100;-- FOLHAS DE SERRAS RETIL NEAS, PARA TRABALHAR METAIS
820299;-- OUTRAS
82029910;RETAS, N O DENTADAS, PARA SERRAR PEDRAS
82029990;OUTRAS
8203;LIMAS, GROSAS, ALICATES (MESMO CORTANTES), TENAZES, PIN AS, CISALHAS PARA METAIS, CORTA-TUBOS, CORTA-PINOS, SACA-BOCADOS E FERRAMENTAS SEMELHANTES, MANUAIS.
820310;- LIMAS, GROSAS E FERRAMENTAS SEMELHANTES
82031010;LIMAS E GROSAS
82031090;OUTRAS
820320;- ALICATES (MESMO CORTANTES), TENAZES, PIN AS E FERRAMENTAS SEMELHANTES
82032010;ALICATES (MESMO CORTANTES)
82032090;OUTRAS
82033000;- CISALHAS PARA METAIS E FERRAMENTAS SEMELHANTES
82034000;- CORTA-TUBOS, CORTA-PINOS, SACA-BOCADOS E FERRAMENTAS SEMELHANTES
8204;"CHAVES DE PORCAS, MANUAIS (INCLUINDO AS CHAVES DINAMOM TRICAS); CHAVES DE CAIXA INTERCAMBI VEIS, MESMO COM CABOS."
82041;- CHAVES DE PORCAS, MANUAIS:
82041100;-- DE ABERTURA FIXA
82041200;-- DE ABERTURA VARI VEL
82042000;- CHAVES DE CAIXA INTERCAMBI VEIS, MESMO COM CABOS
8205;"FERRAMENTAS MANUAIS (INCLUINDO OS CORTA-VIDROS (DIAMANTES DE VIDRACEIRO)) N O ESPECIFICADAS NEM COMPREENDIDAS NOUTRAS POSI  ES; L MPADAS OU LAMPARINAS DE SOLDAR (MA ARICOS) E SEMELHANTES; TORNOS DE APERTAR, SARGENTOS E SEMELHANTES, EXCETO OS ACESS RIOS OU PARTES DE M QUINAS-FERRAMENTAS OU DE M QUINAS DE CORTE A JATO DE  GUA; BIGORNAS; FORJAS PORT TEIS; M S COM ARMA  O, MANUAIS OU DE PEDAL."
82051000;- FERRAMENTAS DE FURAR OU DE ROSCAR
82052000;- MARTELOS E MARRETAS
82053000;- PLAINAS, FORM ES, GOIVAS E FERRAMENTAS CORTANTES SEMELHANTES, PARA TRABALHAR MADEIRA
82054000;- CHAVES DE FENDA
82055;- OUTRAS FERRAMENTAS MANUAIS (INCLUINDO OS CORTA-VIDROS (DIAMANTES DE VIDRACEIRO)):
82055100;-- DE USO DOM STICO
82055900;-- OUTRAS
82056000;- L MPADAS OU LAMPARINAS DE SOLDAR (MA ARICOS) E SEMELHANTES
82057000;- TORNOS DE APERTAR, SARGENTOS E SEMELHANTES
82059000;- OUTROS, INCLUINDO OS SORTIDOS CONSTITU DOS POR ARTIGOS INCLU DOS EM PELO MENOS DUAS DAS SUBPOSI  ES DA PRESENTE POSI  O
82060000;FERRAMENTAS DE PELO MENOS DUAS DAS POSI  ES 82.02 A 82.05, ACONDICIONADAS EM SORTIDOS PARA VENDA A RETALHO.
8207;FERRAMENTAS INTERCAMBI VEIS PARA FERRAMENTAS MANUAIS, MESMO MEC NICAS, OU PARA M QUINAS-FERRAMENTAS (POR EXEMPLO, DE EMBUTIR, ESTAMPAR, PUNCIONAR, ROSCAR (INCLUINDO ATARRAXAR), FURAR, ESCAREAR, MANDRILAR, BROCHAR, FRESAR, TORNEAR, APARAFUSAR), INCLUINDO AS FIEIRAS DE ESTIRAMENTO OU DE EXTRUS O, PARA METAIS, E AS FERRAMENTAS DE PERFURA  O OU DE SONDAGEM.
82071;- FERRAMENTAS DE PERFURA  O OU DE SONDAGEM:
82071300;-- COM PARTE OPERANTE DE CERMETS
820719;-- OUTRAS, INCLUINDO AS PARTES
82071910;BROCAS (DRILL BITS)
82071990;OUTRAS
82072000;- FIEIRAS DE ESTIRAMENTO OU DE EXTRUS O, PARA METAIS
82073000;- FERRAMENTAS DE EMBUTIR, DE ESTAMPAR OU DE PUNCIONAR
820740;- FERRAMENTAS DE ROSCAR (INCLUINDO ATARRAXAR) INTERIOR OU EXTERIORMENTE
82074010;DE ROSCAR INTERIORMENTE
82074020;DE ROSCAR EXTERIORMENTE
820750;- FERRAMENTAS DE FURAR
8207501;BROCAS, MESMO DIAMANTADAS
82075011;HELICOIDAIS, DE DI METRO INFERIOR OU IGUAL A 52 MM
82075019;OUTRAS
82075090;OUTRAS
82076000;- FERRAMENTAS DE ESCAREAR, MANDRILAR OU DE BROCHAR
820770;- FERRAMENTAS DE FRESAR
82077010;DE TOPO
82077020;PARA CORTAR ENGRENAGENS
82077090;OUTRAS
82078000;- FERRAMENTAS DE TORNEAR
82079000;- OUTRAS FERRAMENTAS INTERCAMBI VEIS
8208;FACAS E L MINAS CORTANTES, PARA M QUINAS OU PARA APARELHOS MEC NICOS.
82081000;- PARA TRABALHAR METAIS
82082000;- PARA TRABALHAR MADEIRA
82083000;- PARA APARELHOS DE COZINHA OU PARA M QUINAS DAS IND STRIAS ALIMENTARES
82084000;- PARA M QUINAS DE AGRICULTURA, HORTICULTURA OU SILVICULTURA
82089000;- OUTRAS
820900;PLAQUETAS, VARETAS, PONTAS E OBJETOS SEMELHANTES PARA FERRAMENTAS, N O MONTADOS, DE CERMETS.
8209001;PLAQUETAS OU PASTILHAS
82090011;INTERCAMBI VEIS
82090019;OUTRAS
82090090;OUTROS
821000;APARELHOS MEC NICOS DE ACIONAMENTO MANUAL, PESANDO AT  10 KG, UTILIZADOS PARA PREPARAR, ACONDICIONAR OU SERVIR ALIMENTOS OU BEBIDAS.
82100010;MOINHOS
82100090;OUTROS
8211;FACAS (EXCETO AS DA POSI  O 82.08) DE L MINA CORTANTE OU SERRILHADA, INCLUINDO AS PODADEIRAS DE L MINA M VEL, E SUAS L MINAS.
82111000;- SORTIDOS
82119;- OUTRAS:
82119100;-- FACAS DE MESA, DE L MINA FIXA
821192;-- OUTRAS FACAS DE L MINA FIXA
82119210;PARA COZINHA E A OUGUE
82119220;PARA CA A
82119290;OUTRAS
821193;-- FACAS, EXCETO AS DE L MINA FIXA, INCLUINDO AS PODADEIRAS DE L MINA M VEL
82119310;PODADEIRAS E SUAS PARTES
82119320;CANIVETES COM UMA OU V RIAS L MINAS OU OUTRAS PE AS
82119390;OUTRAS
82119400;-- L MINAS
82119500;-- CABOS DE METAIS COMUNS
8212;NAVALHAS E APARELHOS, DE BARBEAR, E SUAS L MINAS (INCLUINDO OS ESBO OS EM TIRAS).
821210;- NAVALHAS E APARELHOS, DE BARBEAR
82121010;NAVALHAS
82121020;APARELHOS
821220;- L MINAS DE BARBEAR DE SEGURAN A, INCLUINDO OS ESBO OS EM TIRAS
82122010;L MINAS
82122020;ESBO OS EM TIRAS
82129000;- OUTRAS PARTES
82130000;TESOURAS E SUAS L MINAS.
8214;"OUTROS ARTIGOS DE CUTELARIA (POR EXEMPLO, M QUINAS DE CORTAR O CABELO OU TOSQUIAR, FENDELEIRAS, CUTELOS, INCLUINDO OS DE A OUGUE (TALHO) E DE COZINHA, E ESP TULAS (CORTA-PAP IS)); UTENS LIOS E SORTIDOS DE UTENS LIOS DE MANICUROS OU DE PEDICUROS (INCLUINDO AS LIMAS PARA UNHAS)."
82141000;- ESP TULAS (CORTA-PAP IS), ABRE-CARTAS, RASPADEIRAS, APONTADORES DE L PIS (APARA-L PIS) E SUAS L MINAS
82142000;- UTENS LIOS E SORTIDOS DE UTENS LIOS DE MANICUROS OU DE PEDICUROS (INCLUINDO AS LIMAS PARA UNHAS)
821490;- OUTROS
82149010;M QUINAS DE TOSQUIAR E SUAS PARTES
82149090;OUTROS
8215;COLHERES, GARFOS, CONCHAS, ESCUMADEIRAS, P S PARA TORTAS, FACAS ESPECIAIS PARA PEIXE OU PARA MANTEIGA, PIN AS PARA A  CAR E ARTIGOS SEMELHANTES.
82151000;- SORTIDOS QUE CONTENHAM PELO MENOS UM OBJETO PRATEADO, DOURADO OU PLATINADO
82152000;- OUTROS SORTIDOS
82159;- OUTROS:
82159100;-- PRATEADOS, DOURADOS OU PLATINADOS
821599;-- OUTROS
82159910;DE A O INOXID VEL
82159990;OUTROS
83;OBRAS DIVERSAS DE METAIS COMUNS.
8301;"CADEADOS, FECHADURAS E FERROLHOS (DE CHAVE, DE SEGREDO OU EL TRICOS), DE METAIS COMUNS; FECHOS E ARMA  ES COM FECHO, COM FECHADURA, DE METAIS COMUNS; CHAVES PARA ESTES ARTIGOS, DE METAIS COMUNS."
83011000;- CADEADOS
83012000;- FECHADURAS DO TIPO UTILIZADO EM VE CULOS AUTOM VEIS
83013000;- FECHADURAS DO TIPO UTILIZADO EM M VEIS
83014000;"- OUTRAS FECHADURAS; FERROLHOS"
83015000;- FECHOS E ARMA  ES COM FECHO, COM FECHADURA
83016000;- PARTES
83017000;- CHAVES APRESENTADAS ISOLADAMENTE
8302;"GUARNI  ES, FERRAGENS E ARTIGOS SEMELHANTES, DE METAIS COMUNS, PARA M VEIS, PORTAS, ESCADAS, JANELAS, PERSIANAS, CARRO ARIAS, ARTIGOS DE SELEIRO, MALAS, COFRES, CAIXAS DE SEGURAN A E OUTRAS OBRAS SEMELHANTES; PATERAS, PORTA-CHAP US, CABIDES E ARTIGOS SEMELHANTES, DE METAIS COMUNS; ROD ZIOS COM ARMA  O DE METAIS COMUNS; FECHOS AUTOM TICOS PARA PORTAS, DE METAIS COMUNS."
83021000;- DOBRADI AS DE QUALQUER ESP CIE (INCLUINDO OS GONZOS E AS CHARNEIRAS)
83022000;- ROD ZIOS
83023000;- OUTRAS GUARNI  ES, FERRAGENS E ARTIGOS SEMELHANTES, PARA VE CULOS AUTOM VEIS
83024;- OUTRAS GUARNI  ES, FERRAGENS E ARTIGOS SEMELHANTES:
83024100;-- PARA CONSTRU  ES
83024200;-- OUTROS, PARA M VEIS
83024900;-- OUTROS
83025000;- PATERAS, PORTA-CHAP US, CABIDES E ARTIGOS SEMELHANTES
83026000;- FECHOS AUTOM TICOS PARA PORTAS
83030000;COFRES-FORTES, PORTAS BLINDADAS E COMPARTIMENTOS PARA CASAS-FORTES, COFRES E CAIXAS DE SEGURAN A E ARTIGOS SEMELHANTES, DE METAIS COMUNS.
83040000;CLASSIFICADORES, FICH RIOS (FICHEIROS), CAIXAS DE CLASSIFICA  O, PORTA-C PIAS, PORTA-CANETAS, PORTA-CARIMBOS E ARTIGOS SEMELHANTES, DE ESCRIT RIO, DE METAIS COMUNS, EXCLUINDO OS M VEIS DE ESCRIT RIO DA POSI  O 94.03.
8305;"FERRAGENS PARA ENCADERNA  O DE FOLHAS SOLTAS OU PARA CLASSIFICADORES, PRENDEDORES (MOLAS*) PARA PAP IS, CANTOS PARA CARTAS, CLIPES, INDICADORES PARA FICHAS OU CAVALEIROS E OBJETOS SEMELHANTES DE ESCRIT RIO, DE METAIS COMUNS; GRAMPOS (AGRAFOS*) APRESENTADOS EM BARRETAS (POR EXEMPLO, DE ESCRIT RIO, PARA ATAPETAR, PARA EMBALAGEM), DE METAIS COMUNS."
83051000;- FERRAGENS PARA ENCADERNA  O DE FOLHAS SOLTAS OU PARA CLASSIFICADORES
83052000;- GRAMPOS (AGRAFOS*) APRESENTADOS EM BARRETAS
83059000;- OUTROS, INCLUINDO AS PARTES
8306;"SINOS, CAMPAINHAS, GONGOS E ARTIGOS SEMELHANTES, N O EL TRICOS, DE METAIS COMUNS; ESTATUETAS E OUTROS OBJETOS DE ORNAMENTA  O, DE METAIS COMUNS; MOLDURAS PARA FOTOGRAFIAS, GRAVURAS OU SEMELHANTES, DE METAIS COMUNS; ESPELHOS DE METAIS COMUNS."
83061000;- SINOS, CAMPAINHAS, GONGOS E ARTIGOS SEMELHANTES
83062;- ESTATUETAS E OUTROS OBJETOS DE ORNAMENTA  O:
83062100;-- PRATEADOS, DOURADOS OU PLATINADOS
83062900;-- OUTROS
83063000;"- MOLDURAS PARA FOTOGRAFIAS, GRAVURAS OU SEMELHANTES; ESPELHOS"
8307;TUBOS FLEX VEIS DE METAIS COMUNS, MESMO COM ACESS RIOS.
830710;- DE FERRO OU A O
83071010;DO TIPO UTILIZADO NA EXPLORA  O SUBMARINA DE PETR LEO OU G S, CONSTITU DOS POR CAMADAS FLEX VEIS DE A O E CAMADAS DE PL STICO, DE DI METRO INTERIOR SUPERIOR A 254 MM
83071090;OUTROS
83079000;- DE OUTROS METAIS COMUNS
8308;"FECHOS, ARMA  ES COM FECHO, FIVELAS, FIVELAS-FECHO, GRAMPOS, COLCHETES, ILHOSES E ARTIGOS SEMELHANTES, DE METAIS COMUNS, PARA VESTU RIO OU ACESS RIOS DE VESTU RIO, CAL ADO, JOALHERIA, REL GIOS DE PULSO, LIVROS, ENCERADOS, ARTIGOS DE COURO, ARTIGOS DE SELEIRO, ARTIGOS DE VIAGEM, OU PARA OUTRAS CONFEC  ES; REBITES TUBULARES OU DE HASTE FENDIDA, DE METAIS COMUNS; CONTAS E LANTEJOULAS, DE METAIS COMUNS."
83081000;- GRAMPOS, COLCHETES E ILHOSES
83082000;- REBITES TUBULARES OU DE HASTE FENDIDA
830890;- OUTROS, INCLUINDO AS PARTES
83089010;FIVELAS
83089020;CONTAS E LANTEJOULAS
83089090;OUTROS
8309;ROLHAS, TAMPAS E C PSULAS PARA GARRAFAS (INCLUINDO AS C PSULAS DE COROA, AS ROLHAS E C PSULAS, DE ROSCA, E AS ROLHAS VERTEDORAS), BATOQUES OU TAMP ES ROSCADOS, PROTETORES DE BATOQUES OU DE TAMP ES, SELOS DE GARANTIA E OUTROS ACESS RIOS PARA EMBALAGEM, DE METAIS COMUNS.
83091000;- C PSULAS DE COROA
83099000;- OUTROS
83100000;PLACAS INDICADORAS, PLACAS SINALIZADORAS, PLACAS-ENDERE OS E PLACAS SEMELHANTES, N MEROS, LETRAS E SINAIS DIVERSOS, DE METAIS COMUNS, EXCETO OS DA POSI  O 94.05.
8311;"FIOS, VARETAS, TUBOS, CHAPAS, ELETRODOS E ARTIGOS SEMELHANTES, DE METAIS COMUNS OU DE CARBONETOS MET LICOS, REVESTIDOS INTERIOR OU EXTERIORMENTE DE DECAPANTES OU DE FUNDENTES, PARA SOLDADURA OU DEP SITO DE METAL OU DE CARBONETOS MET LICOS; FIOS E VARETAS, DE P S DE METAIS COMUNS AGLOMERADOS, PARA METALIZA  O POR PROJE  O."
83111000;- ELETRODOS REVESTIDOS EXTERIORMENTE PARA SOLDAR A ARCO, DE METAIS COMUNS
83112000;- FIOS REVESTIDOS INTERIORMENTE PARA SOLDAR A ARCO, DE METAIS COMUNS
83113000;- VARETAS REVESTIDAS EXTERIORMENTE E FIOS REVESTIDOS INTERIORMENTE, PARA SOLDAR   CHAMA, DE METAIS COMUNS
83119000;- OUTROS
84;REATORES NUCLEARES, CALDEIRAS, M QUINAS, APARELHOS E INSTRUMENTOS MEC NICOS, E SUAS PARTES.
8401;"REATORES NUCLEARES; ELEMENTOS COMBUST VEIS (CARTUCHOS) N O IRRADIADOS, PARA REATORES NUCLEARES; M QUINAS E APARELHOS PARA A SEPARA  O DE IS TOPOS."
84011000;- REATORES NUCLEARES
84012000;- M QUINAS E APARELHOS PARA A SEPARA  O DE IS TOPOS, E SUAS PARTES
84013000;- ELEMENTOS COMBUST VEIS (CARTUCHOS) N O IRRADIADOS
84014000;- PARTES DE REATORES NUCLEARES
8402;"CALDEIRAS DE VAPOR (GERADORES DE VAPOR), EXCLUINDO AS CALDEIRAS PARA AQUECIMENTO CENTRAL CONCEBIDAS PARA PRODU  O DE  GUA QUENTE E VAPOR DE BAIXA PRESS O; CALDEIRAS DENOMINADAS ""DE  GUA SUPERAQUECIDA""."
84021;- CALDEIRAS DE VAPOR:
84021100;-- CALDEIRAS AQUATUBULARES COM PRODU  O DE VAPOR SUPERIOR A 45 T POR HORA
84021200;-- CALDEIRAS AQUATUBULARES COM PRODU  O DE VAPOR N O SUPERIOR A 45 T POR HORA
84021900;-- OUTRAS CALDEIRAS PARA PRODU  O DE VAPOR, INCLUINDO AS CALDEIRAS MISTAS
84022000;"- CALDEIRAS DENOMINADAS ""DE  GUA SUPERAQUECIDA"""
84029000;- PARTES
8403;CALDEIRAS PARA AQUECIMENTO CENTRAL, EXCETO AS DA POSI  O 84.02.
840310;- CALDEIRAS
84031010;COM CAPACIDADE INFERIOR OU IGUAL A 200.000 KCAL/HORA
84031090;OUTRAS
84039000;- PARTES
8404;"APARELHOS AUXILIARES PARA CALDEIRAS DAS POSI  ES 84.02 OU 84.03 (POR EXEMPLO, ECONOMIZADORES, SUPERAQUECEDORES, APARELHOS DE LIMPEZA DE TUBOS OU DE RECUPERA  O DE G S); CONDENSADORES PARA M QUINAS A VAPOR."
840410;- APARELHOS AUXILIARES PARA CALDEIRAS DAS POSI  ES 84.02 OU 84.03
84041010;DA POSI  O 84.02
84041020;DA POSI  O 84.03
84042000;- CONDENSADORES PARA M QUINAS A VAPOR
840490;- PARTES
84049010;DE APARELHOS AUXILIARES PARA CALDEIRAS DA POSI  O 84.02
84049090;OUTRAS
8405;"GERADORES DE G S DE AR (G S POBRE) OU DE G S DE  GUA, MESMO COM DEPURADORES; GERADORES DE ACETILENO E GERADORES SEMELHANTES DE G S, OPERADOS A  GUA, MESMO COM DEPURADORES."
84051000;"- GERADORES DE G S DE AR (G S POBRE) OU DE G S DE  GUA, MESMO COM DEPURADORES; GERADORES DE ACETILENO E GERADORES SEMELHANTES DE G S, OPERADOS A  GUA, MESMO COM DEPURADORES"
84059000;- PARTES
8406;TURBINAS A VAPOR.
84061000;- TURBINAS PARA PROPULS O DE EMBARCA  ES
84068;- OUTRAS TURBINAS:
84068100;-- DE POT NCIA SUPERIOR A 40 MW
84068200;-- DE POT NCIA N O SUPERIOR A 40 MW
840690;- PARTES
8406901;ROTORES
84069011;DE TURBINAS A REA  O, DE M LTIPLOS EST GIOS
84069019;OUTRAS
8406902;PALHETAS
84069021;FIXAS (DE ESTATOR)
84069029;OUTRAS
84069090;OUTRAS
8407;MOTORES DE PIST O, ALTERNATIVO OU ROTATIVO, DE IGNI  O POR CENTELHA (FA SCA) (MOTORES DE EXPLOS O).
84071000;- MOTORES PARA AVIA  O
84072;- MOTORES PARA PROPULS O DE EMBARCA  ES:
840721;-- DO TIPO FORA DE BORDA
84072110;MONOCIL NDRICOS
84072190;OUTROS
840729;-- OUTROS
84072910;MONOCIL NDRICOS
84072990;OUTROS
84073;- MOTORES DE PIST O ALTERNATIVO DO TIPO UTILIZADO PARA PROPULS O DE VE CULOS DO CAP TULO 87:
840731;-- DE CILINDRADA N O SUPERIOR A 50 CM3
84073110;MONOCIL NDRICOS
84073190;OUTROS
84073200;-- DE CILINDRADA SUPERIOR A 50 CM3, MAS N O SUPERIOR A 250 CM3
840733;-- DE CILINDRADA SUPERIOR A 250 CM3, MAS N O SUPERIOR A 1.000 CM3
84073310;MONOCIL NDRICOS
84073390;OUTROS
840734;-- DE CILINDRADA SUPERIOR A 1.000 CM3
84073410;MONOCIL NDRICOS
84073490;OUTROS
84079000;- OUTROS MOTORES
8408;MOTORES DE PIST O, DE IGNI  O POR COMPRESS O (MOTORES DIESEL OU SEMIDIESEL).
840810;- MOTORES PARA PROPULS O DE EMBARCA  ES
84081010;DO TIPO FORA DE BORDA
84081090;OUTROS
840820;- MOTORES DO TIPO UTILIZADO PARA PROPULS O DE VE CULOS DO CAP TULO 87
84082010;DE CILINDRADA INFERIOR OU IGUAL A 1.500 CM3
84082020;DE CILINDRADA SUPERIOR A 1.500 CM3, MAS N O SUPERIOR A 2.500 CM3
84082030;DE CILINDRADA SUPERIOR A 2.500 CM3, MAS N O SUPERIOR A 3.500 CM3
84082090;OUTROS
840890;- OUTROS MOTORES
84089010;ESTACION RIOS, DE POT NCIA NORMAL ISO SUPERIOR A 497,5 KW (663 HP), SEGUNDO NORMA ISO 3046/1
84089090;OUTROS
8409;PARTES RECONHEC VEIS COMO EXCLUSIVA OU PRINCIPALMENTE DESTINADAS AOS MOTORES DAS POSI  ES 84.07 OU 84.08.
84091000;- DE MOTORES PARA AVIA  O
84099;- OUTRAS:
840991;-- RECONHEC VEIS COMO EXCLUSIVA OU PRINCIPALMENTE DESTINADAS AOS MOTORES DE PIST O, DE IGNI  O POR CENTELHA (FA SCA)
8409911;BIELAS, BLOCOS DE CILINDROS, CABE OTES, C RTERES, CARBURADORES, V LVULAS DE ADMISS O OU DE ESCAPE, COLETORES DE ADMISS O OU DE ESCAPE, AN IS DE SEGMENTO E GUIAS DE V LVULAS
84099111;BIELAS
84099112;BLOCOS DE CILINDROS, CABE OTES E C RTERES
84099113;CARBURADORES, COM BOMBA E DISPOSITIVO DE COMPENSA  O DE N VEL DE COMBUST VEL INCORPORADOS, AMBOS A MEMBRANA, DE DI METRO DE VENTURI INFERIOR OU IGUAL A 22,8 MM E PESO INFERIOR OU IGUAL A 280 G
84099114;V LVULAS DE ADMISS O OU DE ESCAPE
84099115;COLETORES DE ADMISS O OU DE ESCAPE
84099116;AN IS DE SEGMENTO
84099117;GUIAS DE V LVULAS
84099118;OUTROS CARBURADORES
84099120;PIST ES OU  MBOLOS
84099130;CAMISAS DE CILINDRO
84099140;SISTEMA DE INJE  O ELETR NICA
84099190;OUTRAS
840999;-- OUTRAS
8409991;BLOCOS DE CILINDROS, C RTERES, V LVULAS DE ADMISS O OU DE ESCAPE, COLETORES DE ADMISS O OU ESCAPE E GUIAS DE V LVULAS
84099912;BLOCOS DE CILINDROS E C RTERES
84099914;V LVULAS DE ADMISS O OU DE ESCAPE
84099915;COLETORES DE ADMISS O OU DE ESCAPE
84099917;GUIAS DE V LVULAS
8409992;PIST ES OU  MBOLOS
84099921;DE DI METRO IGUAL OU SUPERIOR A 200 MM
84099929;OUTROS
84099930;CAMISAS DE CILINDRO
8409994;BIELAS
84099941;DE PESO IGUAL OU SUPERIOR A 30 KG
84099949;OUTRAS
8409995;CABE OTES
84099951;DE DI METRO IGUAL OU SUPERIOR A 200 MM
84099959;OUTROS
8409996;BICOS INJETORES (INCLUINDO OS PORTA-INJETORES)
84099961;DE DI METRO IGUAL OU SUPERIOR A 20 MM
84099969;OUTROS
8409997;AN IS DE SEGMENTO
84099971;DE DI METRO IGUAL OU SUPERIOR A 200 MM
84099979;OUTROS
8409999;OUTRAS
84099991;CAMISAS DE CILINDRO SOLDADAS A CABE OTES, DE DI METRO IGUAL OU SUPERIOR A 200 MM
84099999;OUTRAS
8410;TURBINAS HIDR ULICAS, RODAS HIDR ULICAS, E SEUS REGULADORES.
84101;- TURBINAS E RODAS HIDR ULICAS:
84101100;-- DE POT NCIA N O SUPERIOR A 1.000 KW
84101200;-- DE POT NCIA SUPERIOR A 1.000 KW, MAS N O SUPERIOR A 10.000 KW
84101300;-- DE POT NCIA SUPERIOR A 10.000 KW
84109000;- PARTES, INCLUINDO OS REGULADORES
8411;TURBORREATORES, TURBOPROPULSORES E OUTRAS TURBINAS A G S.
84111;- TURBORREATORES:
84111100;-- DE EMPUXO (IMPULSO*) N O SUPERIOR A 25 KN
84111200;-- DE EMPUXO (IMPULSO*) SUPERIOR A 25 KN
84112;- TURBOPROPULSORES:
84112100;-- DE POT NCIA N O SUPERIOR A 1.100 KW
84112200;-- DE POT NCIA SUPERIOR A 1.100 KW
84118;- OUTRAS TURBINAS A G S:
84118100;-- DE POT NCIA N O SUPERIOR A 5.000 KW
84118200;-- DE POT NCIA SUPERIOR A 5.000 KW
84119;- PARTES:
84119100;-- DE TURBORREATORES OU DE TURBOPROPULSORES
84119900;-- OUTRAS
8412;OUTROS MOTORES E M QUINAS MOTRIZES.
84121000;- PROPULSORES A REA  O, EXCLUINDO OS TURBORREATORES
84122;- MOTORES HIDR ULICOS:
841221;-- DE MOVIMENTO RETIL NEO (CILINDROS)
84122110;CILINDROS HIDR ULICOS
84122190;OUTROS
84122900;-- OUTROS
84123;- MOTORES PNEUM TICOS:
841231;-- DE MOVIMENTO RETIL NEO (CILINDROS)
84123110;CILINDROS PNEUM TICOS
84123190;OUTROS
84123900;-- OUTROS
84128000;- OUTROS
841290;- PARTES
84129010;DE PROPULSORES A REA  O
84129080;DE M QUINAS DAS SUBPOSI  ES 8412.21 OU 8412.31
84129090;OUTRAS
8413;"BOMBAS PARA L QUIDOS, MESMO COM DISPOSITIVO MEDIDOR; ELEVADORES DE L QUIDOS."
84131;- BOMBAS COM DISPOSITIVO MEDIDOR OU CONCEBIDAS PARA COMPORT -LO:
84131100;-- BOMBAS PARA DISTRIBUI  O DE COMBUST VEIS OU LUBRIFICANTES, DO TIPO UTILIZADO EM POSTOS (ESTA  ES) DE SERVI O OU GARAGENS
84131900;-- OUTRAS
84132000;- BOMBAS MANUAIS, EXCETO DAS SUBPOSI  ES 8413.11 OU 8413.19
841330;- BOMBAS PARA COMBUST VEIS, LUBRIFICANTES OU L QUIDOS DE ARREFECIMENTO, PR PRIAS PARA MOTORES DE IGNI  O POR CENTELHA (FA SCA) OU POR COMPRESS O
84133010;PARA GASOLINA OU  LCOOL
84133020;INJETORAS DE COMBUST VEL PARA MOTOR DE IGNI  O POR COMPRESS O
84133030;PARA  LEO LUBRIFICANTE
84133090;OUTRAS
84134000;- BOMBAS PARA CONCRETO (BET O)
841350;- OUTRAS BOMBAS VOLUM TRICAS ALTERNATIVAS
84135010;DE POT NCIA SUPERIOR A 3,73 KW (5 HP), MAS N O SUPERIOR A 447,42 KW (600 HP), EXCLU DAS AS PARA OXIG NIO L QUIDO
84135090;OUTRAS
841360;- OUTRAS BOMBAS VOLUM TRICAS ROTATIVAS
8413601;DE VAZ O INFERIOR OU IGUAL A 300 L/MIN
84136011;DE ENGRENAGEM
84136019;OUTRAS
84136090;OUTRAS
841370;- OUTRAS BOMBAS CENTR FUGAS
84137010;ELETROBOMBAS SUBMERS VEIS
84137080;OUTRAS, DE VAZ O INFERIOR OU IGUAL A 300 L/MIN
84137090;OUTRAS
84138;"- OUTRAS BOMBAS; ELEVADORES DE L QUIDOS:"
84138100;-- BOMBAS
84138200;-- ELEVADORES DE L QUIDOS
84139;- PARTES:
841391;-- DE BOMBAS
84139110;HASTES DE BOMBEAMENTO, DO TIPO UTILIZADO PARA EXTRA  O DE PETR LEO
84139190;OUTRAS
84139200;-- DE ELEVADORES DE L QUIDOS
8414;"BOMBAS DE AR OU DE V CUO, COMPRESSORES DE AR OU DE OUTROS GASES E VENTILADORES; COIFAS ASPIRANTES (EXAUSTORES) PARA EXTRA  O OU RECICLAGEM, COM VENTILADOR INCORPORADO, MESMO FILTRANTES; CABINAS (C MARAS) DE SEGURAN A BIOL GICA ESTANQUES AOS GASES, MESMO FILTRANTES."
84141000;- BOMBAS DE V CUO
84142000;- BOMBAS DE AR, DE M O OU DE P
841430;- COMPRESSORES DO TIPO UTILIZADO NOS EQUIPAMENTOS FRIGOR FICOS
8414301;MOTOCOMPRESSORES HERM TICOS
84143011;COM CAPACIDADE INFERIOR A 4.700 FRIGORIAS/HORA
84143019;OUTROS
8414309;OUTROS
84143091;COM CAPACIDADE INFERIOR OU IGUAL A 16.000 FRIGORIAS/HORA
84143099;OUTROS
841440;- COMPRESSORES DE AR MONTADOS SOBRE CHASSIS COM RODAS E REBOC VEIS
84144010;DE DESLOCAMENTO ALTERNATIVO
84144020;DE PARAFUSO
84144090;OUTROS
84145;- VENTILADORES:
841451;-- VENTILADORES DE MESA, DE ASSENTAR NO SOLO, DE PAREDE, DE TETO OU DE JANELA, COM MOTOR EL TRICO INCORPORADO DE POT NCIA N O SUPERIOR A 125 W
84145110;DE MESA
84145120;DE TETO
84145190;OUTROS
841459;-- OUTROS
84145910;MICROVENTILADORES COM  REA DE CARCA A INFERIOR A 90 CM2
84145990;OUTROS
84146000;- COIFAS ASPIRANTES (EXAUSTORES) COM DIMENS O HORIZONTAL M XIMA N O SUPERIOR A 120 CM
84147000;- CABINAS (C MARAS) DE SEGURAN A BIOL GICA ESTANQUES AOS GASES
841480;- OUTROS
8414801;COMPRESSORES DE AR
84148011;ESTACION RIOS, DE PIST O
84148012;DE PARAFUSO
84148013;DE L BULOS PARALELOS (TIPO ROOTS)
84148019;OUTROS
8414802;TURBOCOMPRESSORES DE AR
84148021;TURBOALIMENTADORES DE AR, DE PESO INFERIOR OU IGUAL A 50 KG PARA MOTORES DAS POSI  ES 84.07 OU 84.08, ACIONADO PELOS GASES DE ESCAPAMENTO DOS MESMOS
84148022;TURBOALIMENTADORES DE AR, DE PESO SUPERIOR A 50 KG PARA MOTORES DAS POSI  ES 84.07 OU 84.08, ACIONADOS PELOS GASES DE ESCAPAMENTO DOS MESMOS
84148029;OUTROS
8414803;COMPRESSORES DE GASES (EXCETO AR)
84148031;DE PIST O
84148032;DE PARAFUSO
84148033;CENTR FUGOS, DE VAZ O M XIMA INFERIOR A 22.000 M3/H
84148038;OUTROS COMPRESSORES CENTR FUGOS
84148039;OUTROS
84148090;OUTROS
841490;- PARTES
84149010;DE BOMBAS
84149020;DE VENTILADORES OU COIFAS ASPIRANTES
8414903;DE COMPRESSORES
84149031;PIST ES OU  MBOLOS
84149032;AN IS DE SEGMENTO
84149033;BLOCOS DE CILINDROS, CABE OTES E C RTERES
84149034;V LVULAS
84149039;OUTRAS
84149040;DE CABINAS (C MARAS) DE SEGURAN A
8415;M QUINAS E APARELHOS DE AR-CONDICIONADO QUE CONTENHAM UM VENTILADOR MOTORIZADO E DISPOSITIVOS PR PRIOS PARA MODIFICAR A TEMPERATURA E A UMIDADE, INCLUINDO AS M QUINAS E APARELHOS EM QUE A UMIDADE N O SEJA REGUL VEL SEPARADAMENTE.
841510;- DO TIPO CONCEBIDO PARA SER FIXADO NUMA JANELA, PAREDE, TETO OU PISO (PAVIMENTO), FORMANDO UM CORPO  NICO OU DO TIPO SPLIT-SYSTEM (SISTEMA COM ELEMENTOS SEPARADOS)
8415101;COM CAPACIDADE INFERIOR OU IGUAL A 30.000 FRIGORIAS/HORA
84151011;DO TIPO SPLIT-SYSTEM (SISTEMA COM ELEMENTOS SEPARADOS)
84151019;OUTROS
84151090;OUTROS
841520;- DO TIPO UTILIZADO PARA O CONFORTO DOS PASSAGEIROS NOS VE CULOS AUTOM VEIS
84152010;COM CAPACIDADE INFERIOR OU IGUAL A 30.000 FRIGORIAS/HORA
84152090;OUTROS
84158;- OUTROS:
841581;-- COM DISPOSITIVO DE REFRIGERA  O E V LVULA DE INVERS O DO CICLO T RMICO (BOMBAS DE CALOR REVERS VEIS)
84158110;COM CAPACIDADE INFERIOR OU IGUAL A 30.000 FRIGORIAS/HORA
84158190;OUTROS
841582;-- OUTROS, COM DISPOSITIVO DE REFRIGERA  O
84158210;COM CAPACIDADE INFERIOR OU IGUAL A 30.000 FRIGORIAS/HORA
84158290;OUTROS
84158300;-- SEM DISPOSITIVO DE REFRIGERA  O
841590;- PARTES
84159010;UNIDADES EVAPORADORAS (INTERNAS) DE APARELHO DE AR-CONDICIONADO DO TIPO SPLIT-SYSTEM (SISTEMA COM ELEMENTOS SEPARADOS), COM CAPACIDADE INFERIOR OU IGUAL A 30.000 FRIGORIAS/HORA
84159020;UNIDADES CONDENSADORAS (EXTERNAS) DE APARELHO DE AR-CONDICIONADO DO TIPO SPLIT-SYSTEM (SISTEMA COM ELEMENTOS SEPARADOS), COM CAPACIDADE INFERIOR OU IGUAL A 30.000 FRIGORIAS/HORA
84159090;OUTRAS
8416;"QUEIMADORES PARA ALIMENTA  O DE FORNALHAS DE COMBUST VEIS L QUIDOS, COMBUST VEIS S LIDOS PULVERIZADOS OU DE G S; FORNALHAS AUTOM TICAS, INCLUINDO AS ANTEFORNALHAS, GRELHAS MEC NICAS, DESCARREGADORES MEC NICOS DE CINZAS E DISPOSITIVOS SEMELHANTES."
84161000;- QUEIMADORES DE COMBUST VEIS L QUIDOS
841620;- OUTROS QUEIMADORES, INCLUINDO OS MISTOS
84162010;DE GASES
84162090;OUTROS
84163000;- FORNALHAS AUTOM TICAS, INCLUINDO AS ANTEFORNALHAS, GRELHAS MEC NICAS, DESCARREGADORES MEC NICOS DE CINZAS E DISPOSITIVOS SEMELHANTES
84169000;- PARTES
8417;FORNOS INDUSTRIAIS OU DE LABORAT RIO, INCLUINDO OS INCINERADORES, N O EL TRICOS.
841710;- FORNOS PARA USTULA  O, FUS O OU OUTROS TRATAMENTOS T RMICOS DE MIN RIOS OU DE METAIS
84171010;FORNOS INDUSTRIAIS PARA FUS O DE METAIS
84171020;FORNOS INDUSTRIAIS PARA TRATAMENTO T RMICO DE METAIS
84171090;OUTROS
84172000;- FORNOS DE PADARIA, PASTELARIA OU PARA A IND STRIA DE BOLACHAS E BISCOITOS
841780;- OUTROS
84178010;FORNOS INDUSTRIAIS PARA CER MICA
84178020;FORNOS INDUSTRIAIS PARA FUS O DE VIDRO
84178090;OUTROS
84179000;- PARTES
8418;"REFRIGERADORES, CONGELADORES (FREEZERS) E OUTROS MATERIAIS, M QUINAS E APARELHOS, PARA A PRODU  O DE FRIO, COM EQUIPAMENTO EL TRICO OU OUTRO; BOMBAS DE CALOR, EXCETO AS M QUINAS E APARELHOS DE AR-CONDICIONADO DA POSI  O 84.15."
84181000;- COMBINA  ES DE REFRIGERADORES E CONGELADORES (FREEZERS), MUNIDOS DE PORTAS OU GAVETAS EXTERIORES SEPARADAS, OU DE UMA COMBINA  O DESSES ELEMENTOS
84182;- REFRIGERADORES DO TIPO DOM STICO:
84182100;-- DE COMPRESS O
84182900;-- OUTROS
84183000;- CONGELADORES (FREEZERS) HORIZONTAIS (ARCAS), DE CAPACIDADE N O SUPERIOR A 800 L
84184000;- CONGELADORES (FREEZERS) VERTICAIS, DE CAPACIDADE N O SUPERIOR A 900 L
841850;- OUTROS M VEIS (ARCAS, ARM RIOS, VITRINES, BALC ES E M VEIS SEMELHANTES) PARA A CONSERVA  O E EXPOSI  O DE PRODUTOS, QUE INCORPOREM UM EQUIPAMENTO PARA A PRODU  O DE FRIO
84185010;CONGELADORES (FREEZERS)
84185090;OUTROS
84186;"- OUTROS MATERIAIS, M QUINAS E APARELHOS, PARA A PRODU  O DE FRIO; BOMBAS DE CALOR:"
84186100;-- BOMBAS DE CALOR, EXCETO AS M QUINAS E APARELHOS DE AR-CONDICIONADO DA POSI  O 84.15
841869;-- OUTROS
84186910;M QUINAS N O DOM STICAS PARA PREPARA  O DE SORVETES
84186920;RESFRIADORES DE LEITE
8418693;UNIDADES FORNECEDORAS DE  GUA, SUCOS OU BEBIDAS CARBONATADAS
84186931;DE  GUA OU SUCOS
84186932;DE BEBIDAS CARBONATADAS
84186940;GRUPOS FRIGOR FICOS DE COMPRESS O COM CAPACIDADE INFERIOR OU IGUAL A 30.000 FRIGORIAS/HORA
8418699;OUTROS
84186991;RESFRIADORES DE  GUA, DE ABSOR  O POR BROMETO DE L TIO
84186999;OUTROS
84189;- PARTES:
84189100;-- M VEIS CONCEBIDOS PARA RECEBER UM EQUIPAMENTO PARA A PRODU  O DE FRIO
84189900;-- OUTRAS
8419;"APARELHOS, DISPOSITIVOS OU EQUIPAMENTOS DE LABORAT RIO, MESMO AQUECIDOS ELETRICAMENTE (EXCETO OS FORNOS E OUTROS APARELHOS DA POSI  O 85.14), PARA TRATAMENTO DE MAT RIAS POR MEIO DE OPERA  ES QUE IMPLIQUEM MUDAN A DE TEMPERATURA, TAIS COMO AQUECIMENTO, COZIMENTO, TORREFA  O, DESTILA  O, RETIFICA  O, ESTERILIZA  O, PASTEURIZA  O, ESTUFAGEM, SECAGEM, EVAPORA  O, VAPORIZA  O, CONDENSA  O OU ARREFECIMENTO, EXCETO OS DE USO DOM STICO; AQUECEDORES DE  GUA N O EL TRICOS, DE AQUECIMENTO INSTANT NEO OU DE ACUMULA  O."
84191;- AQUECEDORES DE  GUA N O EL TRICOS, DE AQUECIMENTO INSTANT NEO OU DE ACUMULA  O:
84191100;-- DE AQUECIMENTO INSTANT NEO, A G S
84191200;-- AQUECEDORES DE  GUA SOLARES
84191900;-- OUTROS
84192000;- ESTERILIZADORES M DICO-CIR RGICOS OU DE LABORAT RIO
84193;- SECADORES:
84193300;-- APARELHOS DE LIOFILIZA  O, APARELHOS DE CRIODESSECA  O E SECADORES POR PULVERIZA  O
84193400;-- OUTROS, PARA PRODUTOS AGR COLAS
84193500;-- OUTROS, PARA MADEIRAS, PASTAS DE PAPEL, PAPEL OU CART O
84193900;-- OUTROS
841940;- APARELHOS DE DESTILA  O OU DE RETIFICA  O
84194010;DE DESTILA  O DE  GUA
84194020;DE DESTILA  O OU RETIFICA  O DE  LCOOIS E OUTROS FLUIDOS VOL TEIS OU DE HIDROCARBONETOS
84194090;OUTROS
841950;- TROCADORES (PERMUTADORES) DE CALOR
84195010;DE PLACAS
8419502;TUBULARES
84195021;MET LICOS
84195022;DE GRAFITA
84195029;OUTROS
84195090;OUTROS
84196000;- APARELHOS E DISPOSITIVOS PARA LIQUEFA  O DO AR OU DE OUTROS GASES
84198;- OUTROS APARELHOS E DISPOSITIVOS:
841981;-- PARA PREPARA  O DE BEBIDAS QUENTES OU PARA COZIMENTO OU AQUECIMENTO DE ALIMENTOS
84198110;AUTOCLAVES
84198190;OUTROS
841989;-- OUTROS
8419891;ESTERILIZADORES
84198911;DE ALIMENTOS, MEDIANTE ULTRA ALTA TEMPERATURA (UHT - ULTRA HIGH TEMPERATURE) POR INJE  O DIRETA DE VAPOR, COM CAPACIDADE IGUAL OU SUPERIOR A 6.500 L/H
84198919;OUTROS
84198920;ESTUFAS
84198930;TORREFADORES
84198940;EVAPORADORES
8419899;OUTROS
84198991;RECIPIENTE REFRIGERADOR, COM DISPOSITIVO DE CIRCULA  O DE FLUIDO REFRIGERANTE
84198999;OUTROS
841990;- PARTES
84199010;DE AQUECEDORES DE  GUA DAS SUBPOSI  ES 8419.11 OU 8419.19
84199020;DE COLUNAS DE DESTILA  O OU DE RETIFICA  O
8419903;DE TROCADORES DE CALOR, DE PLACAS
84199031;PLACA CORRUGADA, DE A O INOXID VEL OU DE ALUM NIO, COM SUPERF CIE DE TROCA T RMICA DE  REA SUPERIOR A 0,4 M2
84199039;OUTRAS
84199040;DE APARELHOS OU DISPOSITIVOS DAS SUBPOSI  ES 8419.81 OU 8419.89
84199090;OUTRAS
8420;CALANDRAS E LAMINADORES, EXCETO OS DESTINADOS AO TRATAMENTO DE METAIS OU VIDRO, E SEUS CILINDROS.
842010;- CALANDRAS E LAMINADORES
84201010;PARA PAPEL OU CART O
84201090;OUTROS
84209;- PARTES:
84209100;-- CILINDROS
84209900;-- OUTRAS
8421;"CENTRIFUGADORES, INCLUINDO OS SECADORES CENTR FUGOS; APARELHOS PARA FILTRAR OU DEPURAR L QUIDOS OU GASES."
84211;- CENTRIFUGADORES, INCLUINDO OS SECADORES CENTR FUGOS:
842111;-- DESNATADEIRAS
84211110;COM CAPACIDADE DE PROCESSAMENTO DE LEITE IGUAL OU SUPERIOR A 30.000 L/H
84211190;OUTRAS
842112;-- SECADORES DE ROUPA
84211210;COM TAMBOR DE CAPACIDADE INFERIOR OU IGUAL A 23 L
84211290;OUTROS
842119;-- OUTROS
84211910;CENTRIFUGADORES PARA LABORAT RIOS DE AN LISES, ENSAIOS OU PESQUISAS CIENT FICAS
84211990;OUTROS
84212;- APARELHOS PARA FILTRAR OU DEPURAR L QUIDOS:
84212100;-- PARA FILTRAR OU DEPURAR  GUA
84212200;-- PARA FILTRAR OU DEPURAR BEBIDAS, EXCETO  GUA
84212300;-- PARA FILTRAR CARBURANTES OU  LEOS LUBRIFICANTES NOS MOTORES DE IGNI  O POR CENTELHA (FA SCA) OU POR COMPRESS O
842129;-- OUTROS
8421291;DO TIPO UTILIZADO EM HEMODI LISE
84212911;CAPILARES
84212919;OUTROS
84212920;APARELHO DE OSMOSE INVERSA
84212930;FILTROS-PRENSA
84212990;OUTROS
84213;- APARELHOS PARA FILTRAR OU DEPURAR GASES:
84213100;-- FILTROS DE ENTRADA DE AR PARA MOTORES DE IGNI  O POR CENTELHA (FA SCA) OU POR COMPRESS O
84213200;-- CONVERSORES CATAL TICOS E FILTROS DE PART CULAS, MESMO COMBINADOS, PARA DEPURAR OU FILTRAR OS GASES DE ESCAPE DOS MOTORES DE IGNI  O POR CENTELHA (FA SCA) OU POR COMPRESS O
842139;-- OUTROS
84213910;FILTROS ELETROST TICOS
84213930;CONCENTRADORES DE OXIG NIO POR DEPURA  O DO AR, COM CAPACIDADE DE SA DA INFERIOR OU IGUAL A 6 L/MIN
84213990;OUTROS
84219;- PARTES:
842191;-- DE CENTRIFUGADORES, INCLUINDO AS DOS SECADORES CENTR FUGOS
84219110;DE SECADORES DE ROUPA DO ITEM 8421.12.10
8421919;OUTRAS
84219191;TAMBORES ROTATIVOS COM PRATOS OU DISCOS SEPARADORES, DE PESO SUPERIOR A 300 KG
84219199;OUTRAS
842199;-- OUTRAS
84219910;DE APARELHOS PARA FILTRAR OU DEPURAR GASES, DA SUBPOSI  O 8421.39
84219920;DO TIPO UTILIZADO EM LINHAS DE SANGUE PARA HEMODI LISE
8421999;OUTRAS
84219991;CARTUCHOS DE MEMBRANA DE APARELHOS DE OSMOSE INVERSA
84219999;OUTRAS
8422;"M QUINAS DE LAVAR LOU A; M QUINAS E APARELHOS PARA LIMPAR OU SECAR GARRAFAS OU OUTROS RECIPIENTES; M QUINAS E APARELHOS PARA ENCHER, FECHAR, ARROLHAR OU ROTULAR GARRAFAS, CAIXAS, LATAS, SACOS OU OUTROS RECIPIENTES; M QUINAS E APARELHOS PARA CAPSULAR GARRAFAS, VASOS, TUBOS E RECIPIENTES SEMELHANTES; OUTRAS M QUINAS E APARELHOS PARA EMPACOTAR OU EMBALAR MERCADORIAS (INCLUINDO AS M QUINAS E APARELHOS PARA EMBALAR COM PEL CULA TERMORRETR TIL); M QUINAS E APARELHOS PARA GASEIFICAR BEBIDAS."
84221;- M QUINAS DE LAVAR LOU A:
84221100;-- DO TIPO DOM STICO
84221900;-- OUTRAS
84222000;- M QUINAS E APARELHOS PARA LIMPAR OU SECAR GARRAFAS OU OUTROS RECIPIENTES
842230;"- M QUINAS E APARELHOS PARA ENCHER, FECHAR, ARROLHAR OU ROTULAR GARRAFAS, CAIXAS, LATAS, SACOS OU OUTROS RECIPIENTES; M QUINAS E APARELHOS PARA CAPSULAR GARRAFAS, VASOS, TUBOS E RECIPIENTES SEMELHANTES; M QUINAS E APARELHOS PARA GASEIFICAR BEBIDAS"
84223010;M QUINAS E APARELHOS PARA ENCHER, FECHAR, ARROLHAR, CAPSULAR OU ROTULAR GARRAFAS
8422302;"M QUINAS E APARELHOS PARA ENCHER, FECHAR, ARROLHAR OU ROTULAR CAIXAS, LATAS, SACOS OU OUTROS RECIPIENTES; M QUINAS E APARELHOS PARA CAPSULAR VASOS, TUBOS E RECIPIENTES SEMELHANTES"
84223021;PARA ENCHER CAIXAS OU SACOS COM P  OU GR OS
84223022;PARA ENCHER E FECHAR EMBALAGENS CONFECCIONADAS COM PAPEL OU CART O DOS SUBITENS 4811.51.22 OU 4811.59.23, MESMO COM DISPOSITIVO DE ROTULAGEM
84223023;PARA ENCHER E FECHAR RECIPIENTES TUBULARES FLEX VEIS (BISNAGAS), COM CAPACIDADE IGUAL OU SUPERIOR A 100 UNIDADES POR MINUTO
84223029;OUTROS
84223030;PARA GASEIFICAR BEBIDAS
842240;- OUTRAS M QUINAS E APARELHOS PARA EMPACOTAR OU EMBALAR MERCADORIAS (INCLUINDO AS M QUINAS E APARELHOS PARA EMBALAR COM PEL CULA TERMORRETR TIL)
84224010;HORIZONTAIS, PR PRIAS PARA EMPACOTAMENTO DE MASSAS ALIMENT CIAS LONGAS (COMPRIMENTO SUPERIOR A 200 MM) EM PACOTES TIPO ALMOFADAS (PILLOW PACK), COM CAPACIDADE DE PRODU  O SUPERIOR A 100 PACOTES POR MINUTO E CONTROLADOR L GICO PROGRAM VEL (CLP)
84224020;AUTOM TICA, PARA EMBALAR TUBOS OU BARRAS DE METAL, EM ATADOS DE PESO INFERIOR OU IGUAL A 2.000 KG E COMPRIMENTO INFERIOR OU IGUAL A 12 M
84224030;DE EMPACOTAR EMBALAGENS CONFECCIONADAS COM PAPEL OU CART O DOS SUBITENS 4811.51.22 OU 4811.59.23 EM CAIXAS OU BANDEJAS DE PAPEL OU CART O DOBR VEIS, COM CAPACIDADE IGUAL OU SUPERIOR A 5.000 EMBALAGENS POR HORA
84224090;OUTROS
842290;- PARTES
84229010;DE M QUINAS DE LAVAR LOU A, DE USO DOM STICO
84229090;OUTRAS
8423;"APARELHOS E INSTRUMENTOS DE PESAGEM, INCLUINDO AS B SCULAS E BALAN AS PARA VERIFICAR PE AS USINADAS (FABRICADAS*), EXCLUINDO AS BALAN AS SENS VEIS A PESOS N O SUPERIORES A 5 CG; PESOS PARA QUAISQUER BALAN AS."
84231000;"- BALAN AS PARA PESSOAS, INCLUINDO AS BALAN AS PARA BEB S; BALAN AS DE USO DOM STICO"
84232000;- B SCULAS DE PESAGEM CONT NUA EM TRANSPORTADORES
842330;- B SCULAS DE PESAGEM CONSTANTE E BALAN AS E B SCULAS ENSACADORAS OU DOSEADORAS
8423301;DOSADORAS
84233011;COM APARELHOS PERIF RICOS, QUE CONSTITUAM UNIDADE FUNCIONAL
84233019;OUTRAS
84233090;OUTRAS
84238;- OUTROS APARELHOS E INSTRUMENTOS DE PESAGEM:
842381;-- DE CAPACIDADE N O SUPERIOR A 30 KG
84238110;DE MESA, COM DISPOSITIVO REGISTRADOR OU IMPRESSOR DE ETIQUETAS
84238190;OUTROS
84238200;-- DE CAPACIDADE SUPERIOR A 30 KG, MAS N O SUPERIOR A 5.000 KG
84238900;-- OUTROS
842390;"- PESOS PARA QUAISQUER BALAN AS; PARTES DE APARELHOS OU INSTRUMENTOS DE PESAGEM"
84239010;PESOS
8423902;PARTES
84239021;DE APARELHOS OU INSTRUMENTOS DA SUBPOSI  O 8423.10
84239029;OUTRAS
8424;"APARELHOS MEC NICOS (MESMO MANUAIS) PARA PROJETAR, DISPERSAR OU PULVERIZAR L QUIDOS OU P S; EXTINTORES, MESMO CARREGADOS; PISTOLAS AEROGR FICAS E APARELHOS SEMELHANTES; M QUINAS E APARELHOS DE JATO DE AREIA, DE JATO DE VAPOR E APARELHOS DE JATO SEMELHANTES."
84241000;- EXTINTORES, MESMO CARREGADOS
84242000;- PISTOLAS AEROGR FICAS E APARELHOS SEMELHANTES
842430;- M QUINAS E APARELHOS DE JATO DE AREIA, DE JATO DE VAPOR E APARELHOS DE JATO SEMELHANTES
84243010;M QUINAS E APARELHOS DE DESOBSTRU  O DE TUBULA  O OU DE LIMPEZA, POR JATO DE  GUA
84243020;DE JATO DE AREIA PR PRIA PARA DESGASTE LOCALIZADO DE PE AS DE VESTU RIO
84243030;PERFURADORAS POR JATO DE  GUA COM PRESS O DE TRABALHO M XIMA IGUAL OU SUPERIOR A 10 MPA
84243090;OUTROS
84244;- PULVERIZADORES PARA AGRICULTURA OU HORTICULTURA:
84244100;-- PULVERIZADORES PORT TEIS
84244900;-- OUTROS
84248;- OUTROS APARELHOS:
842482;-- PARA AGRICULTURA OU HORTICULTURA
8424822;IRRIGADORES E SISTEMAS DE IRRIGA  O
84248221;POR ASPERS O
84248229;OUTROS
84248290;OUTROS
842489;-- OUTROS
84248910;APARELHOS DE PULVERIZA  O CONSTITU DOS POR BOT O DE PRESS O COM BOCAL (TAMPA SPRAY), V LVULA DO TIPO AEROSSOL, JUNTA DE ESTANQUEIDADE (JUNTA DE CANOPLA) E TUBO DE IMERS O, MONTADOS SOBRE UM CORPO MET LICO (CANOPLA), DO TIPO UTILIZADO PARA SEREM MONTADOS NO GARGALO DE RECIPIENTES, PARA PROJETAR L QUIDOS, P S OU ESPUMAS
84248920;APARELHOS AUTOM TICOS PARA PROJETAR LUBRIFICANTES SOBRE PNEUM TICOS, QUE CONTENHAM UMA ESTA  O DE SECAGEM POR AR PREAQUECIDO E DISPOSITIVOS PARA AGARRAR E MOVIMENTAR PNEUM TICOS
84248990;OUTROS
842490;- PARTES
84249010;DE APARELHOS DA SUBPOSI  O 8424.10 OU DO ITEM 8424.89.10
84249090;OUTRAS
8425;"TALHAS, CADERNAIS E MOIT ES; GUINCHOS E CABRESTANTES; MACACOS."
84251;- TALHAS, CADERNAIS E MOIT ES:
84251100;-- DE MOTOR EL TRICO
842519;-- OUTROS
84251910;TALHAS, CADERNAIS E MOIT ES, MANUAIS
84251990;OUTROS
84253;"- GUINCHOS; CABRESTANTES:"
842531;-- DE MOTOR EL TRICO
84253110;COM CAPACIDADE INFERIOR OU IGUAL A 100 T
84253190;OUTROS
842539;-- OUTROS
84253910;COM CAPACIDADE INFERIOR OU IGUAL A 100 T
84253990;OUTROS
84254;- MACACOS:
84254100;-- ELEVADORES FIXOS DE VE CULOS, PARA GARAGENS (OFICINAS)
84254200;-- OUTROS MACACOS, HIDR ULICOS
842549;-- OUTROS
84254910;MANUAIS
84254990;OUTROS
8426;"C BREAS; GUINDASTES, INCLUINDO OS DE CABO; PONTES ROLANTES, P RTICOS DE DESCARGA OU DE MOVIMENTA  O, PONTES-GUINDASTES, CARROS-P RTICOS E CARROS-GUINDASTES."
84261;- PONTES E VIGAS, ROLANTES, P RTICOS, PONTES-GUINDASTES E CARROS-P RTICOS:
84261100;-- PONTES E VIGAS, ROLANTES, DE SUPORTES FIXOS
84261200;-- P RTICOS M VEIS DE PNEUM TICOS E CARROS-P RTICOS
84261900;-- OUTROS
84262000;- GUINDASTES DE TORRE
84263000;- GUINDASTES DE P RTICO
84264;- OUTRAS M QUINAS E APARELHOS, AUTOPROPULSADOS:
842641;-- DE PNEUM TICOS
84264110;COM DESLOCAMENTO EM SENTIDO LONGITUDINAL, TRANSVERSAL E DIAGONAL (TIPO CARANGUEJO) COM CAPACIDADE DE CARGA IGUAL OU SUPERIOR A 60 T
84264190;OUTROS
842649;-- OUTROS
84264910;DE LAGARTAS (ESTEIRAS), COM CAPACIDADE DE ELEVA  O IGUAL OU SUPERIOR A 70 T
84264990;OUTROS
84269;- OUTRAS M QUINAS E APARELHOS:
84269100;-- PR PRIOS PARA SEREM MONTADOS EM VE CULOS RODOVI RIOS
84269900;-- OUTROS
8427;"EMPILHADEIRAS; OUTROS VE CULOS PARA MOVIMENTA  O DE CARGA E SEMELHANTES, EQUIPADOS COM DISPOSITIVOS DE ELEVA  O."
842710;- AUTOPROPULSADOS, DE MOTOR EL TRICO
8427101;EMPILHADEIRAS
84271011;DE CAPACIDADE DE CARGA SUPERIOR A 6,5 T
84271019;OUTRAS
84271090;OUTROS
842720;- OUTROS, AUTOPROPULSADOS
84272010;EMPILHADEIRAS COM CAPACIDADE DE CARGA SUPERIOR A 6,5 T
84272090;OUTROS
84279000;- OUTROS
8428;OUTRAS M QUINAS E APARELHOS DE ELEVA  O, DE CARGA, DE DESCARGA OU DE MOVIMENTA  O (POR EXEMPLO, ELEVADORES, ESCADAS ROLANTES, TRANSPORTADORES, TELEF RICOS).
84281000;- ELEVADORES E MONTA-CARGAS
842820;- APARELHOS ELEVADORES OU TRANSPORTADORES, PNEUM TICOS
84282010;TRANSPORTADORES TUBULARES (TRANSVASADORES) M VEIS, ACIONADOS COM MOTOR DE POT NCIA SUPERIOR A 90 KW (120 HP)
84282090;OUTROS
84283;- OUTROS APARELHOS ELEVADORES OU TRANSPORTADORES, DE A  O CONT NUA, PARA MERCADORIAS:
84283100;-- ESPECIALMENTE CONCEBIDOS PARA USO SUBTERR NEO
84283200;-- OUTROS, DE CA AMBA (BALDE*)
84283300;-- OUTROS, DE CORREIA
842839;-- OUTROS
84283910;DE CORRENTES
84283920;DE ROLOS MOTORES
84283930;DE PIN AS LATERAIS, DO TIPO UTILIZADO PARA O TRANSPORTE DE JORNAIS
84283990;OUTROS
84284000;- ESCADAS E TAPETES, ROLANTES
84286000;"- TELEF RICOS (INCLUINDO AS TELECADEIRAS E OS TELESQUIS); MECANISMOS DE TRA  O PARA FUNICULARES"
84287000;- ROB S INDUSTRIAIS
842890;- OUTRAS M QUINAS E APARELHOS
84289010;DO TIPO UTILIZADO PARA DESEMBARQUE DE BOTES SALVA-VIDAS, MOTORIZADOS OU PROVIDOS DE DISPOSITIVO DE COMPENSA  O DE INCLINA  O
84289020;TRANSPORTADORES-ELEVADORES (TRANSELEVADORES) AUTOM TICOS, DE DESLOCAMENTO HORIZONTAL SOBRE GUIAS
84289030;M QUINA PARA FORMA  O DE PILHAS DE JORNAIS, DISPOSTOS EM SENTIDO ALTERNADO, DE CAPACIDADE IGUAL OU SUPERIOR A 80.000 EXEMPLARES/H
84289090;OUTROS
8429;BULLDOZERS, ANGLEDOZERS, NIVELADORES, RASPO-TRANSPORTADORES (SCRAPERS), P S MEC NICAS, ESCAVADORES, CARREGADORES E P S CARREGADORAS, COMPACTADORES E ROLOS OU CILINDROS COMPRESSORES, AUTOPROPULSADOS.
84291;- BULLDOZERS E ANGLEDOZERS:
842911;-- DE LAGARTAS (ESTEIRAS)
84291110;DE POT NCIA NO VOLANTE IGUAL OU SUPERIOR A 387,76 KW (520 HP)
84291190;OUTROS
842919;-- OUTROS
84291910;BULLDOZERS DE POT NCIA NO VOLANTE IGUAL OU SUPERIOR A 234,90 KW (315 HP)
84291990;OUTROS
842920;- NIVELADORES
84292010;MOTONIVELADORES ARTICULADOS, DE POT NCIA NO VOLANTE IGUAL OU SUPERIOR A 205,07 KW (275 HP)
84292090;OUTROS
84293000;- RASPO-TRANSPORTADORES (SCRAPERS)
84294000;- COMPACTADORES E ROLOS OU CILINDROS COMPRESSORES
84295;- P S MEC NICAS, ESCAVADORES, CARREGADORES E P S CARREGADORAS:
842951;-- CARREGADORES E P S CARREGADORAS, DE CARREGAMENTO FRONTAL
8429511;CARREGADORES-TRANSPORTADORES
84295111;DO TIPO UTILIZADO EM MINAS SUBTERR NEAS
84295119;OUTRAS
8429512;INFRAESTRUTURAS MOTORAS, PR PRIAS PARA RECEBER EQUIPAMENTOS DO ITEM 8430.69.1
84295121;DE POT NCIA NO VOLANTE IGUAL OU SUPERIOR A 454,13 KW (609 HP)
84295129;OUTRAS
8429519;OUTRAS
84295191;DE POT NCIA NO VOLANTE IGUAL OU SUPERIOR A 297,5 KW (399 HP)
84295192;DE POT NCIA NO VOLANTE INFERIOR OU IGUAL A 43,99 KW (59 HP)
84295199;OUTRAS
842952;-- M QUINAS CUJA SUPERESTRUTURA   CAPAZ DE EFETUAR UMA ROTA  O DE 360
8429521;ESCAVADORES
84295211;DE POT NCIA NO VOLANTE IGUAL OU SUPERIOR A 484,7 KW (650 HP)
84295212;DE POT NCIA NO VOLANTE INFERIOR OU IGUAL A 40,3 KW (54 HP)
84295219;OUTRAS
84295220;INFRAESTRUTURAS MOTORAS, PR PRIAS PARA RECEBER EQUIPAMENTOS DAS SUBPOSI  ES 8430.49, 8430.61 OU 8430.69, MESMO COM DISPOSITIVO DE DESLOCAMENTO SOBRE TRILHOS
84295290;OUTRAS
84295900;-- OUTROS
8430;"OUTRAS M QUINAS E APARELHOS DE TERRAPLENAGEM, NIVELAMENTO, RASPAGEM, ESCAVA  O, COMPACTA  O, EXTRA  O OU PERFURA  O DA TERRA, DE MINERAIS OU MIN RIOS; BATE-ESTACAS E ARRANCA-ESTACAS; LIMPA-NEVES."
84301000;- BATE-ESTACAS E ARRANCA-ESTACAS
84302000;- LIMPA-NEVES
84303;- CORTADORES DE CARV O OU DE ROCHA E M QUINAS PARA PERFURA  O DE T NEIS OU DE GALERIAS:
843031;-- AUTOPROPULSADOS
84303110;CORTADORES DE CARV O OU DE ROCHA
84303190;OUTROS
843039;-- OUTROS
84303910;CORTADORES DE CARV O OU DE ROCHA
84303990;OUTRAS
84304;- OUTRAS M QUINAS DE SONDAGEM OU DE PERFURA  O:
843041;-- AUTOPROPULSADAS
84304110;PERFURATRIZ DE PERCUSS O
84304120;PERFURATRIZ ROTATIVA
84304130;M QUINAS DE SONDAGEM, ROTATIVAS
84304190;OUTRAS
843049;-- OUTRAS
84304910;PERFURATRIZ DE PERCUSS O
84304920;M QUINAS DE SONDAGEM, ROTATIVAS
84304990;OUTRAS
84305000;- OUTRAS M QUINAS E APARELHOS, AUTOPROPULSADOS
84306;- OUTRAS M QUINAS E APARELHOS, EXCETO AUTOPROPULSADOS:
84306100;-- M QUINAS DE COMPRIMIR OU DE COMPACTAR
843069;-- OUTROS
8430691;EQUIPAMENTOS FRONTAIS PARA ESCAVO-CARREGADORES OU CARREGADORES
84306911;COM CAPACIDADE DE CARGA SUPERIOR A 4 M3
84306919;OUTROS
84306990;OUTROS
8431;PARTES RECONHEC VEIS COMO EXCLUSIVA OU PRINCIPALMENTE DESTINADAS  S M QUINAS E APARELHOS DAS POSI  ES 84.25 A 84.30.
843110;- DE M QUINAS OU APARELHOS DA POSI  O 84.25
84311010;DO ITEM 8425.19.10 OU DAS SUBPOSI  ES 8425.39, 8425.42 OU 8425.49
84311090;OUTRAS
843120;- DE M QUINAS OU APARELHOS DA POSI  O 84.27
8431201;DE EMPILHADEIRAS
84312011;AUTOPROPULSADAS
84312019;DE OUTRAS EMPILHADEIRAS
84312090;OUTRAS
84313;- DE M QUINAS OU APARELHOS DA POSI  O 84.28:
843131;-- DE ELEVADORES, MONTA-CARGAS OU DE ESCADAS ROLANTES
84313110;DE ELEVADORES
84313190;OUTRAS
84313900;-- OUTRAS
84314;- DE M QUINAS OU APARELHOS DAS POSI  ES 84.26, 84.29 OU 84.30:
84314100;-- CA AMBAS (BALDES*), MESMO DE MAND BULAS, P S, GANCHOS E TENAZES
84314200;-- L MINAS PARA BULLDOZERS OU ANGLEDOZERS
843143;-- PARTES DE M QUINAS DE SONDAGEM OU DE PERFURA  O DAS SUBPOSI  ES 8430.41 OU 8430.49
84314310;DE M QUINAS DE SONDAGEM ROTATIVAS
84314390;OUTRAS
843149;-- OUTRAS
84314910;DE M QUINAS OU APARELHOS DA POSI  O 84.26
8431492;DE M QUINAS OU APARELHOS DAS POSI  ES 84.29 OU 84.30
84314921;CABINAS
84314922;LAGARTAS (ESTEIRAS)
84314923;TANQUES DE COMBUST VEL E DEMAIS RESERVAT RIOS
84314929;OUTRAS
8432;"M QUINAS E APARELHOS DE USO AGR COLA, HORT COLA OU FLORESTAL, PARA PREPARA  O OU TRABALHO DO SOLO OU PARA CULTURA; ROLOS PARA GRAMADOS (RELVADOS) OU PARA CAMPOS DE ESPORTE."
84321000;- ARADOS E CHARRUAS
84322;- GRADES, ESCARIFICADORES, CULTIVADORES, EXTIRPADORES, ENXADAS E SACHADORES:
84322100;-- GRADES DE DISCOS
84322900;-- OUTROS
84323;- SEMEADORES, PLANTADORES E TRANSPLANTADORES:
843231;-- SEMEADORES, PLANTADORES E TRANSPLANTADORES, DE PLANTIO DIRETO
84323110;SEMEADORES-ADUBADORES
84323190;OUTROS
843239;-- OUTROS
84323910;SEMEADORES-ADUBADORES
84323990;OUTROS
84324;- ESPALHADORES DE ESTRUME E DISTRIBUIDORES DE ADUBOS (FERTILIZANTES):
84324100;-- ESPALHADORES DE ESTRUME
84324200;-- DISTRIBUIDORES DE ADUBOS (FERTILIZANTES)
84328000;- OUTRAS M QUINAS E APARELHOS
84329000;- PARTES
8433;"M QUINAS E APARELHOS PARA COLHEITA OU DEBULHA DE PRODUTOS AGR COLAS, INCLUINDO AS ENFARDADEIRAS DE PALHA OU FORRAGEM; CORTADORES DE GRAMA (RELVA) E CEIFEIRAS; M QUINAS PARA LIMPAR OU SELECIONAR OVOS, FRUTA OU OUTROS PRODUTOS AGR COLAS, EXCETO AS DA POSI  O 84.37."
84331;- CORTADORES DE GRAMA (RELVA):
84331100;-- MOTORIZADOS, CUJO DISPOSITIVO DE CORTE GIRA NUM PLANO HORIZONTAL
84331900;-- OUTROS
843320;- CEIFEIRAS, INCLUINDO AS BARRAS DE CORTE PARA MONTAGEM EM TRATORES
84332010;COM DISPOSITIVO DE ACONDICIONAMENTO EM FILEIRAS CONSTITU DO POR ROTOR DE DEDOS E PENTE
84332090;OUTRAS
84333000;- OUTRAS M QUINAS E APARELHOS PARA COLHER E DISPOR O FENO
84334000;- ENFARDADEIRAS DE PALHA OU DE FORRAGEM, INCLUINDO AS ENFARDADEIRAS-APANHADEIRAS
84335;"- OUTRAS M QUINAS E APARELHOS PARA COLHEITA; M QUINAS E APARELHOS PARA DEBULHA:"
84335100;-- COLHEITADEIRAS COMBINADAS COM DEBULHADORAS (CEIFEIRAS-DEBULHADORAS)
84335200;-- OUTRAS M QUINAS E APARELHOS PARA DEBULHA
84335300;-- M QUINAS PARA COLHEITA DE RA ZES OU TUB RCULOS
843359;-- OUTROS
8433591;COLHEITADEIRAS DE ALGOD O
84335911;COM CAPACIDADE PARA TRABALHAR AT  DOIS SULCOS DE COLHEITA E POT NCIA NO VOLANTE INFERIOR OU IGUAL A 59,7 KW (80 HP)
84335919;OUTRAS
84335990;OUTROS
843360;- M QUINAS PARA LIMPAR OU SELECIONAR OVOS, FRUTA OU OUTROS PRODUTOS AGR COLAS
84336010;SELECIONADORES DE FRUTA
8433602;PARA LIMPAR OU SELECIONAR OVOS
84336021;COM CAPACIDADE SUPERIOR A 250.000 OVOS POR HORA
84336029;OUTRAS
84336090;OUTRAS
843390;- PARTES
84339010;DE CORTADORES DE GRAMA (RELVA)
84339090;OUTRAS
8434;M QUINAS DE ORDENHAR E M QUINAS E APARELHOS PARA A IND STRIA DE LATIC NIOS.
84341000;- M QUINAS DE ORDENHAR
843420;- M QUINAS E APARELHOS PARA A IND STRIA DE LATIC NIOS
84342010;PARA TRATAMENTO DO LEITE
84342090;OUTROS
84349000;- PARTES
8435;PRENSAS, ESMAGADORES E M QUINAS E APARELHOS SEMELHANTES, PARA FABRICA  O DE VINHO, SIDRA, SUCOS (SUMOS) DE FRUTA OU BEBIDAS SEMELHANTES.
84351000;- M QUINAS E APARELHOS
84359000;- PARTES
8436;OUTRAS M QUINAS E APARELHOS PARA AGRICULTURA, HORTICULTURA, SILVICULTURA, AVICULTURA OU APICULTURA, INCLUINDO OS GERMINADORES EQUIPADOS COM DISPOSITIVOS MEC NICOS OU T RMICOS E AS CHOCADEIRAS E CRIADEIRAS PARA AVICULTURA.
84361000;- M QUINAS E APARELHOS PARA PREPARA  O DE ALIMENTOS OU RA  ES PARA ANIMAIS
84362;- M QUINAS E APARELHOS PARA AVICULTURA, INCLUINDO AS CHOCADEIRAS E CRIADEIRAS:
84362100;-- CHOCADEIRAS E CRIADEIRAS
84362900;-- OUTROS
84368000;- OUTRAS M QUINAS E APARELHOS
84369;- PARTES:
84369100;-- DE M QUINAS OU APARELHOS PARA AVICULTURA
84369900;-- OUTRAS
8437;"M QUINAS PARA LIMPEZA, SELE  O OU PENEIRA  O DE GR OS OU DE PRODUTOS HORT COLAS SECOS; M QUINAS E APARELHOS PARA A IND STRIA DE MOAGEM OU TRATAMENTO DE CEREAIS OU DE PRODUTOS HORT COLAS SECOS, EXCETO DO TIPO UTILIZADO EM FAZENDAS."
84371000;- M QUINAS PARA LIMPEZA, SELE  O OU PENEIRA  O DE GR OS OU DE PRODUTOS HORT COLAS SECOS
843780;- OUTRAS M QUINAS E APARELHOS
84378010;PARA TRITURA  O OU MOAGEM DE GR OS
84378090;OUTROS
84379000;- PARTES
8438;M QUINAS E APARELHOS N O ESPECIFICADOS NEM COMPREENDIDOS NOUTRAS POSI  ES DO PRESENTE CAP TULO, PARA PREPARA  O OU FABRICA  O INDUSTRIAL DE ALIMENTOS OU DE BEBIDAS, EXCETO AS M QUINAS E APARELHOS PARA EXTRA  O OU PREPARA  O DE  LEOS OU GORDURAS VEGETAIS OU DE ORIGEM MICROBIANA, FIXOS, OU DE ANIMAIS.
84381000;- M QUINAS E APARELHOS PARA AS IND STRIAS DE PANIFICA  O, PASTELARIA, BOLACHAS E BISCOITOS E DE MASSAS ALIMENT CIAS
843820;- M QUINAS E APARELHOS PARA AS IND STRIAS DE CONFEITARIA E DE CACAU OU DE CHOCOLATE
8438201;PARA AS IND STRIAS DE CONFEITARIA
84382011;PARA FABRICAR BOMBONS DE CHOCOLATE POR MOLDAGEM, DE CAPACIDADE DE PRODU  O IGUAL OU SUPERIOR A 150 KG/H
84382019;OUTROS
84382090;OUTROS
84383000;- M QUINAS E APARELHOS PARA A IND STRIA DE A  CAR
84384000;- M QUINAS E APARELHOS PARA A IND STRIA CERVEJEIRA
84385000;- M QUINAS E APARELHOS PARA PREPARA  O DE CARNES
84386000;- M QUINAS E APARELHOS PARA PREPARA  O DE FRUTA OU DE PRODUTOS HORT COLAS
843880;- OUTRAS M QUINAS E APARELHOS
84388010;M QUINAS PARA EXTRA  O DE  LEO ESSENCIAL DE CITROS
84388020;AUTOM TICA, PARA DESCABE AR, CORTAR A CAUDA E EVISCERAR PEIXES, COM CAPACIDADE SUPERIOR A 350 UNIDADES POR MINUTO
84388090;OUTROS
84389000;- PARTES
8439;M QUINAS E APARELHOS PARA FABRICA  O DE PASTA DE MAT RIAS FIBROSAS CELUL SICAS OU PARA FABRICA  O OU ACABAMENTO DE PAPEL OU CART O.
843910;- M QUINAS E APARELHOS PARA FABRICA  O DE PASTA DE MAT RIAS FIBROSAS CELUL SICAS
84391010;PARA TRATAMENTO PRELIMINAR DAS MAT RIAS-PRIMAS
84391020;CLASSIFICADORAS E CLASSIFICADORAS-DEPURADORAS DE PASTA
84391030;REFINADORAS
84391090;OUTROS
84392000;- M QUINAS E APARELHOS PARA FABRICA  O DE PAPEL OU CART O
843930;- M QUINAS E APARELHOS PARA ACABAMENTO DE PAPEL OU CART O
84393010;BOBINADORAS-ESTICADORAS
84393020;PARA IMPREGNAR
84393030;PARA ONDULAR
84393090;OUTROS
84399;- PARTES:
84399100;-- DE M QUINAS OU APARELHOS PARA FABRICA  O DE PASTA DE MAT RIAS FIBROSAS CELUL SICAS
843999;-- OUTRAS
84399910;ROLOS, CORRUGADORES OU DE PRESS O, DE M QUINAS PARA ONDULAR, COM LARGURA  TIL IGUAL OU SUPERIOR A 2.500 MM
84399990;OUTRAS
8440;M QUINAS E APARELHOS PARA BROCHURA OU ENCADERNA  O, INCLUINDO AS M QUINAS DE COSTURAR CADERNOS.
844010;- M QUINAS E APARELHOS
8440101;DE COSTURAR CADERNOS
84401011;COM ALIMENTA  O AUTOM TICA
84401019;OUTROS
84401020;M QUINAS PARA FABRICAR CAPAS DE PAPEL O, COM DISPOSITIVO DE COLAGEM E CAPACIDADE DE PRODU  O SUPERIOR A 60 UNIDADES POR MINUTO
84401090;OUTROS
84409000;- PARTES
8441;OUTRAS M QUINAS E APARELHOS PARA O TRABALHO DE PASTA DE PAPEL, PAPEL OU CART O, INCLUINDO AS CORTADEIRAS DE QUALQUER TIPO.
844110;- CORTADEIRAS
84411010;CORTADEIRAS BOBINADORAS COM VELOCIDADE DE BOBINADO SUPERIOR A 2.000 M/MIN
84411090;OUTRAS
84412000;- M QUINAS PARA FABRICA  O DE SACOS DE QUAISQUER DIMENS ES OU DE ENVELOPES
844130;- M QUINAS PARA FABRICA  O DE CAIXAS, TUBOS, TAMBORES OU DE RECIPIENTES SEMELHANTES, POR QUALQUER PROCESSO, EXCETO MOLDAGEM
84413010;DE DOBRAR E COLAR, PARA FABRICA  O DE CAIXAS
84413090;OUTRAS
84414000;- M QUINAS DE MOLDAR ARTIGOS DE PASTA DE PAPEL, PAPEL OU CART O
84418000;- OUTRAS M QUINAS E APARELHOS
84419000;- PARTES
8442;"M QUINAS, APARELHOS E EQUIPAMENTOS (EXCETO AS M QUINAS DAS POSI  ES 84.56 A 84.65), PARA PREPARA  O OU FABRICA  O DE CLICH S, PLACAS, CILINDROS OU OUTROS ELEMENTOS DE IMPRESS O; CLICH S, PLACAS, CILINDROS E OUTROS ELEMENTOS DE IMPRESS O; PEDRAS LITOGR FICAS, PLACAS E CILINDROS, PREPARADOS PARA IMPRESS O (POR EXEMPLO, APLAINADOS, GRANULADOS OU POLIDOS)."
844230;- M QUINAS, APARELHOS E EQUIPAMENTOS
84423010;DE COMPOR POR PROCESSO FOTOGR FICO
84423020;DE COMPOR CARACTERES TIPOGR FICOS POR OUTROS PROCESSOS, MESMO COM DISPOSITIVO DE FUNDIR
84423090;OUTROS
844240;- PARTES DESSAS M QUINAS, APARELHOS E EQUIPAMENTOS
84424010;DE M QUINAS DO ITEM 8442.30.10
84424020;DE M QUINAS DO ITEM 8442.30.20
84424090;OUTRAS
84425000;"- CLICH S, PLACAS, CILINDROS E OUTROS ELEMENTOS DE IMPRESS O; PEDRAS LITOGR FICAS, PLACAS E CILINDROS, PREPARADOS PARA IMPRESS O (POR EXEMPLO, APLAINADOS, GRANULADOS OU POLIDOS)"
8443;"M QUINAS E APARELHOS DE IMPRESS O POR MEIO DE PLACAS, CILINDROS E OUTROS ELEMENTOS DE IMPRESS O DA POSI  O 84.42; OUTRAS IMPRESSORAS, APARELHOS DE COPIAR E APARELHOS DE TELECOPIAR (FAX), MESMO COMBINADOS ENTRE SI; PARTES E ACESS RIOS."
84431;- M QUINAS E APARELHOS DE IMPRESS O POR MEIO DE PLACAS, CILINDROS E OUTROS ELEMENTOS DE IMPRESS O DA POSI  O 84.42:
844311;-- M QUINAS E APARELHOS DE IMPRESS O, POR OFSETE, ALIMENTADOS POR BOBINAS
84431110;PARA IMPRESS O MULTICOLOR DE JORNAIS, DE LARGURA IGUAL OU SUPERIOR A 900 MM, COM UNIDADES DE IMPRESS O EM CONFIGURA  O TORRE E DISPOSITIVOS AUTOM TICOS DE EMENDAR BOBINAS
84431190;OUTROS
84431200;-- M QUINAS E APARELHOS DE IMPRESS O, POR OFSETE, DO TIPO UTILIZADO EM ESCRIT RIOS, ALIMENTADOS POR FOLHAS EM QUE UM LADO N O SEJA SUPERIOR A 22 CM E QUE O OUTRO N O SEJA SUPERIOR A 36 CM, QUANDO N O DOBRADAS
844313;-- OUTRAS M QUINAS E APARELHOS DE IMPRESS O, POR OFSETE
84431310;PARA IMPRESS O MULTICOLOR DE RECIPIENTES DE MAT RIAS PL STICAS, CIL NDRICOS, C NICOS OU DE FACES PLANAS
8443132;ALIMENTADOS POR FOLHAS DE FORMATO INFERIOR OU IGUAL A 37,5 CM X 51 CM
84431321;COM VELOCIDADE DE IMPRESS O IGUAL OU SUPERIOR A 12.000 FOLHAS POR HORA
84431329;OUTROS
84431390;OUTROS
84431400;-- M QUINAS E APARELHOS DE IMPRESS O, TIPOGR FICOS, ALIMENTADOS POR BOBINAS, EXCLUINDO AS M QUINAS E APARELHOS FLEXOGR FICOS
84431500;-- M QUINAS E APARELHOS DE IMPRESS O, TIPOGR FICOS, N O ALIMENTADOS POR BOBINAS, EXCLUINDO AS M QUINAS E APARELHOS FLEXOGR FICOS
84431600;-- M QUINAS E APARELHOS DE IMPRESS O, FLEXOGR FICOS
844317;-- M QUINAS E APARELHOS DE IMPRESS O, HELIOGR FICOS
84431710;ROTATIVAS PARA HELIOGRAVURA
84431790;OUTROS
844319;-- OUTROS
84431910;PARA SERIGRAFIA
84431990;OUTROS
84433;- OUTRAS IMPRESSORAS, APARELHOS DE COPIAR E APARELHOS DE TELECOPIAR (FAX), MESMO COMBINADOS ENTRE SI:
844331;-- M QUINAS QUE EXECUTEM PELO MENOS DUAS DAS SEGUINTES FUN  ES: IMPRESS O, C PIA OU TRANSMISS O DE TELEC PIA (FAX), CAPAZES DE SER CONECTADAS A UMA M QUINA AUTOM TICA PARA PROCESSAMENTO DE DADOS OU A UMA REDE
8443311;ALIMENTADAS POR FOLHAS, COM VELOCIDADE DE IMPRESS O, MEDIDA NO FORMATO A4 (210 MM X 297 MM), INFERIOR OU IGUAL A 45 P GINAS POR MINUTO (PPM)
84433111;DE JATO DE TINTA L QUIDA, COM LARGURA DE IMPRESS O INFERIOR OU IGUAL A 420 MM
84433112;DE TRANSFER NCIA T RMICA DE CERA S LIDA (POR EXEMPLO, SOLID INK E DYE SUBLIMATION)
84433113;A LASER, LED (DIODOS EMISSORES DE LUZ) OU LCS (SISTEMA DE CRISTAL L QUIDO), MONOCROM TICAS, COM LARGURA DE IMPRESS O INFERIOR OU IGUAL A 280 MM
84433114;A LASER, LED (DIODOS EMISSORES DE LUZ) OU LCS (SISTEMA DE CRISTAL L QUIDO), MONOCROM TICAS, COM LARGURA DE IMPRESS O SUPERIOR A 280 MM, MAS N O SUPERIOR A 420 MM
84433115;A LASER, LED (DIODOS EMISSORES DE LUZ) OU LCS (SISTEMA DE CRISTAL L QUIDO), POLICROM TICAS
84433116;OUTRAS, COM LARGURA DE IMPRESS O SUPERIOR A 420 MM
84433119;OUTRAS
8443319;OUTRAS
84433191;COM IMPRESS O POR SISTEMA T RMICO
84433199;OUTRAS
844332;-- OUTROS, CAPAZES DE SER CONECTADOS A UMA M QUINA AUTOM TICA PARA PROCESSAMENTO DE DADOS OU A UMA REDE
8443322;IMPRESSORAS DE IMPACTO
84433221;DE LINHA
84433222;DE CARACTERES BRAILLE
84433223;OUTRAS MATRICIAIS (POR PONTOS)
84433229;OUTRAS
8443323;OUTRAS IMPRESSORAS, ALIMENTADAS POR FOLHAS, COM VELOCIDADE DE IMPRESS O, MEDIDA NO FORMATO A4 (210 MM X 297 MM), INFERIOR OU IGUAL A 45 P GINAS POR MINUTO (PPM)
84433231;DE JATO DE TINTA L QUIDA, COM LARGURA DE IMPRESS O INFERIOR OU IGUAL A 420 MM
84433232;DE TRANSFER NCIA T RMICA DE CERA S LIDA (POR EXEMPLO, SOLID INK E DYE SUBLIMATION)
84433233;A LASER, LED (DIODOS EMISSORES DE LUZ) OU LCS (SISTEMA DE CRISTAL L QUIDO), MONOCROM TICAS, COM LARGURA DE IMPRESS O INFERIOR OU IGUAL A 280 MM
84433234;A LASER, LED (DIODOS EMISSORES DE LUZ) OU LCS (SISTEMA DE CRISTAL L QUIDO), MONOCROM TICAS, COM LARGURA DE IMPRESS O SUPERIOR A 280 MM, MAS N O SUPERIOR A 420 MM
84433235;A LASER, LED (DIODOS EMISSORES DE LUZ) OU LCS (SISTEMA DE CRISTAL L QUIDO), POLICROM TICAS, COM VELOCIDADE DE IMPRESS O INFERIOR OU IGUAL A 20 P GINAS POR MINUTO (PPM)
84433236;A LASER, LED (DIODOS EMISSORES DE LUZ) OU LCS (SISTEMA DE CRISTAL L QUIDO), POLICROM TICAS, COM VELOCIDADE DE IMPRESS O SUPERIOR A 20 P GINAS POR MINUTO (PPM)
84433237;T RMICAS, DO TIPO UTILIZADO EM IMPRESS O DE IMAGENS PARA DIAGN STICO M DICO EM FOLHAS REVESTIDAS COM CAMADA TERMOSSENS VEL
84433238;OUTRAS, COM LARGURA DE IMPRESS O SUPERIOR A 420 MM
84433239;OUTRAS
84433240;OUTRAS IMPRESSORAS ALIMENTADAS POR FOLHAS
8443325;TRA ADORES GR FICOS (PLOTTERS)
84433251;POR MEIO DE PENAS
84433252;OUTROS, COM LARGURA DE IMPRESS O SUPERIOR A 580 MM
84433259;OUTROS
8443329;OUTROS
84433291;IMPRESSORAS DE C DIGO DE BARRAS POSTAIS, TIPO 3 EM 5, A JATO DE TINTA FLUORESCENTE, COM VELOCIDADE DE AT  4,5 M/S E PASSO DE 1,4 MM
84433299;OUTROS
844339;-- OUTROS
84433910;M QUINAS DE IMPRESS O POR JATO DE TINTA
8443392;M QUINAS COPIADORAS ELETROST TICAS
84433921;DE REPRODU  O DA IMAGEM DO ORIGINAL SOBRE A C PIA POR MEIO DE UM SUPORTE INTERMEDI RIO (PROCESSO INDIRETO), MONOCROM TICAS, PARA C PIAS DE SUPERF CIE INFERIOR OU IGUAL A 1 M2, COM VELOCIDADE INFERIOR A 100 C PIAS POR MINUTO
84433928;OUTRAS, POR PROCESSO INDIRETO
84433929;OUTRAS
84433930;OUTRAS M QUINAS COPIADORAS
84433990;OUTROS
84439;- PARTES E ACESS RIOS:
844391;-- PARTES E ACESS RIOS DE M QUINAS E APARELHOS DE IMPRESS O POR MEIO DE BLOCOS, CILINDROS E OUTROS ELEMENTOS DE IMPRESS O DA POSI  O 84.42
84439110;DE M QUINAS E APARELHOS DA SUBPOSI  O 8443.12
8443919;OUTROS
84439191;DOBRADORAS
84439192;NUMERADORES AUTOM TICOS
84439199;OUTROS
844399;-- OUTROS
8443991;MECANISMOS DE IMPRESS O POR IMPACTO, SUAS PARTES E ACESS RIOS
84439911;MECANISMOS DE IMPRESS O, MESMO SEM CABE A DE IMPRESS O INCORPORADA
84439912;CABE AS DE IMPRESS O
84439919;OUTROS
8443992;MECANISMOS DE IMPRESS O POR JATO DE TINTA, SUAS PARTES E ACESS RIOS
84439921;MECANISMOS DE IMPRESS O, MESMO SEM CABE A DE IMPRESS O INCORPORADA
84439922;CABE AS DE IMPRESS O
84439923;CARTUCHOS DE TINTA
84439929;OUTROS
8443993;MECANISMOS DE IMPRESS O A LASER, A LED (DIODOS EMISSORES DE LUZ) OU A LCS (SISTEMA DE CRISTAL L QUIDO), SUAS PARTES E ACESS RIOS
84439931;MECANISMOS DE IMPRESS O, MESMO SEM CILINDRO FOTOSSENS VEL INCORPORADO
84439932;CILINDROS RECOBERTOS DE MAT RIA SEMICONDUTORA FOTOEL TRICA
84439933;CARTUCHOS DE REVELADOR (TONERS)
84439939;OUTROS
8443994;MECANISMOS DE IMPRESS O POR SISTEMA T RMICO, SUAS PARTES E ACESS RIOS
84439941;MECANISMOS DE IMPRESS O, MESMO SEM CABE A DE IMPRESS O INCORPORADA
84439942;CABE AS DE IMPRESS O
84439949;OUTROS
84439950;OUTROS MECANISMOS DE IMPRESS O, SUAS PARTES E ACESS RIOS
84439960;CIRCUITOS IMPRESSOS COM COMPONENTES EL TRICOS OU ELETR NICOS, MONTADOS
84439970;BANDEJAS E GAVETAS, SUAS PARTES E ACESS RIOS
84439980;MECANISMOS DE ALIMENTA  O OU DE TRIAGEM DE PAP IS OU DOCUMENTOS, SUAS PARTES E ACESS RIOS
84439990;OUTROS
844400;M QUINAS PARA EXTRUDAR, ESTIRAR, TEXTURIZAR OU CORTAR MAT RIAS T XTEIS SINT TICAS OU ARTIFICIAIS.
84440010;PARA EXTRUDAR
84440020;PARA CORTE OU RUPTURA DE FIBRAS
84440090;OUTRAS
8445;"M QUINAS PARA PREPARA  O DE MAT RIAS T XTEIS; M QUINAS PARA FIA  O, DOBRAGEM OU TOR  O, DE MAT RIAS T XTEIS E OUTRAS M QUINAS E APARELHOS PARA FABRICA  O DE FIOS T XTEIS; M QUINAS DE BOBINAR (INCLUINDO AS BOBINADORAS DE TRAMA) OU DE DOBAR MAT RIAS T XTEIS E M QUINAS PARA PREPARA  O DE FIOS T XTEIS PARA A SUA UTILIZA  O NAS M QUINAS DAS POSI  ES 84.46 OU 84.47."
84451;- M QUINAS PARA PREPARA  O DE MAT RIAS T XTEIS:
844511;-- CARDAS
84451110;PARA L
84451120;PARA FIBRAS DO CAP TULO 53
84451190;OUTRAS
84451200;-- PENTEADORAS
84451300;-- BANCOS DE ESTIRAMENTO (FUSOS)
844519;-- OUTRAS
84451910;M QUINAS PARA A PREPARA  O DA SEDA
8445192;M QUINAS PARA A PREPARA  O DE OUTRAS MAT RIAS T XTEIS
84451921;PARA RECUPERA  O DE CORDAS, FIOS, TRAPOS OU QUALQUER OUTRO DESPERD CIO, TRANSFORMANDO-OS EM FIBRAS ADEQUADAS PARA CARDAGEM
84451922;DESCARO ADEIRAS E DESLINTADEIRAS DE ALGOD O
84451923;PARA DESENGORDURAR, LAVAR, ALVEJAR OU TINGIR FIBRAS T XTEIS EM MASSA OU RAMA
84451924;ABRIDORAS DE FIBRAS DE L
84451925;ABRIDORAS DE FIBRAS DO CAP TULO 53
84451926;M QUINAS DE CARBONIZAR A L
84451927;PARA ESTIRAR A L
84451929;OUTRAS
84452000;- M QUINAS PARA FIA  O DE MAT RIAS T XTEIS
844530;- M QUINAS PARA DOBRAGEM OU TOR  O, DE MAT RIAS T XTEIS
84453010;RETORCEDEIRAS
84453090;OUTRAS
844540;- M QUINAS DE BOBINAR (INCLUINDO AS BOBINADORAS DE TRAMA) OU DE DOBAR MAT RIAS T XTEIS
8445401;BOBINADORAS AUTOM TICAS
84454011;BOBINADORAS DE TRAMA (ESPULADEIRAS)
84454012;PARA FIOS ELASTANOS
84454018;OUTRAS, COM ATADOR AUTOM TICO
84454019;OUTRAS
8445402;BOBINADORAS N O AUTOM TICAS
84454021;COM VELOCIDADE DE BOBINADO IGUAL OU SUPERIOR A 4.000 M/MIN
84454029;OUTRAS
8445403;MEADEIRAS
84454031;COM CONTROLE DE COMPRIMENTO OU PESO E ATADOR AUTOM TICO
84454039;OUTRAS
84454040;NOVELEIRAS AUTOM TICAS
84454090;OUTRAS
844590;- OUTRAS
84459010;URDIDEIRAS
84459020;PASSADEIRAS PARA LI O E PENTE
84459030;PARA AMARRAR URDIDEIRAS
84459040;AUTOM TICAS, PARA COLOCAR LAMELAS
84459090;OUTRAS
8446;TEARES PARA TECIDOS.
844610;- PARA TECIDOS DE LARGURA N O SUPERIOR A 30 CM
84461010;COM MECANISMO JACQUARD
84461090;OUTROS
84462;- PARA TECIDOS DE LARGURA SUPERIOR A 30 CM, DE LAN ADEIRAS:
84462100;-- A MOTOR
84462900;-- OUTROS
844630;- PARA TECIDOS DE LARGURA SUPERIOR A 30 CM, SEM LAN ADEIRAS
84463010;A JATO DE AR
84463020;A JATO DE  GUA
84463030;DE PROJ TIL
84463040;DE PIN AS
84463090;OUTROS
8447;TEARES PARA FABRICAR MALHAS, M QUINAS DE COSTURA POR ENTRELA AMENTO (COUTURE-TRICOTAGE), M QUINAS PARA FABRICAR GUIPURAS, TULES, RENDAS, BORDADOS, PASSAMANARIAS, GAL ES OU REDES E M QUINAS PARA INSERIR TUFOS.
84471;- TEARES CIRCULARES PARA MALHAS:
84471100;-- COM CILINDRO DE DI METRO N O SUPERIOR A 165 MM
84471200;-- COM CILINDRO DE DI METRO SUPERIOR A 165 MM
844720;"- TEARES RETIL NEOS PARA MALHAS; M QUINAS DE COSTURA POR ENTRELA AMENTO (COUTURE-TRICOTAGE)"
84472010;TEARES MANUAIS
8447202;TEARES MOTORIZADOS
84472021;PARA FABRICA  O DE MALHAS DE URDIDURA
84472029;OUTROS
84472030;M QUINAS DE COSTURA POR ENTRELA AMENTO (COUTURE-TRICOTAGE)
844790;- OUTROS
84479010;M QUINAS PARA FABRICA  O DE REDES, TULES OU FIL S
84479020;M QUINAS AUTOM TICAS PARA BORDAR
84479090;OUTRAS
8448;"M QUINAS E APARELHOS AUXILIARES PARA AS M QUINAS DAS POSI  ES 84.44, 84.45, 84.46 OU 84.47 (POR EXEMPLO, RATIERAS (MAQUINETAS*), MECANISMOS JACQUARD, QUEBRA-URDIDURAS E QUEBRA-TRAMAS, MECANISMOS TROCA-LAN ADEIRAS); PARTES E ACESS RIOS RECONHEC VEIS COMO EXCLUSIVA OU PRINCIPALMENTE DESTINADOS  S M QUINAS DA PRESENTE POSI  O OU DAS POSI  ES 84.44, 84.45, 84.46 OU 84.47 (POR EXEMPLO, FUSOS, ALETAS, GUARNI  ES DE CARDAS, PENTES, BARRAS, FIEIRAS, LAN ADEIRAS, LI OS E QUADROS DE LI OS, AGULHAS, PLATINAS, GANCHOS)."
84481;- M QUINAS E APARELHOS AUXILIARES PARA AS M QUINAS DAS POSI  ES 84.44, 84.45, 84.46 OU 84.47:
844811;"-- RATIERAS (MAQUINETAS*) E MECANISMOS JACQUARD; REDUTORES, PERFURADORES E COPIADORES DE CART ES; M QUINAS PARA ENLA AR CART ES AP S PERFURA  O"
84481110;RATIERAS
84481120;MECANISMOS JACQUARD
84481190;OUTROS
84481900;-- OUTROS
844820;- PARTES E ACESS RIOS DAS M QUINAS DA POSI  O 84.44 OU DAS SUAS M QUINAS E APARELHOS AUXILIARES
84482010;FIEIRAS PARA A EXTRUS O
84482020;OUTRAS PARTES E ACESS RIOS DE M QUINAS PARA A EXTRUS O
84482030;DE M QUINAS PARA CORTE OU RUPTURA DE FIBRAS
84482090;OUTRAS
84483;- PARTES E ACESS RIOS DAS M QUINAS DA POSI  O 84.45 OU DAS SUAS M QUINAS E APARELHOS AUXILIARES:
84483100;-- GUARNI  ES DE CARDAS
844832;-- DE M QUINAS PARA PREPARA  O DE MAT RIAS T XTEIS, EXCETO AS GUARNI  ES DE CARDAS
8448321;DE CARDAS
84483211;CHAP US (FLATS)
84483219;OUTRAS
84483220;DE PENTEADORAS
84483230;DE BANCAS DE ESTIRAMENTO (BANCAS DE FUSOS)
84483240;DE M QUINAS PARA A PREPARA  O DA SEDA
84483250;DE M QUINAS PARA CARBONIZAR L
84483290;OUTROS
844833;-- FUSOS E SUAS ALETAS, AN IS E CURSORES
84483310;CURSORES
84483390;OUTROS
844839;-- OUTROS
8448391;DE M QUINAS PARA FIA  O, DOBRAGEM OU TOR  O
84483911;DE FILAT RIOS INTERMITENTES (SELFATINAS)
84483912;DE M QUINAS DO TIPO TOW-TO-YARN
84483917;DE OUTROS FILAT RIOS
84483919;OUTRAS
8448392;DE M QUINAS DE BOBINAR OU DE DOBAR
84483921;DE BOBINADORAS DE TRAMA (ESPULADEIRAS)
84483922;DE BOBINADORAS AUTOM TICAS PARA FIOS ELASTANOS, OU COM ATADOR AUTOM TICO
84483923;OUTRAS, DE BOBINADORAS AUTOM TICAS
84483929;OUTRAS
8448399;OUTROS
84483991;DE URDIDEIRAS
84483992;DE PASSADEIRAS PARA LI O E PENTE
84483999;OUTRAS
84484;- PARTES E ACESS RIOS DE TEARES PARA TECIDOS OU DAS SUAS M QUINAS E APARELHOS AUXILIARES:
84484200;-- PENTES, LI OS E QUADROS DE LI OS
844849;-- OUTROS
84484910;DE M QUINAS OU APARELHOS AUXILIARES DE TEARES
84484920;DE TEARES PARA TECIDOS DE LARGURA SUPERIOR A 30 CM, SEM LAN ADEIRAS, A JATO DE  GUA OU DE PROJ TIL
84484990;OUTRAS
84485;- PARTES E ACESS RIOS DOS TEARES, M QUINAS OU APARELHOS, DA POSI  O 84.47 OU DAS SUAS M QUINAS E APARELHOS AUXILIARES:
844851;-- PLATINAS, AGULHAS E OUTROS ARTIGOS, UTILIZADOS NA FORMA  O DAS MALHAS
84485110;PLATINAS
84485190;OUTROS
844859;-- OUTROS
84485910;DE TEARES CIRCULARES PARA MALHAS
8448592;DE TEARES RETIL NEOS
84485921;MANUAIS
84485922;PARA FABRICA  O DE MALHAS DE URDIDURA
84485929;OUTRAS
84485930;DE M QUINAS PARA FABRICA  O DE REDES, TULES OU FIL S, OU AUTOM TICAS PARA BORDAR
84485940;DE M QUINAS DO ITEM 8447.90.90
84485990;OUTRAS
844900;"M QUINAS E APARELHOS PARA FABRICA  O OU ACABAMENTO DE FELTRO OU DE FALSOS TECIDOS (TECIDOS N O TECIDOS), EM PE A OU EM FORMA DETERMINADA, INCLUINDO AS M QUINAS E APARELHOS PARA FABRICA  O DE CHAP US DE FELTRO; FORMAS PARA CHAPELARIA."
84490010;M QUINAS E APARELHOS PARA FABRICA  O OU ACABAMENTO DE FELTROS
84490020;M QUINAS E APARELHOS PARA FABRICA  O DE FALSOS TECIDOS (TECIDOS N O TECIDOS)
84490080;OUTROS
8449009;PARTES
84490091;DE M QUINAS OU APARELHOS PARA FABRICA  O DE FALSOS TECIDOS (TECIDOS N O TECIDOS)
84490099;OUTRAS
8450;M QUINAS DE LAVAR ROUPA, MESMO COM DISPOSITIVOS DE SECAGEM.
84501;- M QUINAS DE CAPACIDADE, EXPRESSA EM PESO DE ROUPA SECA, N O SUPERIOR A 10 KG:
84501100;-- M QUINAS INTEIRAMENTE AUTOM TICAS
84501200;-- OUTRAS M QUINAS, COM SECADOR CENTR FUGO INCORPORADO
84501900;-- OUTRAS
845020;- M QUINAS DE CAPACIDADE, EXPRESSA EM PESO DE ROUPA SECA, SUPERIOR A 10 KG
84502010;T NEIS CONT NUOS
84502020;OUTRAS M QUINAS, DE CAPACIDADE N O SUPERIOR A 18 KG
84502090;OUTRAS
845090;- PARTES
84509010;DE M QUINAS DOS ITENS 8450.20.10 OU 8450.20.90
84509090;OUTRAS
8451;"M QUINAS E APARELHOS (EXCETO AS M QUINAS DA POSI  O 84.50) PARA LAVAR, LIMPAR, ESPREMER, SECAR, PASSAR, PRENSAR (INCLUINDO AS PRENSAS DE TRANSFER NCIA T RMICA OU DE FUS O), BRANQUEAR, TINGIR, PARA APRESTO E ACABAMENTO, PARA REVESTIR OU IMPREGNAR FIOS, TECIDOS OU OBRAS DE MAT RIAS T XTEIS E M QUINAS PARA REVESTIR TECIDOS-BASE OU OUTROS SUPORTES UTILIZADOS NA FABRICA  O DE REVESTIMENTOS PARA PISOS (PAVIMENTOS), TAIS COMO LIN LEO; M QUINAS PARA ENROLAR, DESENROLAR, DOBRAR, CORTAR OU DENTEAR TECIDOS."
84511000;- M QUINAS PARA LAVAR A SECO
84512;- M QUINAS DE SECAR:
84512100;-- DE CAPACIDADE, EXPRESSA EM PESO DE ROUPA SECA, N O SUPERIOR A 10 KG
845129;-- OUTRAS
84512910;QUE FUNCIONEM POR MEIO DE ONDAS ELETROMAGN TICAS (MICRO-ONDAS), CUJA PRODU  O SEJA IGUAL OU SUPERIOR A 120 KG/H DE PRODUTO SECO
84512990;OUTRAS
845130;- M QUINAS E PRENSAS PARA PASSAR, INCLUINDO AS PRENSAS DE TRANSFER NCIA T RMICA OU DE FUS O
84513010;AUTOM TICAS
8451309;OUTRAS
84513091;PRENSAS PARA PASSAR DE PESO INFERIOR OU IGUAL A 14 KG
84513099;OUTRAS
845140;- M QUINAS PARA LAVAR, BRANQUEAR OU TINGIR
84514010;PARA LAVAR
8451402;PARA TINGIR OU BRANQUEAR FIOS OU TECIDOS
84514021;"PARA TINGIR TECIDOS EM ROLOS; PARA TINGIR POR PRESS O EST TICA, COM MOLINETE (ROTOR DE P S), JATO DE  GUA (JET) OU COMBINADA"
84514029;OUTRAS
84514090;OUTRAS
845150;- M QUINAS PARA ENROLAR, DESENROLAR, DOBRAR, CORTAR OU DENTEAR TECIDOS
84515010;PARA INSPE  O VISUAL DE TECIDOS
84515020;AUTOM TICAS, PARA ENFESTAR OU CORTAR
84515090;OUTRAS
84518000;- OUTRAS M QUINAS E APARELHOS
845190;- PARTES
84519010;PARA AS M QUINAS DA SUBPOSI  O 8451.21
84519090;OUTRAS
8452;"M QUINAS DE COSTURA, EXCETO AS DE COSTURAR CADERNOS DA POSI  O 84.40; M VEIS, BASES E TAMPAS, PR PRIOS PARA M QUINAS DE COSTURA; AGULHAS PARA M QUINAS DE COSTURA."
84521000;- M QUINAS DE COSTURA DE USO DOM STICO
84522;- OUTRAS M QUINAS DE COSTURA:
845221;-- UNIDADES AUTOM TICAS
84522110;PARA COSTURAR COUROS OU PELES
84522120;PARA COSTURAR TECIDOS
84522190;OUTRAS
845229;-- OUTRAS
84522910;PARA COSTURAR COUROS OU PELES
8452292;PARA COSTURAR TECIDOS
84522921;REMALHADEIRAS
84522922;PARA CASEAR
84522923;TIPO ZIGUE-ZAGUE PARA INSERIR EL STICO
84522924;DE COSTURA RETA
84522925;GALONEIRAS
84522929;OUTRAS
84522990;OUTRAS
84523000;- AGULHAS PARA M QUINAS DE COSTURA
845290;"- M VEIS, BASES E TAMPAS, PARA M QUINAS DE COSTURA, E SUAS PARTES; OUTRAS PARTES DE M QUINAS DE COSTURA"
84529020;M VEIS, BASES E TAMPAS, PARA M QUINAS DE COSTURA, E SUAS PARTES
8452908;OUTRAS PARTES DE M QUINAS DE COSTURA DE USO DOM STICO
84529081;GUIA-FIOS, LAN ADEIRAS E PORTA-BOBINAS
84529089;OUTRAS
8452909;OUTRAS
84529091;GUIA-FIOS, LAN ADEIRAS N O ROTATIVAS E PORTA-BOBINAS
84529092;PARA REMALHADEIRAS
84529093;LAN ADEIRAS ROTATIVAS
84529094;CORPOS MOLDADOS POR FUNDI  O
84529099;OUTRAS
8453;M QUINAS E APARELHOS PARA PREPARAR, CURTIR OU TRABALHAR COUROS OU PELES, OU PARA FABRICAR OU CONSERTAR CAL ADO E OUTRAS OBRAS DE COURO OU DE PELE, EXCETO M QUINAS DE COSTURA.
845310;- M QUINAS E APARELHOS PARA PREPARAR, CURTIR OU TRABALHAR COUROS OU PELES
84531010;M QUINAS PARA DIVIDIR COUROS COM LARGURA  TIL INFERIOR OU IGUAL A 3.000 MM, COM L MINA SEM FIM, COM CONTROLE ELETR NICO PROGRAM VEL
84531090;OUTROS
84532000;- M QUINAS E APARELHOS PARA FABRICAR OU CONSERTAR CAL ADO
84538000;- OUTRAS M QUINAS E APARELHOS
84539000;- PARTES
8454;CONVERSORES, CADINHOS OU COLHERES DE FUNDI  O, LINGOTEIRAS E M QUINAS DE VAZAR (MOLDAR), PARA METALURGIA, ACIARIA OU FUNDI  O.
84541000;- CONVERSORES
845420;- LINGOTEIRAS E CADINHOS OU COLHERES DE FUNDI  O
84542010;LINGOTEIRAS
84542090;OUTRAS
845430;- M QUINAS DE VAZAR (MOLDAR)
84543010;SOB PRESS O
84543020;POR CENTRIFUGA  O
84543090;OUTRAS
845490;- PARTES
84549010;DE M QUINAS DE VAZAR (MOLDAR) POR CENTRIFUGA  O
84549090;OUTRAS
8455;LAMINADORES DE METAIS E SEUS CILINDROS.
84551000;- LAMINADORES DE TUBOS
84552;- OUTROS LAMINADORES:
845521;-- LAMINADORES A QUENTE E LAMINADORES COMBINADOS A QUENTE E A FRIO
84552110;DE CILINDROS LISOS
84552190;OUTROS
845522;-- LAMINADORES A FRIO
84552210;DE CILINDROS LISOS
84552290;OUTROS
845530;- CILINDROS DE LAMINADORES
84553010;FUNDIDOS, DE A O OU FERRO FUNDIDO NODULAR
84553020;FORJADOS, DE A O DE CORTE R PIDO, COM UM TEOR, EM PESO, DE CARBONO IGUAL OU SUPERIOR A 0,80 % E INFERIOR OU IGUAL A 0,90 %, DE CROMO IGUAL OU SUPERIOR A 3,50 % E INFERIOR OU IGUAL A 4 %, DE VAN DIO IGUAL OU SUPERIOR A 1,60 % E INFERIOR OU IGUAL A 2,30 %, DE MOLIBD NIO INFERIOR OU IGUAL A 8,50 % E DE TUNGST NIO (VOLFR MIO) INFERIOR OU IGUAL A 7 %
84553090;OUTROS
84559000;- OUTRAS PARTES
8456;"M QUINAS-FERRAMENTAS QUE TRABALHEM POR ELIMINA  O DE QUALQUER MAT RIA, QUE OPEREM POR LASER OU POR OUTRO FEIXE DE LUZ OU DE F TONS, POR ULTRASSOM, POR ELETROEROS O, POR PROCESSOS ELETROQU MICOS, POR FEIXES DE EL TRONS, POR FEIXES I NICOS OU POR JATO DE PLASMA; M QUINAS DE CORTE A JATO DE  GUA."
84561;- QUE OPEREM POR LASER OU POR OUTRO FEIXE DE LUZ OU DE F TONS:
845611;-- QUE OPEREM POR LASER
8456111;DE COMANDO NUM RICO
84561111;PARA CORTE DE CHAPAS MET LICAS DE ESPESSURA SUPERIOR A 8 MM
84561119;OUTRAS
84561190;OUTRAS
845612;-- QUE OPEREM POR OUTRO FEIXE DE LUZ OU DE F TONS
8456121;DE COMANDO NUM RICO
84561211;PARA CORTE DE CHAPAS MET LICAS DE ESPESSURA SUPERIOR A 8 MM
84561219;OUTRAS
84561290;OUTRAS
845620;- QUE OPEREM POR ULTRASSOM
84562010;DE COMANDO NUM RICO
84562090;OUTRAS
845630;- QUE OPEREM POR ELETROEROS O
8456301;DE COMANDO NUM RICO
84563011;PARA TEXTURIZAR SUPERF CIES CIL NDRICAS
84563019;OUTRAS
84563090;OUTRAS
84564000;- QUE OPEREM POR JATO DE PLASMA
84565000;- M QUINAS DE CORTE A JATO DE  GUA
84569000;- OUTRAS
8457;CENTROS DE USINAGEM (FABRICA  O*), M QUINAS DE SISTEMA MONOST TICO (SINGLE STATION) E M QUINAS DE ESTA  ES M LTIPLAS, PARA TRABALHAR METAIS.
84571000;- CENTROS DE USINAGEM (FABRICA  O*)
845720;- M QUINAS DE SISTEMA MONOST TICO (SINGLE STATION)
84572010;DE COMANDO NUM RICO
84572090;OUTRAS
845730;- M QUINAS DE ESTA  ES M LTIPLAS
84573010;DE COMANDO NUM RICO
84573090;OUTRAS
8458;TORNOS (INCLUINDO OS CENTROS DE TORNEAMENTO) PARA METAIS.
84581;- TORNOS HORIZONTAIS:
845811;-- DE COMANDO NUM RICO
84581110;REV LVER
8458119;OUTROS
84581191;DE 6 OU MAIS FUSOS PORTA-PE AS
84581199;OUTROS
845819;-- OUTROS
84581910;REV LVER
84581990;OUTROS
84589;- OUTROS TORNOS:
84589100;-- DE COMANDO NUM RICO
84589900;-- OUTROS
8459;M QUINAS-FERRAMENTAS (INCLUINDO AS UNIDADES COM CABE A DESLIZANTE) PARA FURAR, MANDRILAR, FRESAR, ROSCAR INTERIOR OU EXTERIORMENTE METAIS, POR ELIMINA  O DE MAT RIA, EXCETO OS TORNOS (INCLUINDO OS CENTROS DE TORNEAMENTO) DA POSI  O 84.58.
84591000;- UNIDADES COM CABE A DESLIZANTE
84592;- OUTRAS M QUINAS PARA FURAR:
845921;-- DE COMANDO NUM RICO
84592110;RADIAIS
8459219;OUTRAS
84592191;DE MAIS DE UM CABE OTE MONO OU MULTIFUSO
84592199;OUTRAS
84592900;-- OUTRAS
84593;- OUTRAS MANDRILADORAS-FRESADORAS:
84593100;-- DE COMANDO NUM RICO
84593900;-- OUTRAS
84594;- OUTRAS M QUINAS PARA MANDRILAR:
84594100;-- DE COMANDO NUM RICO
84594900;-- OUTRAS
84595;- M QUINAS PARA FRESAR, DE CONSOLE:
84595100;-- DE COMANDO NUM RICO
84595900;-- OUTRAS
84596;- OUTRAS M QUINAS PARA FRESAR:
84596100;-- DE COMANDO NUM RICO
84596900;-- OUTRAS
84597000;- OUTRAS M QUINAS PARA ROSCAR INTERIOR OU EXTERIORMENTE
8460;M QUINAS-FERRAMENTAS PARA REBARBAR, AFIAR, AMOLAR, RETIFICAR, BRUNIR, POLIR OU REALIZAR OUTRAS OPERA  ES DE ACABAMENTO EM METAIS OU CERMETS POR MEIO DE M S, DE ABRASIVOS OU DE PRODUTOS POLIDORES, EXCETO AS M QUINAS DE CORTAR OU ACABAR ENGRENAGENS DA POSI  O 84.61.
84601;- M QUINAS PARA RETIFICAR SUPERF CIES PLANAS:
84601200;-- DE COMANDO NUM RICO
84601900;-- OUTRAS
84602;- OUTRAS M QUINAS PARA RETIFICAR:
84602200;-- M QUINAS PARA RETIFICAR SEM CENTRO, DE COMANDO NUM RICO
84602300;-- OUTRAS M QUINAS PARA RETIFICAR SUPERF CIES CIL NDRICAS, DE COMANDO NUM RICO
84602400;-- OUTRAS, DE COMANDO NUM RICO
84602900;-- OUTRAS
84603;- M QUINAS PARA AFIAR:
84603100;-- DE COMANDO NUM RICO
84603900;-- OUTRAS
846040;- M QUINAS PARA BRUNIR
8460401;DE COMANDO NUM RICO
84604011;BRUNIDORAS PARA CILINDROS DE DI METRO INFERIOR OU IGUAL A 312 MM
84604019;OUTRAS
8460409;OUTRAS
84604091;BRUNIDORAS PARA CILINDROS DE DI METRO INFERIOR OU IGUAL A 312 MM
84604099;OUTRAS
846090;- OUTRAS
8460901;DE COMANDO NUM RICO
84609011;DE POLIR, COM CINCO OU MAIS CABE AS E PORTA -PE AS ROTATIVO
84609012;DE ESMERILHAR, COM DUAS OU MAIS CABE AS E PORTA-PE AS ROTATIVO
84609019;OUTRAS
84609090;OUTRAS
8461;M QUINAS-FERRAMENTAS PARA APLAINAR, PLAINAS-LIMADORAS, M QUINAS-FERRAMENTAS PARA ESCATELAR, BROCHAR, CORTAR OU ACABAR ENGRENAGENS, SERRAR, SECCIONAR E OUTRAS M QUINAS-FERRAMENTAS QUE TRABALHEM POR ELIMINA  O DE METAL OU DE CERMETS, N O ESPECIFICADAS NEM COMPREENDIDAS NOUTRAS POSI  ES.
846120;- PLAINAS-LIMADORAS E M QUINAS PARA ESCATELAR
84612010;PARA ESCATELAR
84612090;OUTRAS
846130;- M QUINAS PARA BROCHAR
84613010;DE COMANDO NUM RICO
84613090;OUTRAS
846140;- M QUINAS PARA CORTAR OU ACABAR ENGRENAGENS
84614010;DE COMANDO NUM RICO
8461409;OUTRAS
84614091;REDONDEADORAS DE DENTES
84614099;OUTRAS
846150;- M QUINAS PARA SERRAR OU SECCIONAR
84615010;DE FITAS SEM FIM
84615020;CIRCULARES
84615090;OUTRAS
846190;- OUTRAS
84619010;DE COMANDO NUM RICO
84619090;OUTRAS
8462;"M QUINAS-FERRAMENTAS (INCLUINDO AS PRENSAS) PARA FORJAR OU ESTAMPAR, MARTELOS, MARTELOS-PIL ES E MARTINETES, PARA TRABALHAR METAIS (EXCLUINDO OS LAMINADORES); M QUINAS-FERRAMENTAS (INCLUINDO AS PRENSAS, AS LINHAS DE CORTE LONGITUDINAL E AS LINHAS DE CORTE TRANSVERSAL) PARA ENROLAR, ARQUEAR, DOBRAR, ENDIREITAR, APLANAR, CISALHAR, PUNCIONAR, CHANFRAR OU MORDISCAR METAIS (EXCLUINDO AS BANCAS PARA ESTIRAR); PRENSAS PARA TRABALHAR METAIS OU CARBONETOS MET LICOS, N O ESPECIFICADAS ACIMA."
84621;- M QUINAS PARA TRABALHAR A QUENTE (INCLUINDO AS PRENSAS) PARA FORJAR POR MATRIZAGEM OU DE FORJAMENTO LIVRE OU DE ESTAMPAR, MARTELOS, MARTELOS-PIL ES E MARTINETES:
84621100;-- M QUINAS PARA FORJAMENTO EM MATRIZ FECHADA
84621900;-- OUTRAS
84622;- M QUINAS (INCLUINDO AS PRENSAS DOBRADEIRAS) PARA ENROLAR, ARQUEAR, DOBRAR, ENDIREITAR OU APLANAR, PARA PRODUTOS PLANOS:
84622200;-- M QUINAS PARA FORMA  O DE PERFIS
84622300;-- PRENSAS DOBRADEIRAS, DE COMANDO NUM RICO
84622400;-- PRENSAS PARA PAIN IS, DE COMANDO NUM RICO
84622500;-- M QUINAS DE CONFORMA  O POR ROLOS, DE COMANDO NUM RICO
84622600;-- OUTRAS M QUINAS PARA ENROLAR, ARQUEAR, DOBRAR, ENDIREITAR OU APLANAR, DE COMANDO NUM RICO
84622900;-- OUTRAS
84623;- LINHAS DE CORTE LONGITUDINAL, LINHAS DE CORTE TRANSVERSAL E OUTRAS M QUINAS (EXCLUINDO AS PRENSAS) PARA CISALHAR, PARA PRODUTOS PLANOS, EXCETO AS M QUINAS COMBINADAS DE PUNCIONAR E CISALHAR:
84623200;-- LINHAS DE CORTE LONGITUDINAL E LINHAS DE CORTE TRANSVERSAL
84623300;-- M QUINAS PARA CISALHAR, DE COMANDO NUM RICO
84623900;-- OUTRAS
84624;- M QUINAS (EXCLUINDO AS PRENSAS) PARA PUNCIONAR, CHANFRAR OU MORDISCAR, PARA PRODUTOS PLANOS, INCLUINDO AS M QUINAS COMBINADAS DE PUNCIONAR E CISALHAR:
84624200;-- DE COMANDO NUM RICO
84624900;-- OUTRAS
84625;- M QUINAS (EXCLUINDO AS PRENSAS) PARA TRABALHAR TUBOS, PERFIS OCOS, PERFIS E BARRAS:
84625100;-- DE COMANDO NUM RICO
84625900;-- OUTRAS
84626;- PRENSAS PARA TRABALHAR METAL A FRIO:
84626100;-- PRENSAS HIDR ULICAS
84626200;-- PRENSAS MEC NICAS
84626300;-- SERVOPRENSAS
84626900;-- OUTRAS
84629000;- OUTRAS
8463;OUTRAS M QUINAS-FERRAMENTAS PARA TRABALHAR METAIS OU CERMETS, QUE TRABALHEM SEM ELIMINA  O DE MAT RIA.
846310;- BANCAS PARA ESTIRAR BARRAS, TUBOS, PERFIS, FIOS OU SEMELHANTES
84631010;PARA ESTIRAR TUBOS
84631090;OUTROS
846320;- M QUINAS PARA FAZER ROSCAS INTERNAS OU EXTERNAS POR LAMINAGEM
84632010;DE COMANDO NUM RICO
8463209;OUTRAS
84632091;DE PENTE PLANO, COM CAPACIDADE DE PRODU  O IGUAL OU SUPERIOR A 160 UNIDADES POR MINUTO, DE DI METRO DE ROSCA COMPREENDIDO ENTRE 3 MM E 10 MM
84632099;OUTRAS
84633000;- M QUINAS PARA TRABALHAR ARAMES E FIOS DE METAL
846390;- OUTRAS
84639010;DE COMANDO NUM RICO
84639090;OUTRAS
8464;M QUINAS-FERRAMENTAS PARA TRABALHAR PEDRA, PRODUTOS CER MICOS, CONCRETO (BET O), FIBROCIMENTO OU MAT RIAS MINERAIS SEMELHANTES, OU PARA O TRABALHO A FRIO DO VIDRO.
84641000;- M QUINAS PARA SERRAR
846420;- M QUINAS PARA ESMERILAR OU POLIR
84642010;PARA VIDRO
8464202;PARA CER MICA
84642021;DE POLIR PLACAS, PARA PAVIMENTA  O OU REVESTIMENTO, COM OITO OU MAIS CABE AS
84642029;OUTRAS
84642090;OUTRAS
846490;- OUTRAS
8464901;PARA VIDRO
84649011;DE COMANDO NUM RICO, PARA RETIFICAR, FRESAR E PERFURAR
84649019;OUTRAS
84649090;OUTRAS
8465;M QUINAS-FERRAMENTAS (INCLUINDO AS M QUINAS PARA PREGAR, GRAMPEAR, COLAR OU REUNIR POR QUALQUER OUTRO MODO) PARA TRABALHAR MADEIRA, CORTI A, OSSO, BORRACHA ENDURECIDA, PL STICO DURO OU MAT RIAS DURAS SEMELHANTES.
84651000;- M QUINAS-FERRAMENTAS CAPAZES DE EFETUAR DIFERENTES TIPOS DE OPERA  ES SEM TROCA DE FERRAMENTAS
84652000;- CENTROS DE USINAGEM (FABRICA  O*)
84659;- OUTRAS:
846591;-- M QUINAS DE SERRAR
84659110;DE FITA SEM FIM
84659120;CIRCULARES
84659190;OUTRAS
846592;"-- M QUINAS PARA DESBASTAR OU APLAINAR; M QUINAS PARA FRESAR OU MOLDURAR"
8465921;DE COMANDO NUM RICO
84659211;FRESADORAS
84659219;OUTRAS
84659290;OUTRAS
846593;-- M QUINAS PARA ESMERILAR, LIXAR OU POLIR
84659310;LIXADEIRAS
84659390;OUTRAS
84659400;-- M QUINAS PARA ARQUEAR OU REUNIR
846595;-- M QUINAS PARA FURAR OU ESCATELAR
8465951;DE COMANDO NUM RICO
84659511;PARA FURAR
84659512;PARA ESCATELAR
8465959;OUTRAS
84659591;PARA FURAR
84659592;PARA ESCATELAR
84659600;-- M QUINAS PARA FENDER, SECCIONAR OU DESENROLAR
84659900;-- OUTRAS
8466;"PARTES E ACESS RIOS RECONHEC VEIS COMO EXCLUSIVA OU PRINCIPALMENTE DESTINADOS  S M QUINAS DAS POSI  ES 84.56 A 84.65, INCLUINDO OS PORTA-PE AS E PORTA-FERRAMENTAS, AS FIEIRAS DE ABERTURA AUTOM TICA, OS DISPOSITIVOS DIVISORES E OUTROS DISPOSITIVOS ESPECIAIS, PARA ESTAS M QUINAS; PORTA-FERRAMENTAS PARA FERRAMENTAS MANUAIS DE QUALQUER TIPO."
84661000;- PORTA-FERRAMENTAS E FIEIRAS DE ABERTURA AUTOM TICA
846620;- PORTA-PE AS
84662010;PARA TORNOS
84662090;OUTROS
84663000;- DISPOSITIVOS DIVISORES E OUTROS DISPOSITIVOS ESPECIAIS, PARA M QUINAS
84669;- OUTROS:
84669100;-- PARA M QUINAS DA POSI  O 84.64
84669200;-- PARA M QUINAS DA POSI  O 84.65
846693;-- PARA M QUINAS DAS POSI  ES 84.56 A 84.61
8466931;PARA M QUINAS DA POSI  O 84.56
84669311;PARA M QUINAS DA SUBPOSI  O 8456.20
84669319;OUTRAS
84669320;PARA M QUINAS DA POSI  O 84.57
84669330;PARA M QUINAS DA POSI  O 84.58
84669340;PARA M QUINAS DA POSI  O 84.59
84669350;PARA M QUINAS DA POSI  O 84.60
84669360;PARA M QUINAS DA POSI  O 84.61
846694;-- PARA M QUINAS DAS POSI  ES 84.62 OU 84.63
84669410;PARA M QUINAS DAS SUBPOSI  ES 8462.11 OU 8462.19
84669420;PARA M QUINAS DAS SUBPOSI  ES 8462.22 A 8462.29
84669490;OUTRAS
8467;FERRAMENTAS PNEUM TICAS, HIDR ULICAS OU COM MOTOR (EL TRICO OU N O EL TRICO) INCORPORADO, DE USO MANUAL.
84671;- PNEUM TICAS:
846711;-- ROTATIVAS (MESMO COM SISTEMA DE PERCUSS O)
84671110;FURADEIRAS
84671190;OUTRAS
84671900;-- OUTRAS
84672;- COM MOTOR EL TRICO INCORPORADO:
84672100;-- FURADEIRAS (PERFURADORAS) DE QUALQUER ESP CIE, INCLUINDO AS ROTATIVAS
84672200;-- SERRAS
846729;-- OUTRAS
84672910;TESOURAS
8467299;OUTRAS
84672991;CORTADORAS DE TECIDOS
84672992;PARAFUSADEIRAS E ROSQUEADEIRAS
84672993;MARTELOS
84672999;OUTRAS
84678;- OUTRAS FERRAMENTAS:
84678100;-- SERRAS DE CORRENTE
84678900;-- OUTRAS
84679;- PARTES:
84679100;-- DE SERRAS DE CORRENTE
84679200;-- DE FERRAMENTAS PNEUM TICAS
84679900;-- OUTRAS
8468;"M QUINAS E APARELHOS PARA SOLDAR, MESMO DE CORTE, EXCETO OS DA POSI  O 85.15; M QUINAS E APARELHOS A G S, PARA T MPERA SUPERFICIAL."
84681000;- MA ARICOS DE USO MANUAL
84682000;- OUTRAS M QUINAS E APARELHOS A G S
846880;- OUTRAS M QUINAS E APARELHOS
84688010;PARA SOLDAR POR FRIC  O
84688090;OUTRAS
846890;- PARTES
84689010;DE MA ARICOS DE USO MANUAL
84689020;DE M QUINAS OU APARELHOS PARA SOLDAR POR FRIC  O
84689090;OUTRAS
8470;"M QUINAS DE CALCULAR E M QUINAS DE BOLSO QUE PERMITAM GRAVAR, REPRODUZIR E VISUALIZAR INFORMA  ES, COM FUN  O DE C LCULO INCORPORADA; M QUINAS DE CONTABILIDADE, M QUINAS DE FRANQUEAR, DE EMITIR BILHETES E M QUINAS SEMELHANTES, COM DISPOSITIVO DE C LCULO INCORPORADO; CAIXAS REGISTRADORAS."
84701000;- CALCULADORAS ELETR NICAS CAPAZES DE FUNCIONAR SEM FONTE EXTERNA DE ENERGIA EL TRICA E M QUINAS DE BOLSO COM FUN  O DE C LCULO INCORPORADA QUE PERMITAM GRAVAR, REPRODUZIR E VISUALIZAR INFORMA  ES
84702;- OUTRAS M QUINAS DE CALCULAR, ELETR NICAS:
84702100;-- COM DISPOSITIVO IMPRESSOR INCORPORADO
84702900;-- OUTRAS
84703000;- OUTRAS M QUINAS DE CALCULAR
847050;- CAIXAS REGISTRADORAS
84705010;ELETR NICAS
84705090;OUTRAS
847090;- OUTRAS
84709010;M QUINAS DE FRANQUEAR CORRESPOND NCIA
84709090;OUTRAS
8471;"M QUINAS AUTOM TICAS PARA PROCESSAMENTO DE DADOS E SUAS UNIDADES; LEITORES MAGN TICOS OU  PTICOS, M QUINAS PARA REGISTRAR DADOS EM SUPORTE SOB FORMA CODIFICADA, E M QUINAS PARA PROCESSAMENTO DESSES DADOS, N O ESPECIFICADAS NEM COMPREENDIDAS NOUTRAS POSI  ES."
847130;- M QUINAS AUTOM TICAS PARA PROCESSAMENTO DE DADOS, PORT TEIS, DE PESO N O SUPERIOR A 10 KG, QUE CONTENHAM PELO MENOS UMA UNIDADE CENTRAL DE PROCESSAMENTO, UM TECLADO E UMA TELA (ECR *)
8471301;CAPAZES DE FUNCIONAR SEM FONTE EXTERNA DE ENERGIA
84713011;DE PESO INFERIOR A 350 G, COM TELA DE  REA N O SUPERIOR A 140 CM2
84713012;DE PESO INFERIOR A 3,5 KG, COM TELA DE  REA SUPERIOR A 140 CM2, MAS INFERIOR A 560 CM2
84713019;OUTRAS
84713090;OUTRAS
84714;- OUTRAS M QUINAS AUTOM TICAS PARA PROCESSAMENTO DE DADOS:
84714100;-- QUE CONTENHAM, NO MESMO CORPO, PELO MENOS UMA UNIDADE CENTRAL DE PROCESSAMENTO E, MESMO COMBINADAS, UMA UNIDADE DE ENTRADA E UMA UNIDADE DE SA DA
84714900;-- OUTRAS, APRESENTADAS SOB A FORMA DE SISTEMAS
847150;- UNIDADES DE PROCESSAMENTO, EXCETO AS DAS SUBPOSI  ES 8471.41 OU 8471.49, PODENDO CONTER, NO MESMO CORPO, UM OU DOIS DOS SEGUINTES TIPOS DE UNIDADES: UNIDADE DE MEM RIA, UNIDADE DE ENTRADA E UNIDADE DE SA DA
84715010;DE PEQUENA CAPACIDADE, BASEADAS EM MICROPROCESSADORES, COM CAPACIDADE DE INSTALA  O, DENTRO DO MESMO GABINETE, DE UNIDADES DE MEM RIA DA SUBPOSI  O 8471.70, PODENDO CONTER M LTIPLOS CONECTORES DE EXPANS O (SLOTS), E VALOR FOB INFERIOR OU IGUAL A US$ 12.500,00, POR UNIDADE
84715020;DE M DIA CAPACIDADE, PODENDO CONTER NO M XIMO UMA UNIDADE DE ENTRADA E OUTRA DE SA DA DA SUBPOSI  O 8471.60, COM CAPACIDADE DE INSTALA  O, DENTRO DO MESMO GABINETE, DE UNIDADES DE MEM RIA DA SUBPOSI  O 8471.70, PODENDO CONTER M LTIPLOS CONECTORES DE EXPANS O (SLOTS), E VALOR FOB SUPERIOR A US$ 12.500,00, MAS N O SUPERIOR A US$ 46.000,00, POR UNIDADE
84715030;DE GRANDE CAPACIDADE, PODENDO CONTER NO M XIMO UMA UNIDADE DE ENTRADA E OUTRA DE SA DA DA SUBPOSI  O 8471.60, COM CAPACIDADE DE INSTALA  O INTERNA, OU EM M DULOS SEPARADOS DO GABINETE DO PROCESSADOR CENTRAL, DE UNIDADES DE MEM RIA DA SUBPOSI  O 8471.70, E VALOR FOB SUPERIOR A US$ 46.000,00, MAS N O SUPERIOR A US$ 100.000,00, POR UNIDADE
84715040;DE MUITO GRANDE CAPACIDADE, PODENDO CONTER NO M XIMO UMA UNIDADE DE ENTRADA E OUTRA DE SA DA DA SUBPOSI  O 8471.60, COM CAPACIDADE DE INSTALA  O INTERNA, OU EM M DULOS SEPARADOS DO GABINETE DO PROCESSADOR CENTRAL, DE UNIDADES DE MEM RIA DA SUBPOSI  O 8471.70, E VALOR FOB SUPERIOR A US$ 100.000,00, POR UNIDADE
84715090;OUTRAS
847160;- UNIDADES DE ENTRADA OU DE SA DA, PODENDO CONTER, NO MESMO CORPO, UNIDADES DE MEM RIA
8471605;UNIDADES DE ENTRADA
84716052;TECLADOS
84716053;INDICADORES OU APONTADORES (MOUSE E TRACK-BALL, POR EXEMPLO)
84716054;MESAS DIGITALIZADORAS
84716059;OUTRAS
8471606;APARELHOS TERMINAIS QUE TENHAM, PELO MENOS, UMA UNIDADE DE ENTRADA POR TECLADO ALFANUM RICO E UMA UNIDADE DE SA DA POR V DEO (TERMINAIS DE V DEO)
84716061;COM UNIDADE DE SA DA POR V DEO MONOCROM TICO
84716062;COM UNIDADE DE SA DA POR V DEO POLICROM TICO
84716080;TERMINAIS DE AUTO-ATENDIMENTO BANC RIO
84716090;OUTRAS
847170;- UNIDADES DE MEM RIA
84717010;DE DISCOS MAGN TICOS
84717020;DE DISCOS PARA LEITURA OU GRAVA  O DE DADOS POR MEIOS  PTICOS (UNIDADE DE DISCO  PTICO)
84717030;DE FITAS MAGN TICAS
84717040;DE ESTADO S LIDO (SSD - SOLID-STATE DRIVE)
84717090;OUTRAS, INCLU DAS AS COMBINA  ES DE UNIDADES DE, PELO MENOS, DOIS DOS ITENS PRECEDENTES
84718000;- OUTRAS UNIDADES DE M QUINAS AUTOM TICAS PARA PROCESSAMENTO DE DADOS
847190;- OUTROS
8471901;LEITORES OU GRAVADORES
84719011;DE CART ES MAGN TICOS
84719012;LEITORES DE C DIGOS DE BARRAS
84719013;LEITORES DE CARACTERES MAGNETIZ VEIS
84719014;DIGITALIZADORES DE IMAGENS (SCANNERS)
84719019;OUTROS
84719090;OUTROS
8472;OUTRAS M QUINAS E APARELHOS DE ESCRIT RIO (POR EXEMPLO, DUPLICADORES HECTOGR FICOS OU A EST NCIL, M QUINAS PARA IMPRIMIR ENDERE OS, DISTRIBUIDORES AUTOM TICOS DE NOTAS (PAP IS-MOEDA), M QUINAS PARA SELECIONAR, CONTAR OU EMPACOTAR MOEDAS, M QUINAS APONTADORAS DE L PIS (APARA-L PIS), PERFURADORES OU GRAMPEADORES (AGRAFADORES*)).
84721000;- DUPLICADORES
847230;- M QUINAS PARA SELECIONAR, DOBRAR, ENVELOPAR OU CINTAR CORRESPOND NCIA, M QUINAS PARA ABRIR, FECHAR OU LACRAR CORRESPOND NCIA E M QUINAS PARA COLAR OU OBLITERAR SELOS
84723010;M QUINAS AUTOM TICAS PARA OBLITERAR SELOS POSTAIS
84723020;M QUINAS AUTOM TICAS PARA SELE  O DE CORRESPOND NCIA POR FORMATO E CLASSIFICA  O E DISTRIBUI  O DA MESMA POR LEITURA  PTICA DO C DIGO POSTAL
84723030;M QUINAS AUTOM TICAS PARA SELE  O E DISTRIBUI  O DE ENCOMENDAS, POR LEITURA  PTICA DO C DIGO POSTAL
84723090;OUTRAS
847290;- OUTROS
84729010;DISTRIBUIDORES (DISPENSADORES) AUTOM TICOS DE NOTAS (PAP IS-MOEDA), INCLUINDO OS QUE EFETUAM OUTRAS OPERA  ES BANC RIAS
84729020;M QUINAS DO TIPO UTILIZADO EM CAIXAS DE BANCO, COM DISPOSITIVO PARA AUTENTICAR
84729030;M QUINAS PARA SELECIONAR E CONTAR MOEDAS OU NOTAS (PAP IS-MOEDA)
84729040;M QUINAS APONTADORAS DE L PIS (APARA-L PIS), PERFURADORES, GRAMPEADORES E DESGRAMPEADORES
8472905;CLASSIFICADORAS AUTOM TICAS DE DOCUMENTOS, COM LEITORES OU GRAVADORES DO ITEM 8471.90.1 INCORPORADOS
84729051;COM CAPACIDADE DE CLASSIFICA  O SUPERIOR A 400 DOCUMENTOS POR MINUTO
84729059;OUTRAS
8472909;OUTROS
84729091;M QUINAS PARA IMPRIMIR ENDERE OS OU PARA ESTAMPAR PLACAS DE ENDERE OS
84729099;OUTROS
8473;PARTES E ACESS RIOS (EXCETO ESTOJOS, CAPAS E SEMELHANTES) RECONHEC VEIS COMO EXCLUSIVA OU PRINCIPALMENTE DESTINADOS  S M QUINAS OU APARELHOS DAS POSI  ES 84.70 A 84.72.
84732;- PARTES E ACESS RIOS DAS M QUINAS DA POSI  O 84.70:
84732100;-- DAS CALCULADORAS ELETR NICAS DAS SUBPOSI  ES 8470.10, 8470.21 OU 8470.29
847329;-- OUTROS
84732910;CIRCUITOS IMPRESSOS COM COMPONENTES EL TRICOS OU ELETR NICOS, MONTADOS, PARA CAIXAS REGISTRADORAS
84732920;DE M QUINAS DA SUBPOSI  O 8470.30
84732990;OUTROS
847330;- PARTES E ACESS RIOS DAS M QUINAS DA POSI  O 84.71
8473301;GABINETE, MESMO COM M DULO DISPLAY NUM RICO, FONTE DE ALIMENTA  O INCORPORADA OU AMBOS
84733011;COM FONTE DE ALIMENTA  O, MESMO COM M DULO DISPLAY NUM RICO
84733019;OUTROS
8473303;DE UNIDADES DE DISCOS MAGN TICOS OU DE FITAS MAGN TICAS, EXCETO AS DO ITEM 8473.30.4
84733031;CONJUNTOS CABE A-DISCO (HDA - HEAD DISK ASSEMBLY) DE UNIDADES DE DISCOS R GIDOS, MONTADOS
84733032;BRA OS POSICIONADORES DE CABE AS MAGN TICAS
84733033;CABE AS MAGN TICAS
84733034;MECANISMOS BOBINADORES PARA UNIDADES DE FITAS MAGN TICAS (MAGNETIC TAPE TRANSPORTER)
84733039;OUTRAS
8473304;CIRCUITOS IMPRESSOS COM COMPONENTES EL TRICOS OU ELETR NICOS, MONTADOS
84733041;PLACAS-M E (MOTHER BOARDS)
84733042;PLACAS (M DULOS) DE MEM RIA COM UMA SUPERF CIE INFERIOR OU IGUAL A 50 CM2
84733049;OUTROS
84733090;OUTROS
847340;- PARTES E ACESS RIOS DAS M QUINAS DA POSI  O 84.72
84734010;CIRCUITOS IMPRESSOS COM COMPONENTES EL TRICOS OU ELETR NICOS, MONTADOS
84734070;OUTRAS PARTES E ACESS RIOS DAS M QUINAS DOS ITENS 8472.90.10 OU 8472.90.20
84734090;OUTROS
847350;- PARTES E ACESS RIOS QUE POSSAM SER UTILIZADOS INDIFERENTEMENTE COM AS M QUINAS OU APARELHOS DE DUAS OU MAIS DAS POSI  ES 84.70 A 84.72
84735010;CIRCUITOS IMPRESSOS COM COMPONENTES EL TRICOS OU ELETR NICOS, MONTADOS
84735040;CABE AS MAGN TICAS
84735050;PLACAS (M DULOS) DE MEM RIA COM UMA SUPERF CIE INFERIOR OU IGUAL A 50 CM2
84735090;OUTROS
8474;"M QUINAS E APARELHOS PARA SELECIONAR, PENEIRAR, SEPARAR, LAVAR, ESMAGAR, MOER, MISTURAR OU AMASSAR TERRAS, PEDRAS, MIN RIOS OU OUTRAS SUBST NCIAS MINERAIS S LIDAS (INCLUINDO OS P S E PASTAS); M QUINAS PARA AGLOMERAR OU MOLDAR COMBUST VEIS MINERAIS S LIDOS, PASTAS CER MICAS, CIMENTO, GESSO OU OUTRAS MAT RIAS MINERAIS EM P  OU EM PASTA; M QUINAS PARA FAZER MOLDES DE AREIA PARA FUNDI  O."
84741000;- M QUINAS E APARELHOS PARA SELECIONAR, PENEIRAR, SEPARAR OU LAVAR
847420;- M QUINAS E APARELHOS PARA ESMAGAR, MOER OU PULVERIZAR
84742010;DE BOLAS
84742090;OUTROS
84743;- M QUINAS E APARELHOS PARA MISTURAR OU AMASSAR:
84743100;-- BETONEIRAS E APARELHOS PARA AMASSAR CIMENTO
84743200;-- M QUINAS PARA MISTURAR MAT RIAS MINERAIS COM BETUME
84743900;-- OUTROS
847480;- OUTRAS M QUINAS E APARELHOS
84748010;PARA FAZER MOLDES DE AREIA PARA FUNDI  O
84748090;OUTRAS
84749000;- PARTES
8475;"M QUINAS PARA MONTAGEM DE L MPADAS, TUBOS OU V LVULAS, EL TRICOS OU ELETR NICOS, OU DE L MPADAS DE LUZ REL MPAGO (FLASH), QUE TENHAM INV LUCRO DE VIDRO; M QUINAS PARA FABRICA  O OU TRABALHO A QUENTE DO VIDRO OU DAS SUAS OBRAS."
84751000;- M QUINAS PARA MONTAGEM DE L MPADAS, TUBOS OU V LVULAS, EL TRICOS OU ELETR NICOS, OU DE L MPADAS DE LUZ REL MPAGO (FLASH), QUE TENHAM INV LUCRO DE VIDRO
84752;- M QUINAS PARA FABRICA  O OU TRABALHO A QUENTE DO VIDRO OU DAS SUAS OBRAS:
84752100;-- M QUINAS PARA FABRICA  O DE FIBRAS  PTICAS E DE SEUS ESBO OS
847529;-- OUTRAS
84752910;PARA FABRICA  O DE RECIPIENTES DA POSI  O 70.10, EXCETO AMPOLAS
84752990;OUTRAS
84759000;- PARTES
8476;M QUINAS AUTOM TICAS DE VENDA DE PRODUTOS (POR EXEMPLO, SELOS, CIGARROS, ALIMENTOS OU BEBIDAS), INCLUINDO AS M QUINAS DE TROCAR DINHEIRO.
84762;- M QUINAS AUTOM TICAS DE VENDA DE BEBIDAS:
84762100;-- COM DISPOSITIVO DE AQUECIMENTO OU DE REFRIGERA  O INCORPORADO
84762900;-- OUTRAS
84768;- OUTRAS M QUINAS:
84768100;-- COM DISPOSITIVO DE AQUECIMENTO OU DE REFRIGERA  O INCORPORADO
847689;-- OUTRAS
84768910;M QUINAS AUTOM TICAS DE VENDA DE SELOS POSTAIS
84768990;OUTRAS
84769000;- PARTES
8477;M QUINAS E APARELHOS PARA TRABALHAR BORRACHA OU PL STICO OU PARA FABRICA  O DE PRODUTOS DESSAS MAT RIAS, N O ESPECIFICADOS NEM COMPREENDIDOS NOUTRAS POSI  ES DESTE CAP TULO.
847710;- M QUINAS DE MOLDAR POR INJE  O
8477101;HORIZONTAIS, DE COMANDO NUM RICO
84771011;MONOCOLOR, PARA MATERIAIS TERMOPL STICOS, COM CAPACIDADE DE INJE  O INFERIOR OU IGUAL A 5.000 G E FOR A DE FECHAMENTO INFERIOR OU IGUAL A 12.000 KN
84771019;OUTRAS
8477102;OUTRAS HORIZONTAIS
84771021;MONOCOLOR, PARA MATERIAIS TERMOPL STICOS, COM CAPACIDADE DE INJE  O INFERIOR OU IGUAL A 5.000 G E FOR A DE FECHAMENTO INFERIOR OU IGUAL A 12.000 KN
84771029;OUTRAS
8477109;OUTRAS
84771091;DE COMANDO NUM RICO
84771099;OUTRAS
847720;- EXTRUSORAS
84772010;PARA MATERIAIS TERMOPL STICOS, DE DI METRO DA ROSCA INFERIOR OU IGUAL A 300 MM
84772090;OUTRAS
847730;- M QUINAS DE MOLDAR POR INSUFLA  O
84773010;PARA FABRICA  O DE RECIPIENTES TERMOPL STICOS DE CAPACIDADE INFERIOR OU IGUAL A 5 L, COM UMA PRODU  O INFERIOR OU IGUAL A 1.000 UNIDADES POR HORA, REFERENTE A RECIPIENTE DE 1 L
84773090;OUTRAS
847740;- M QUINAS DE MOLDAR A V CUO E OUTRAS M QUINAS DE TERMOFORMAR
84774010;DE MOLDAR A V CUO POLIESTIRENO EXPANDIDO (EPS) OU POLIPROPILENO EXPANDIDO (EPP)
84774090;OUTRAS
84775;- OUTRAS M QUINAS E APARELHOS PARA MOLDAR OU DAR FORMA:
84775100;-- PARA MOLDAR OU RECAUCHUTAR PNEUM TICOS OU PARA MOLDAR OU DAR FORMA A C MARAS DE AR
847759;-- OUTROS
8477591;PRENSAS
84775911;COM CAPACIDADE INFERIOR OU IGUAL A 30.000 KN
84775919;OUTRAS
84775990;OUTRAS
847780;- OUTRAS M QUINAS E APARELHOS
84778010;M QUINA DE UNIR L MINAS DE BORRACHA ENTRE SI OU COM TECIDOS COM BORRACHA, PARA FABRICA  O DE PNEUM TICOS
84778090;OUTRAS
84779000;- PARTES
8478;M QUINAS E APARELHOS PARA PREPARAR OU TRANSFORMAR TABACO, N O ESPECIFICADOS NEM COMPREENDIDOS NOUTRAS POSI  ES DESTE CAP TULO.
847810;- M QUINAS E APARELHOS
84781010;BATEDORAS-SEPARADORAS AUTOM TICAS DE TALOS E FOLHAS
84781090;OUTROS
84789000;- PARTES
8479;M QUINAS E APARELHOS MEC NICOS COM FUN  O PR PRIA, N O ESPECIFICADOS NEM COMPREENDIDOS NOUTRAS POSI  ES DESTE CAP TULO.
847910;- M QUINAS E APARELHOS PARA OBRAS P BLICAS, CONSTRU  O CIVIL OU TRABALHOS SEMELHANTES
84791010;AUTOMOTRIZES PARA ESPALHAR E CALCAR PISOS (PAVIMENTOS) BETUMINOSOS
84791090;OUTROS
84792000;- M QUINAS E APARELHOS PARA EXTRA  O OU PREPARA  O DE  LEOS OU GORDURAS VEGETAIS OU DE ORIGEM MICROBIANA, FIXOS, OU DE ANIMAIS
84793000;- PRENSAS PARA FABRICA  O DE PAIN IS DE PART CULAS, DE FIBRAS DE MADEIRA OU DE OUTRAS MAT RIAS LENHOSAS, E OUTRAS M QUINAS E APARELHOS PARA TRATAMENTO DE MADEIRA OU DE CORTI A
84794000;- M QUINAS PARA FABRICA  O DE CORDAS OU CABOS
84795000;- ROB S INDUSTRIAIS, N O ESPECIFICADOS NEM COMPREENDIDOS NOUTRAS POSI  ES
84796000;- APARELHOS DE EVAPORA  O PARA ARREFECIMENTO DO AR
84797;- PONTES DE EMBARQUE PARA PASSAGEIROS:
84797100;-- DO TIPO UTILIZADO EM AEROPORTOS
84797900;-- OUTRAS
84798;- OUTRAS M QUINAS E APARELHOS:
847981;-- PARA TRATAMENTO DE METAIS, INCLUINDO AS BOBINADORAS PARA ENROLAMENTOS EL TRICOS
84798110;DIFERENCIADORES DAS TENS ES DE TRA  O DE ENTRADA E SA DA DA CHAPA, EM INSTALA  ES DE GALVANOPLASTIA
84798190;OUTROS
847982;-- PARA MISTURAR, AMASSAR, ESMAGAR, MOER, SEPARAR, PENEIRAR, HOMOGENEIZAR, EMULSIONAR OU AGITAR
84798210;MISTURADORES
84798290;OUTROS
84798300;-- PRENSAS ISOST TICAS A FRIO
847989;-- OUTROS
8479891;"PRENSAS; DISTRIBUIDORES E DOSEADORES DE S LIDOS OU DE L QUIDOS"
84798911;PRENSAS
84798912;DISTRIBUIDORES E DOSEADORES DE S LIDOS OU DE L QUIDOS
8479892;"M QUINAS E APARELHOS PARA CESTARIA OU ESPARTARIA; M QUINAS E APARELHOS PARA FABRICA  O DE PINC IS, BROCHAS E ESCOVAS"
84798921;M QUINAS E APARELHOS PARA CESTARIA OU ESPARTARIA
84798922;M QUINAS E APARELHOS PARA FABRICA  O DE PINC IS, BROCHAS OU ESCOVAS
8479893;LIMPADORES DE PARA-BRISAS EL TRICOS E ACUMULADORES HIDR ULICOS, PARA AERONAVES
84798931;LIMPADORES DE PARA-BRISAS
84798932;ACUMULADORES
84798940;SILOS MET LICOS PARA CEREAIS, FIXOS (N O TRANSPORT VEIS), INCLUINDO AS BATERIAS, COM MECANISMOS ELEVADORES OU EXTRATORES INCORPORADOS
8479899;OUTROS
84798991;APARELHOS PARA LIMPAR PE AS POR ULTRASSOM
84798992;M QUINAS DE LEME PARA EMBARCA  ES
84798999;OUTROS
847990;- PARTES
84799010;DE LIMPADORES DE PARA-BRISAS EL TRICOS OU DE ACUMULADORES HIDR ULICOS PARA AERONAVES
84799090;OUTRAS
8480;"CAIXAS DE FUNDI  O; PLACAS DE FUNDO PARA MOLDES; MODELOS PARA MOLDES; MOLDES PARA METAIS (EXCETO LINGOTEIRAS), CARBONETOS MET LICOS, VIDRO, MAT RIAS MINERAIS, BORRACHA OU PL STICO."
84801000;- CAIXAS DE FUNDI  O
84802000;- PLACAS DE FUNDO PARA MOLDES
84803000;- MODELOS PARA MOLDES
84804;- MOLDES PARA METAIS OU CARBONETOS MET LICOS:
84804100;-- PARA MOLDAGEM POR INJE  O OU POR COMPRESS O
848049;-- OUTROS
84804910;COQUILHAS
84804990;OUTROS
84805000;- MOLDES PARA VIDRO
84806000;- MOLDES PARA MAT RIAS MINERAIS
84807;- MOLDES PARA BORRACHA OU PL STICO:
84807100;-- PARA MOLDAGEM POR INJE  O OU POR COMPRESS O
848079;-- OUTROS
84807910;PARA VULCANIZA  O DE PNEUM TICOS
84807990;OUTROS
8481;TORNEIRAS, V LVULAS (INCLUINDO AS REDUTORAS DE PRESS O E AS TERMOST TICAS) E DISPOSITIVOS SEMELHANTES, PARA CANALIZA  ES, CALDEIRAS, RESERVAT RIOS, CUBAS E OUTROS RECIPIENTES.
84811000;- V LVULAS REDUTORAS DE PRESS O
848120;- V LVULAS PARA TRANSMISS ES  LEO-HIDR ULICAS OU PNEUM TICAS
8481201;ROTATIVAS, DE CAIXAS DE DIRE  O HIDR ULICA
84812011;COM PINH O
84812019;OUTRAS
84812090;OUTRAS
84813000;- V LVULAS DE RETEN  O
84814000;- V LVULAS DE SEGURAN A OU DE AL VIO
848180;- OUTROS DISPOSITIVOS
8481801;DO TIPO UTILIZADO EM BANHEIROS OU COZINHAS
84818011;V LVULAS PARA ESCOAMENTO
84818019;OUTROS
8481802;DO TIPO UTILIZADO EM REFRIGERA  O
84818021;V LVULAS DE EXPANS O TERMOST TICAS OU PRESSOST TICAS
84818029;OUTROS
8481803;DO TIPO UTILIZADO EM EQUIPAMENTOS A G S
84818031;COM UMA PRESS O DE TRABALHO INFERIOR OU IGUAL A 50 MBAR E DISPOSITIVO DE SEGURAN A TERMOEL TRICO INCORPORADO, DO TIPO UTILIZADO EM APARELHOS DOM STICOS
84818039;OUTROS
8481809;OUTROS
84818091;V LVULAS TIPO AEROSSOL
84818092;V LVULAS SOLENOIDES
84818093;V LVULAS TIPO GAVETA
84818094;V LVULAS TIPO GLOBO
84818095;V LVULAS TIPO ESFERA
84818096;V LVULAS TIPO MACHO
84818097;V LVULAS TIPO BORBOLETA
84818099;OUTROS
848190;- PARTES
84819010;DE V LVULAS TIPO AEROSSOL OU DOS DISPOSITIVOS DO ITEM 8481.80.1
84819090;OUTRAS
8482;ROLAMENTOS DE ESFERAS, DE ROLETES OU DE AGULHAS.
848210;- ROLAMENTOS DE ESFERAS
84821010;DE CARGA RADIAL
84821090;OUTROS
848220;- ROLAMENTOS DE ROLETES C NICOS, INCLUINDO OS CONJUNTOS CONSTITU DOS POR CONES E ROLETES C NICOS
84822010;DE CARGA RADIAL
84822090;OUTROS
84823000;- ROLAMENTOS DE ROLETES EM FORMA DE TONEL
84824000;- ROLAMENTOS DE AGULHAS, INCLUINDO AS MONTAGENS DE GAIOLAS E AGULHAS
848250;- ROLAMENTOS DE ROLETES CIL NDRICOS, INCLUINDO AS MONTAGENS DE GAIOLAS E ROLETES
84825010;DE CARGA RADIAL
84825090;OUTROS
84828000;- OUTROS, INCLUINDO OS ROLAMENTOS COMBINADOS
84829;- PARTES:
848291;-- ESFERAS, ROLETES E AGULHAS
8482911;ESFERAS DE A O CALIBRADAS
84829111;PARA CARGA DE CANETAS ESFEROGR FICAS
84829119;OUTRAS
84829120;ROLETES CIL NDRICOS
84829130;ROLETES C NICOS
84829190;OUTROS
848299;-- OUTRAS
84829910;SELOS, CAPAS E PORTA-ESFERAS DE A O
84829990;OUTRAS
8483;"RVORES (VEIOS) DE TRANSMISS O (INCLUINDO AS  RVORES DE CAMES E VIRABREQUINS (CAMBOTAS)) E MANIVELAS; MANCAIS (CHUMACEIRAS) E ""BRONZES""; ENGRENAGENS E RODAS DE FRIC  O; EIXOS DE ESFERAS OU DE ROLETES; REDUTORES, MULTIPLICADORES, CAIXAS DE TRANSMISS O E VARIADORES DE VELOCIDADE, INCLUINDO OS CONVERSORES DE TORQUE (BIN RIOS*); VOLANTES E POLIAS, INCLUINDO AS POLIAS PARA CADERNAIS; EMBREAGENS E DISPOSITIVOS DE ACOPLAMENTO, INCLUINDO AS JUNTAS DE ARTICULA  O."
848310;-  RVORES (VEIOS) DE TRANSMISS O (INCLUINDO AS  RVORES DE CAMES E VIRABREQUINS (CAMBOTAS)) E MANIVELAS
8483101;VIRABREQUINS
84831011;FORJADOS, DE PESO IGUAL OU SUPERIOR A 900 KG E COMPRIMENTO IGUAL OU SUPERIOR A 2.000 MM
84831019;OUTROS
84831020;RVORES DE CAMES PARA COMANDO DE V LVULAS
84831030;VEIOS FLEX VEIS
84831040;MANIVELAS
84831050;RVORES DE TRANSMISS O PROVIDAS DE ACOPLAMENTOS DENTADOS COM ENTALHES DE PROTE  O CONTRA SOBRECARGA, DE COMPRIMENTO IGUAL OU SUPERIOR A 1500 MM E DI METRO DO EIXO IGUAL OU SUPERIOR A 400 MM
84831090;OUTRAS
84832000;- MANCAIS (CHUMACEIRAS) COM ROLAMENTOS INCORPORADOS
848330;"- MANCAIS (CHUMACEIRAS) SEM ROLAMENTOS; ""BRONZES"""
84833010;"MONTADOS COM ""BRONZES"" DE METAL ANTIFRIC  O"
8483302;"""BRONZES"""
84833021;DE DI METRO INTERNO IGUAL OU SUPERIOR A 200 MM
84833029;OUTROS
84833090;OUTROS
848340;"- ENGRENAGENS E RODAS DE FRIC  O, EXCETO RODAS DENTADAS SIMPLES E OUTROS ELEMENTOS DE TRANSMISS O APRESENTADOS SEPARADAMENTE; EIXOS DE ESFERAS OU DE ROLETES; REDUTORES, MULTIPLICADORES, CAIXAS DE TRANSMISS O E VARIADORES DE VELOCIDADE, INCLUINDO OS CONVERSORES DE TORQUE (BIN RIOS*)"
84834010;REDUTORES, MULTIPLICADORES, CAIXAS DE TRANSMISS O E VARIADORES DE VELOCIDADE, INCLUINDO OS CONVERSORES DE TORQUE
84834090;OUTROS
848350;- VOLANTES E POLIAS, INCLUINDO AS POLIAS PARA CADERNAIS
84835010;POLIAS, EXCETO AS DE ROLAMENTOS REGULADORAS DE TENS O
84835090;OUTROS
848360;- EMBREAGENS E DISPOSITIVOS DE ACOPLAMENTO, INCLUINDO AS JUNTAS DE ARTICULA  O
8483601;EMBREAGENS
84836011;DE FRIC  O
84836019;OUTRAS
84836090;OUTROS
84839000;"- RODAS DENTADAS E OUTROS ELEMENTOS DE TRANSMISS O APRESENTADOS SEPARADAMENTE; PARTES"
8484;"JUNTAS METALOPL STICAS; JOGOS OU SORTIDOS DE JUNTAS DE COMPOSI  ES DIFERENTES, APRESENTADOS EM BOLSAS, ENVELOPES OU EMBALAGENS SEMELHANTES; JUNTAS DE VEDA  O MEC NICAS."
84841000;- JUNTAS METALOPL STICAS
84842000;- JUNTAS DE VEDA  O MEC NICAS
84849000;- OUTROS
8485;M QUINAS PARA FABRICA  O ADITIVA.
84851000;- POR DEP SITO DE METAL
84852000;- POR DEP SITO DE PL STICO OU DE BORRACHA
84853000;- POR DEP SITO DE GESSO, CIMENTO, CER MICA OU DE VIDRO
84858000;- OUTRAS
84859000;- PARTES
8486;"M QUINAS E APARELHOS DO TIPO UTILIZADO EXCLUSIVA OU PRINCIPALMENTE NA FABRICA  O DE BOULES OU WAFERS DE MATERIAL SEMICONDUTOR, DISPOSITIVOS SEMICONDUTORES, CIRCUITOS INTEGRADOS ELETR NICOS OU DE DISPOSITIVOS DE VISUALIZA  O DE TELA (ECR *) PLANA; M QUINAS E APARELHOS ESPECIFICADOS NA NOTA 11 C) DO PRESENTE CAP TULO; PARTES E ACESS RIOS."
84861000;- M QUINAS E APARELHOS PARA FABRICA  O DE BOULES OU WAFERS
84862000;- M QUINAS E APARELHOS PARA FABRICA  O DE DISPOSITIVOS SEMICONDUTORES OU DE CIRCUITOS INTEGRADOS ELETR NICOS
84863000;- M QUINAS E APARELHOS PARA FABRICA  O DE DISPOSITIVOS DE VISUALIZA  O DE TELA (ECR *) PLANA
84864000;- M QUINAS E APARELHOS ESPECIFICADOS NA NOTA 11 C) DO PRESENTE CAP TULO
84869000;- PARTES E ACESS RIOS
8487;PARTES DE M QUINAS OU DE APARELHOS, N O ESPECIFICADAS NEM COMPREENDIDAS NOUTRAS POSI  ES DO PRESENTE CAP TULO, QUE N O CONTENHAM CONEX ES EL TRICAS, PARTES ISOLADAS ELETRICAMENTE, BOBINAS, CONTATOS NEM QUAISQUER OUTROS ELEMENTOS COM CARACTER STICAS EL TRICAS.
84871000;- H LICES PARA EMBARCA  ES E SUAS P S
84879000;- OUTRAS
85;"M QUINAS, APARELHOS E MATERIAIS EL TRICOS, E SUAS PARTES; APARELHOS DE GRAVA  O OU DE REPRODU  O DE SOM, APARELHOS DE GRAVA  O OU DE REPRODU  O DE IMAGENS E DE SOM EM TELEVIS O, E SUAS PARTES E ACESS RIOS."
8501;MOTORES E GERADORES, EL TRICOS, EXCETO OS GRUPOS ELETROG NEOS.
850110;- MOTORES DE POT NCIA N O SUPERIOR A 37,5 W
8501101;DE CORRENTE CONT NUA
85011011;DE PASSO N O SUPERIOR A 1,8
85011019;OUTROS
8501102;DE CORRENTE ALTERNADA
85011021;S NCRONOS
85011029;OUTROS
85011030;UNIVERSAIS
85012000;- MOTORES UNIVERSAIS DE POT NCIA SUPERIOR A 37,5 W
85013;"- OUTROS MOTORES DE CORRENTE CONT NUA; GERADORES DE CORRENTE CONT NUA, EXCETO OS GERADORES FOTOVOLTAICOS:"
850131;-- DE POT NCIA N O SUPERIOR A 750 W
85013110;MOTORES
85013120;GERADORES
850132;-- DE POT NCIA SUPERIOR A 750 W, MAS N O SUPERIOR A 75 KW
85013210;MOTORES
85013220;GERADORES
850133;-- DE POT NCIA SUPERIOR A 75 KW, MAS N O SUPERIOR A 375 KW
85013310;MOTORES
85013320;GERADORES
850134;-- DE POT NCIA SUPERIOR A 375 KW
8501341;MOTORES
85013411;DE POT NCIA N O SUPERIOR A 3.000 KW
85013419;OUTROS
85013420;GERADORES
850140;- OUTROS MOTORES DE CORRENTE ALTERNADA, MONOF SICOS
8501401;DE POT NCIA N O SUPERIOR A 15 KW
85014011;S NCRONOS
85014019;OUTROS
8501402;DE POT NCIA SUPERIOR A 15 KW
85014021;S NCRONOS
85014029;OUTROS
85015;- OUTROS MOTORES DE CORRENTE ALTERNADA, POLIF SICOS:
850151;-- DE POT NCIA N O SUPERIOR A 750 W
85015110;TRIF SICOS, COM ROTOR DE GAIOLA
85015120;TRIF SICOS, COM ROTOR DE AN IS
85015190;OUTROS
850152;-- DE POT NCIA SUPERIOR A 750 W, MAS N O SUPERIOR A 75 KW
85015210;TRIF SICOS, COM ROTOR DE GAIOLA
85015220;TRIF SICOS, COM ROTOR DE AN IS
85015290;OUTROS
850153;-- DE POT NCIA SUPERIOR A 75 KW
85015310;TRIF SICOS, DE POT NCIA N O SUPERIOR A 7.500 KW
85015320;TRIF SICOS, DE POT NCIA SUPERIOR A 7.500 KW, MAS N O SUPERIOR A 30.000 KW
85015330;TRIF SICOS, DE POT NCIA SUPERIOR A 30.000 KW, MAS N O SUPERIOR A 50.000 KW
85015390;OUTROS
85016;- GERADORES DE CORRENTE ALTERNADA (ALTERNADORES), EXCETO OS GERADORES FOTOVOLTAICOS:
85016100;-- DE POT NCIA N O SUPERIOR A 75 KVA
85016200;-- DE POT NCIA SUPERIOR A 75 KVA, MAS N O SUPERIOR A 375 KVA
85016300;-- DE POT NCIA SUPERIOR A 375 KVA, MAS N O SUPERIOR A 750 KVA
85016400;-- DE POT NCIA SUPERIOR A 750 KVA
85017;- GERADORES FOTOVOLTAICOS DE CORRENTE CONT NUA:
85017100;-- DE POT NCIA N O SUPERIOR A 50 W
850172;-- DE POT NCIA SUPERIOR A 50 W
85017210;DE POT NCIA N O SUPERIOR A 75 KW
85017290;OUTROS
85018000;- GERADORES FOTOVOLTAICOS DE CORRENTE ALTERNADA
8502;GRUPOS ELETROG NEOS E CONVERSORES ROTATIVOS EL TRICOS.
85021;- GRUPOS ELETROG NEOS DE MOTOR DE PIST O, DE IGNI  O POR COMPRESS O (MOTORES DIESEL OU SEMIDIESEL):
850211;-- DE POT NCIA N O SUPERIOR A 75 KVA
85021110;DE CORRENTE ALTERNADA
85021190;OUTROS
850212;-- DE POT NCIA SUPERIOR A 75 KVA, MAS N O SUPERIOR A 375 KVA
85021210;DE CORRENTE ALTERNADA
85021290;OUTROS
850213;-- DE POT NCIA SUPERIOR A 375 KVA
8502131;DE CORRENTE ALTERNADA
85021311;DE POT NCIA N O SUPERIOR A 430 KVA
85021319;OUTROS
85021390;OUTROS
850220;- GRUPOS ELETROG NEOS DE MOTOR DE PIST O, DE IGNI  O POR CENTELHA (FA SCA) (MOTOR DE EXPLOS O)
8502201;DE CORRENTE ALTERNADA
85022011;DE POT NCIA N O SUPERIOR A 210 KVA
85022019;OUTROS
85022090;OUTROS
85023;- OUTROS GRUPOS ELETROG NEOS:
85023100;-- DE ENERGIA E LICA
85023900;-- OUTROS
850240;- CONVERSORES ROTATIVOS EL TRICOS
85024010;DE FREQU NCIA
85024090;OUTROS
850300;PARTES RECONHEC VEIS COMO EXCLUSIVA OU PRINCIPALMENTE DESTINADAS  S M QUINAS DAS POSI  ES 85.01 OU 85.02.
85030010;DE MOTORES OU GERADORES DAS SUBPOSI  ES 8501.10, 8501.20, 8501.31, 8501.32 OU DO ITEM 8501.40.1
85030090;OUTRAS
8504;TRANSFORMADORES EL TRICOS, CONVERSORES EL TRICOS EST TICOS (RETIFICADORES, POR EXEMPLO), BOBINAS DE REAT NCIA E DE AUTOINDU  O.
85041000;- REATORES (BALASTROS*) PARA L MPADAS OU TUBOS DE DESCARGA
85042;- TRANSFORMADORES DE DIEL TRICO L QUIDO:
85042100;-- DE POT NCIA N O SUPERIOR A 650 KVA
85042200;-- DE POT NCIA SUPERIOR A 650 KVA, MAS N O SUPERIOR A 10.000 KVA
85042300;-- DE POT NCIA SUPERIOR A 10.000 KVA
85043;- OUTROS TRANSFORMADORES:
850431;-- DE POT NCIA N O SUPERIOR A 1 KVA
8504311;PARA FREQU NCIAS INFERIORES OU IGUAIS A 60 HZ
85043111;TRANSFORMADORES DE CORRENTE
85043119;OUTROS
8504319;OUTROS
85043191;TRANSFORMADOR DE SA DA HORIZONTAL (FLY BACK), COM TENS O DE SA DA SUPERIOR A 18 KV E FREQU NCIA DE VARREDURA HORIZONTAL IGUAL OU SUPERIOR A 32 KHZ
85043192;TRANSFORMADORES DE FI, DE DETEC  O, DE RELA  O, DE LINEARIDADE OU DE FOCO
85043193;OUTROS, DE LARGURA E COMPRIMENTO N O SUPERIOR A 50 MM E ALTURA N O SUPERIOR A 25 MM, PR PRIOS PARA MONTAGEM POR INSER  O (PTH - PIN THROUGH HOLE) OU MONTAGEM EM SUPERF CIE (SMD - SURFACE MOUNTED DEVICE)
85043199;OUTROS
850432;-- DE POT NCIA SUPERIOR A 1 KVA, MAS N O SUPERIOR A 16 KVA
8504321;DE POT NCIA N O SUPERIOR A 3 KVA
85043211;PARA FREQU NCIAS INFERIORES OU IGUAIS A 60 HZ
85043219;OUTROS
8504322;DE POT NCIA SUPERIOR A 3 KVA
85043221;PARA FREQU NCIAS INFERIORES OU IGUAIS A 60 HZ
85043229;OUTROS
85043300;-- DE POT NCIA SUPERIOR A 16 KVA, MAS N O SUPERIOR A 500 KVA
85043400;-- DE POT NCIA SUPERIOR A 500 KVA
850440;- CONVERSORES EST TICOS
85044010;CARREGADORES DE ACUMULADORES
8504402;RETIFICADORES, EXCETO CARREGADORES DE ACUMULADORES
85044021;DE CRISTAL (SEMICONDUTORES)
85044022;ELETROL TICOS
85044029;OUTROS
85044030;CONVERSORES DE CORRENTE CONT NUA
85044040;EQUIPAMENTO DE ALIMENTA  O ININTERRUPTA DE ENERGIA (UPS OU NO BREAK)
85044050;CONVERSORES ELETR NICOS DE FREQU NCIA, PARA VARIA  O DE VELOCIDADE DE MOTORES EL TRICOS
85044060;APARELHOS ELETR NICOS DE ALIMENTA  O DE ENERGIA DO TIPO UTILIZADO PARA ILUMINA  O DE EMERG NCIA
85044090;OUTROS
850450;- OUTRAS BOBINAS DE REAT NCIA E DE AUTOINDU  O
85045010;DE LARGURA E COMPRIMENTO N O SUPERIOR A 45 MM E ALTURA N O SUPERIOR A 30 MM, PR PRIAS PARA MONTAGEM POR INSER  O (PTH - PIN THROUGH HOLE) OU MONTAGEM EM SUPERF CIE (SMD - SURFACE MOUNTED DEVICE)
85045090;OUTRAS
850490;- PARTES
85049010;N CLEOS DE P  FERROMAGN TICO
85049020;DE REATORES PARA L MPADAS OU TUBOS DE DESCARGA
85049030;DE TRANSFORMADORES DAS SUBPOSI  ES 8504.21, 8504.22, 8504.23, 8504.33 OU 8504.34
85049040;DE CONVERSORES EST TICOS, EXCETO DE CARREGADORES DE ACUMULADORES E DE RETIFICADORES
85049090;OUTRAS
8505;"ELETRO M S;  M S PERMANENTES E ARTIGOS DESTINADOS A TORNAREM-SE  M S PERMANENTES AP S MAGNETIZA  O; PLACAS, MANDRIS E DISPOSITIVOS SEMELHANTES, MAGN TICOS OU ELETROMAGN TICOS, DE FIXA  O; ACOPLAMENTOS, EMBREAGENS, VARIADORES DE VELOCIDADE E FREIOS (TRAV ES), ELETROMAGN TICOS; CABE AS DE ELEVA  O ELETROMAGN TICAS."
85051;-  M S PERMANENTES E ARTIGOS DESTINADOS A TORNAREM-SE  M S PERMANENTES AP S MAGNETIZA  O:
85051100;-- DE METAL
850519;-- OUTROS
85051910;DE FERRITA (CER MICOS)
85051990;OUTROS
850520;- ACOPLAMENTOS, EMBREAGENS, VARIADORES DE VELOCIDADE E FREIOS (TRAV ES), ELETROMAGN TICOS
85052010;FREIOS (TRAV ES) QUE ATUAM POR CORRENTE DE FOUCAULT, DO TIPO UTILIZADO NOS VE CULOS DAS POSI  ES 87.01 A 87.05
85052090;OUTROS
850590;- OUTROS, INCLUINDO AS PARTES
8505901;ELETRO M S
85059011;DO TIPO UTILIZADO EM APARELHOS DE DIAGN STICO DE IMAGEM POR RESSON NCIA MAGN TICA
85059019;OUTROS
85059080;OUTROS
85059090;PARTES
8506;PILHAS E BATERIAS DE PILHAS, EL TRICAS.
850610;- DE DI XIDO DE MANGAN S
8506101;PILHAS ALCALINAS
85061011;DE TENS O IGUAL A 1,5 V, CIL NDRICAS, DO TIPO LR14 (C)
85061012;DE TENS O IGUAL A 1,5 V, CIL NDRICAS, DO TIPO LR20 (D)
85061019;OUTRAS
85061020;OUTRAS PILHAS
8506103;BATERIAS DE PILHAS
85061031;ALCALINAS, DE TENS O IGUAL A 9 V
85061032;ALCALINAS, DE TENS O IGUAL A 12 V
85061039;OUTRAS
850630;- DE  XIDO DE MERC RIO
85063010;COM VOLUME EXTERIOR N O SUPERIOR A 300 CM3
85063090;OUTRAS
850640;- DE  XIDO DE PRATA
85064010;COM VOLUME EXTERIOR N O SUPERIOR A 300 CM3
85064090;OUTRAS
850650;- DE L TIO
85065010;COM VOLUME EXTERIOR N O SUPERIOR A 300 CM3
85065090;OUTRAS
850660;- DE AR-ZINCO
85066010;COM VOLUME EXTERIOR N O SUPERIOR A 300 CM3
85066090;OUTRAS
850680;- OUTRAS PILHAS E BATERIAS DE PILHAS
85068010;COM VOLUME EXTERIOR N O SUPERIOR A 300 CM3
85068090;OUTRAS
85069000;- PARTES
8507;ACUMULADORES EL TRICOS E SEUS SEPARADORES, MESMO DE FORMA QUADRADA OU RETANGULAR.
850710;- DE CHUMBO, DO TIPO UTILIZADO PARA O ARRANQUE DOS MOTORES DE PIST O
85071010;DE CAPACIDADE INFERIOR OU IGUAL A 20 AH E TENS O INFERIOR OU IGUAL A 12 V
85071090;OUTROS
850720;- OUTROS ACUMULADORES DE CHUMBO
85072010;DE PESO INFERIOR OU IGUAL A 1.000 KG
85072090;OUTROS
850730;- DE N QUEL-C DMIO
8507301;DE PESO INFERIOR OU IGUAL A 2.500 KG
85073011;DE CAPACIDADE INFERIOR OU IGUAL A 15 AH
85073019;OUTROS
85073090;OUTROS
850750;- DE N QUEL-HIDRETO MET LICO
85075010;DE TENS O IGUAL A 1,2 V, CIL NDRICOS DO TIPO HR6 (AA)
85075020;DE TENS O IGUAL A 1,2 V, CIL NDRICOS DO TIPO HR03 (AAA)
85075090;OUTROS
85076000;- DE  ON DE L TIO
85078000;- OUTROS ACUMULADORES
850790;- PARTES
85079010;SEPARADORES
85079020;RECIPIENTES DE PL STICO, SUAS TAMPAS E TAMP ES
85079090;OUTRAS
8508;ASPIRADORES.
85081;- COM MOTOR EL TRICO INCORPORADO:
85081100;-- DE POT NCIA N O SUPERIOR A 1.500 W E CUJO VOLUME DO RESERVAT RIO N O EXCEDA 20 L
85081900;-- OUTROS
85086000;- OUTROS ASPIRADORES
85087000;- PARTES
8509;APARELHOS ELETROMEC NICOS COM MOTOR EL TRICO INCORPORADO, DE USO DOM STICO, EXCETO OS ASPIRADORES DA POSI  O 85.08.
850940;"- TRITURADORES (MOEDORES) E MISTURADORES DE ALIMENTOS; ESPREMEDORES DE FRUTA OU DE PRODUTOS HORT COLAS"
85094010;LIQUIDIFICADORES
85094020;BATEDEIRAS
85094030;MOEDORES DE CARNE
85094040;EXTRATORES CENTR FUGOS DE SUCOS
85094050;APARELHOS DE FUN  ES M LTIPLAS, PROVIDOS DE ACESS RIOS INTERCAMBI VEIS, PARA PROCESSAR ALIMENTOS
85094090;OUTROS
850980;- OUTROS APARELHOS
85098010;ENCERADEIRAS DE PISOS
85098090;OUTROS
85099000;- PARTES
8510;APARELHOS OU M QUINAS DE BARBEAR, M QUINAS DE CORTAR O CABELO OU DE TOSQUIAR E APARELHOS DE DEPILAR, COM MOTOR EL TRICO INCORPORADO.
85101000;- APARELHOS OU M QUINAS DE BARBEAR
85102000;- M QUINAS DE CORTAR O CABELO OU DE TOSQUIAR
85103000;- APARELHOS DE DEPILAR
851090;- PARTES
8510901;DE APARELHOS OU M QUINAS DE BARBEAR
85109011;L MINAS
85109019;OUTRAS
85109020;PENTES E CONTRAPENTES PARA M QUINAS DE TOSQUIAR
85109090;OUTRAS
8511;"APARELHOS E DISPOSITIVOS EL TRICOS DE IGNI  O OU DE ARRANQUE PARA MOTORES DE IGNI  O POR CENTELHA (FA SCA) OU POR COMPRESS O (POR EXEMPLO, MAGNETOS, D NAMOS-MAGNETOS, BOBINAS DE IGNI  O, VELAS DE IGNI  O OU DE AQUECIMENTO, MOTORES DE ARRANQUE); GERADORES (POR EXEMPLO, D NAMOS E ALTERNADORES) E CONJUNTORES-DISJUNTORES UTILIZADOS COM ESTES MOTORES."
85111000;- VELAS DE IGNI  O
851120;"- MAGNETOS; D NAMOS-MAGNETOS; VOLANTES MAGN TICOS"
85112010;MAGNETOS
85112090;OUTROS
851130;"- DISTRIBUIDORES; BOBINAS DE IGNI  O"
85113010;DISTRIBUIDORES
85113020;BOBINAS DE IGNI  O
85114000;- MOTORES DE ARRANQUE, MESMO FUNCIONANDO COMO GERADORES
851150;- OUTROS GERADORES
85115010;D NAMOS E ALTERNADORES
85115090;OUTROS
851180;- OUTROS APARELHOS E DISPOSITIVOS
85118010;VELAS DE AQUECIMENTO
85118020;REGULADORES DE VOLTAGEM (CONJUNTORES-DISJUNTORES)
85118030;IGNI  O ELETR NICA DIGITAL
85118090;OUTROS
85119000;- PARTES
8512;APARELHOS EL TRICOS DE ILUMINA  O OU DE SINALIZA  O (EXCETO OS DA POSI  O 85.39), LIMPADORES DE PARA-BRISAS, DEGELADORES E DESEMBA ADORES EL TRICOS, DO TIPO UTILIZADO EM CICLOS OU AUTOM VEIS.
85121000;- APARELHOS DE ILUMINA  O OU DE SINALIZA  O VISUAL DO TIPO UTILIZADO EM BICICLETAS
851220;- OUTROS APARELHOS DE ILUMINA  O OU DE SINALIZA  O VISUAL
8512201;APARELHOS DE ILUMINA  O
85122011;FAR IS
85122019;OUTROS
8512202;APARELHOS DE SINALIZA  O VISUAL
85122021;LUZES FIXAS
85122022;LUZES INDICADORAS DE MANOBRAS
85122023;CAIXAS DE LUZES COMBINADAS
85122029;OUTROS
85123000;- APARELHOS DE SINALIZA  O AC STICA
851240;- LIMPADORES DE PARA-BRISAS, DEGELADORES E DESEMBA ADORES
85124010;LIMPADORES DE PARA-BRISAS
85124020;DEGELADORES E DESEMBA ADORES
85129000;- PARTES
8513;LANTERNAS EL TRICAS PORT TEIS CONCEBIDAS PARA FUNCIONAR POR MEIO DE SUA PR PRIA FONTE DE ENERGIA (POR EXEMPLO, DE PILHAS, DE ACUMULADORES, DE MAGNETOS), EXCLUINDO OS APARELHOS DE ILUMINA  O DA POSI  O 85.12.
851310;- LANTERNAS
85131010;MANUAIS
85131090;OUTRAS
85139000;- PARTES
8514;"FORNOS EL TRICOS INDUSTRIAIS OU DE LABORAT RIO, INCLUINDO OS QUE FUNCIONAM POR INDU  O OU POR PERDAS DIEL TRICAS; OUTROS APARELHOS INDUSTRIAIS OU DE LABORAT RIO PARA TRATAMENTO T RMICO DE MAT RIAS POR INDU  O OU POR PERDAS DIEL TRICAS."
85141;- FORNOS DE RESIST NCIA (DE AQUECIMENTO INDIRETO):
85141100;-- PRENSAS ISOST TICAS A QUENTE
85141900;-- OUTROS
851420;- FORNOS QUE FUNCIONAM POR INDU  O OU POR PERDAS DIEL TRICAS
8514201;POR INDU  O
85142011;INDUSTRIAIS
85142019;OUTROS
85142020;POR PERDAS DIEL TRICAS
85143;- OUTROS FORNOS:
85143100;-- FORNOS DE FEIXE DE EL TRONS
85143200;-- FORNOS DE PLASMA E FORNOS DE ARCO A V CUO
85143900;-- OUTROS
85144000;- OUTROS APARELHOS PARA TRATAMENTO T RMICO DE MAT RIAS POR INDU  O OU POR PERDAS DIEL TRICAS
85149000;- PARTES
8515;"M QUINAS E APARELHOS PARA SOLDAR (MESMO DE CORTE) EL TRICOS (INCLUINDO OS A G S AQUECIDO ELETRICAMENTE), A LASER OU OUTROS FEIXES DE LUZ OU DE F TONS, A ULTRASSOM, A FEIXES DE EL TRONS, A IMPULSOS MAGN TICOS OU A JATO DE PLASMA; M QUINAS E APARELHOS EL TRICOS PARA PROJE  O A QUENTE DE METAIS OU DE CERMETS."
85151;- M QUINAS E APARELHOS PARA SOLDADURA FORTE OU FRACA:
85151100;-- FERROS E PISTOLAS
85151900;-- OUTROS
85152;- M QUINAS E APARELHOS PARA SOLDAR METAIS POR RESIST NCIA:
85152100;-- INTEIRA OU PARCIALMENTE AUTOM TICOS
85152900;-- OUTROS
85153;- M QUINAS E APARELHOS PARA SOLDAR METAIS POR ARCO OU JATO DE PLASMA:
851531;-- INTEIRA OU PARCIALMENTE AUTOM TICOS
85153110;ROB S PARA SOLDAR, POR ARCO, EM ATMOSFERA INERTE (MIG - METAL INERT GAS) OU ATMOSFERA ATIVA (MAG - METAL ACTIVE GAS), DE COMANDO NUM RICO
85153190;OUTROS
85153900;-- OUTROS
851580;- OUTRAS M QUINAS E APARELHOS
85158010;PARA SOLDAR A LASER
85158090;OUTROS
85159000;- PARTES
8516;"AQUECEDORES EL TRICOS DE  GUA, INCLUINDO OS DE IMERS O; APARELHOS EL TRICOS PARA AQUECIMENTO DE AMBIENTES, DO SOLO OU PARA USOS SEMELHANTES; APARELHOS ELETROT RMICOS PARA ARRANJOS DO CABELO (POR EXEMPLO, SECADORES DE CABELO, FRISADORES, AQUECEDORES DE FERROS DE FRISAR) OU PARA SECAR AS M OS; FERROS EL TRICOS DE PASSAR; OUTROS APARELHOS ELETROT RMICOS DE USO DOM STICO; RESIST NCIAS DE AQUECIMENTO, EXCETO AS DA POSI  O 85.45."
85161000;- AQUECEDORES EL TRICOS DE  GUA, INCLUINDO OS DE IMERS O
85162;- APARELHOS EL TRICOS PARA AQUECIMENTO DE AMBIENTES, DO SOLO OU PARA USOS SEMELHANTES:
85162100;-- RADIADORES DE ACUMULA  O
85162900;-- OUTROS
85163;- APARELHOS ELETROT RMICOS PARA ARRANJOS DO CABELO OU PARA SECAR AS M OS:
85163100;-- SECADORES DE CABELO
85163200;-- OUTROS APARELHOS PARA ARRANJOS DO CABELO
85163300;-- APARELHOS PARA SECAR AS M OS
85164000;- FERROS EL TRICOS DE PASSAR
85165000;- FORNOS DE MICRO-ONDAS
85166000;"- OUTROS FORNOS; FOG ES DE COZINHA, FOGAREIROS (INCLUINDO AS CHAPAS DE COC  O), GRELHAS E ASSADEIRAS"
85167;- OUTROS APARELHOS ELETROT RMICOS:
85167100;-- APARELHOS PARA PREPARA  O DE CAF  OU DE CH
85167200;-- TORRADEIRAS DE P O
851679;-- OUTROS
85167910;PANELAS
85167920;FRITADORAS
85167990;OUTROS
851680;- RESIST NCIAS DE AQUECIMENTO
85168010;PARA APARELHOS DA PRESENTE POSI  O
85168090;OUTRAS
85169000;- PARTES
8517;"APARELHOS TELEF NICOS, INCLUINDO OS TELEFONES INTELIGENTES (SMARTPHONES) E OUTROS TELEFONES PARA REDES CELULARES OU PARA OUTRAS REDES SEM FIO; OUTROS APARELHOS PARA A TRANSMISS O OU RECEP  O DE VOZ, IMAGENS OU OUTROS DADOS, INCLUINDO OS APARELHOS PARA COMUNICA  O EM REDES POR FIO OU REDES SEM FIO (TAL COMO UMA REDE LOCAL (LAN) OU UMA REDE DE  REA ESTENDIDA (LONGA DIST NCIA) (WAN)), EXCETO OS APARELHOS DAS POSI  ES 84.43, 85.25, 85.27 OU 85.28."
85171;- APARELHOS TELEF NICOS, INCLUINDO OS TELEFONES INTELIGENTES (SMARTPHONES) E OUTROS TELEFONES PARA REDES CELULARES OU PARA OUTRAS REDES SEM FIO:
85171100;-- APARELHOS TELEF NICOS POR FIO COM UNIDADE AUSCULTADOR-MICROFONE SEM FIO
85171300;-- TELEFONES INTELIGENTES (SMARTPHONES)
851714;-- OUTROS TELEFONES PARA REDES CELULARES OU PARA OUTRAS REDES SEM FIO
85171410;DE RADIOTELEFONIA, ANAL GICOS
8517143;DE REDES CELULARES, EXCETO POR SAT LITE
85171431;PORT TEIS
85171432;FIXOS, SEM FONTE PR PRIA DE ENERGIA
85171439;OUTROS
8517144;DE TELECOMUNICA  ES POR SAT LITE
85171441;DIGITAIS, OPERANDO EM BANDA C, KU, L OU S
85171449;OUTROS
85171490;OUTROS
851718;-- OUTROS
85171830;N O COMBINADOS COM OUTROS APARELHOS
85171890;OUTROS
85176;- OUTROS APARELHOS PARA A TRANSMISS O OU RECEP  O DE VOZ, IMAGENS OU OUTROS DADOS, INCLUINDO OS APARELHOS PARA COMUNICA  O EM REDES POR FIO OU REDES SEM FIO (TAL COMO UMA REDE LOCAL (LAN) OU UMA REDE DE  REA ESTENDIDA (LONGA DIST NCIA) (WAN)):
851761;-- ESTA  ES-BASE
85176130;DE TELEFONIA CELULAR
8517614;DE TELECOMUNICA  O POR SAT LITE
85176141;PRINCIPAL TERRENA FIXA, SEM CONJUNTO ANTENA-REFLETOR
85176142;VSAT (VERY SMALL APERTURE TERMINAL), SEM CONJUNTO ANTENA-REFLETOR
85176143;DIGITAIS, OPERANDO EM BANDA C, KU, L OU S
85176149;OUTRAS
8517619;OUTRAS
85176191;DIGITAIS, DE FREQU NCIA IGUAL OU SUPERIOR A 15 GHZ E INFERIOR OU IGUAL A 23 GHZ E TAXA DE TRANSMISS O INFERIOR OU IGUAL A 8 MBIT/S
85176192;DIGITAIS, DE FREQU NCIA SUPERIOR A 23 GHZ
85176199;OUTRAS
851762;-- APARELHOS PARA RECEP  O, CONVERS O, TRANSMISS O OU REGENERA  O DE VOZ, IMAGENS OU OUTROS DADOS, INCLUINDO OS APARELHOS DE COMUTA  O E ROTEAMENTO
8517621;CONCENTRADORES DE LINHAS DE ASSINANTES (TERMINAIS DE CENTRAL OU TERMINAL REMOTO) E MULTIPLEXADORES
85176214;CONCENTRADORES DE LINHAS DE ASSINANTES (TERMINAIS DE CENTRAL OU TERMINAL REMOTO)
85176215;MULTIPLEXADORES
8517622;APARELHOS PARA COMUTA  O DE LINHAS TELEF NICAS
85176221;CENTRAIS AUTOM TICAS P BLICAS, INCLUINDO AS DE TR NSITO
85176229;OUTROS
8517623;OUTROS APARELHOS PARA COMUTA  O
85176234;APARELHOS PARA COMUTA  O DE PACOTES DE DADOS (SWITCHES)
85176239;OUTROS
8517624;ROTEADORES DIGITAIS, EM REDES MESMO COM FIO
85176241;COM CAPACIDADE DE CONEX O SEM FIO
85176249;OUTROS
8517625;OUTROS APARELHOS PARA RECEP  O, TRANSMISS O OU REGENERA  O DE VOZ, IMAGENS OU OUTROS DADOS EM REDE COM FIO
85176251;TERMINAIS OU REPETIDORES SOBRE LINHAS MET LICAS
85176252;TERMINAIS OU REPETIDORES SOBRE LINHAS DE FIBRAS  PTICAS, COM VELOCIDADE DE TRANSMISS O SUPERIOR A 2,5 GBIT/S
85176253;TERMINAIS DE TEXTO QUE OPEREM COM C DIGO DE TRANSMISS O BAUDOT, PROVIDOS DE TECLADO ALFANUM RICO E VISOR, MESMO COM TELEFONE INCORPORADO
85176254;DISTRIBUIDORES DE CONEX ES PARA REDES (HUBS)
85176255;MODULADORES-DEMODULADORES (MODEMS)
85176256;INTERFONES
85176259;OUTROS
8517626;APARELHOS EMISSORES COM RECEPTOR INCORPORADO DE TECNOLOGIA CELULAR OU POR SAT LITE
85176262;DE TECNOLOGIA CELULAR
85176264;POR SAT LITE, DIGITAIS, OPERANDO EM BANDA C, KU, L OU S
85176265;OUTROS, POR SAT LITE
8517627;OUTROS APARELHOS EMISSORES COM RECEPTOR INCORPORADO, DIGITAIS
85176272;DE FREQU NCIA INFERIOR A 15 GHZ E DE TAXA DE TRANSMISS O INFERIOR OU IGUAL A 34 MBIT/S, EXCETO OS INTERFONES
85176273;INTERFONES
85176277;OUTROS, DE FREQU NCIA INFERIOR A 15 GHZ
85176278;DE FREQU NCIA IGUAL OU SUPERIOR A 15 GHZ, MAS INFERIOR OU IGUAL A 23 GHZ E TAXA DE TRANSMISS O INFERIOR OU IGUAL A 8 MBIT/S
85176279;OUTROS
8517629;OUTROS
85176291;APARELHOS TRANSMISSORES (EMISSORES)
85176294;TRADUTORES (CONVERSORES) DE PROTOCOLOS PARA INTERCONEX O DE REDES (GATEWAYS)
85176296;OUTROS, ANAL GICOS
85176299;OUTROS
85176900;-- OUTROS
85177;- PARTES:
851771;"-- ANTENAS E REFLETORES DE ANTENAS DE QUALQUER TIPO; PARTES RECONHEC VEIS COMO DE UTILIZA  O CONJUNTA COM ESSES ARTIGOS"
85177110;ANTENAS PR PRIAS PARA TELEFONES CELULARES PORT TEIS
85177120;ANTENAS PR PRIAS PARA ESTA  ES-BASE DE TELEFONIA CELULAR
85177190;OUTRAS
85177900;-- OUTRAS
8518;"MICROFONES E SEUS SUPORTES; ALTO-FALANTES (ALTIFALANTES), MESMO MONTADOS NAS SUAS CAIXAS (COLUNAS); FONES DE OUVIDO (AUSCULTADORES E AURICULARES*), MESMO COMBINADOS COM UM MICROFONE, E CONJUNTOS OU SORTIDOS CONSTITU DOS POR UM MICROFONE E UM OU MAIS ALTO-FALANTES (ALTIFALANTES); AMPLIFICADORES EL TRICOS DE AUDIOFREQU NCIA; APARELHOS EL TRICOS DE AMPLIFICA  O DE SOM."
851810;- MICROFONES E SEUS SUPORTES
85181010;PIEZEL TRICOS PR PRIOS PARA APARELHOS TELEF NICOS
85181090;OUTROS
85182;- ALTO-FALANTES (ALTIFALANTES), MESMO MONTADOS NAS SUAS CAIXAS (COLUNAS):
85182100;-- ALTO-FALANTE (ALTIFALANTE)  NICO MONTADO NA SUA CAIXA (COLUNA)
85182200;-- ALTO-FALANTES (ALTIFALANTES) M LTIPLOS MONTADOS NA MESMA CAIXA (COLUNA)
851829;-- OUTROS
85182910;PIEZEL TRICOS PR PRIOS PARA APARELHOS TELEF NICOS
85182990;OUTROS
85183000;- FONES DE OUVIDO (AUSCULTADORES E AURICULARES*), MESMO COMBINADOS COM UM MICROFONE, E CONJUNTOS OU SORTIDOS CONSTITU DOS POR UM MICROFONE E UM OU MAIS ALTO-FALANTES (ALTIFALANTES)
85184000;- AMPLIFICADORES EL TRICOS DE AUDIOFREQU NCIA
85185000;- APARELHOS EL TRICOS DE AMPLIFICA  O DE SOM
851890;- PARTES
85189010;DE ALTO-FALANTES (ALTIFALANTES)
85189090;OUTRAS
8519;"APARELHOS DE GRAVA  O DE SOM; APARELHOS DE REPRODU  O DE SOM; APARELHOS DE GRAVA  O E DE REPRODU  O DE SOM."
85192000;- APARELHOS QUE FUNCIONEM POR INTRODU  O DE MOEDAS, NOTAS (PAP IS-MOEDA), CART ES DE BANCO, FICHAS OU POR OUTROS MEIOS DE PAGAMENTO
85193000;- PRATOS DE TOCA-DISCOS (GIRA-DISCOS*)
85198;- OUTROS APARELHOS:
851981;-- QUE UTILIZEM UM SUPORTE MAGN TICO,  PTICO OU DE SEMICONDUTOR
85198110;COM SISTEMA DE LEITURA  PTICA POR LASER (LEITORES DE DISCOS COMPACTOS)
85198120;GRAVADORES DE SOM DE CABINAS DE AERONAVES
85198190;OUTROS
85198900;-- OUTROS
8521;APARELHOS DE GRAVA  O OU DE REPRODU  O DE V DEO, MESMO INCORPORANDO UM RECEPTOR DE TELEVIS O.
852110;- DE FITA MAGN TICA
85211010;GRAVADOR-REPRODUTOR, SEM SINTONIZADOR
8521108;OUTROS, PARA FITAS DE LARGURA INFERIOR A 19,05 MM (3/4'')
85211081;EM CASSETE, DE LARGURA DE FITA IGUAL A 12,65 MM (1/2'')
85211089;OUTROS
85211090;OUTROS, PARA FITAS DE LARGURA IGUAL OU SUPERIOR A 19,05 MM (3/4'')
85219000;- OUTROS
8522;PARTES E ACESS RIOS RECONHEC VEIS COMO SENDO EXCLUSIVA OU PRINCIPALMENTE DESTINADOS AOS APARELHOS DAS POSI  ES 85.19 OU 85.21.
85221000;- FONOCAPTORES
85229000;- OUTROS
8523;"DISCOS, FITAS, DISPOSITIVOS DE ARMAZENAMENTO DE DADOS N O VOL TEIS   BASE DE SEMICONDUTORES, ""CART ES INTELIGENTES"" E OUTROS SUPORTES PARA GRAVA  O DE SOM OU PARA GRAVA  ES SEMELHANTES, MESMO GRAVADOS, INCLUINDO AS MATRIZES E MOLDES GALV NICOS PARA FABRICA  O DE DISCOS, EXCETO OS PRODUTOS DO CAP TULO 37."
85232;- SUPORTES MAGN TICOS:
852321;-- CART ES COM TARJA (BANDA) MAGN TICA
85232110;N O GRAVADOS
85232120;GRAVADOS
852329;-- OUTROS
8523291;DISCOS MAGN TICOS
85232911;DO TIPO UTILIZADO EM UNIDADES DE DISCOS R GIDOS
85232919;OUTROS
85232990;OUTROS
85234;- SUPORTES  PTICOS:
852341;-- N O GRAVADOS
85234110;DISCOS PARA SISTEMA DE LEITURA POR RAIOS LASER COM POSSIBILIDADE DE SEREM GRAVADOS UMA  NICA VEZ
85234190;OUTROS
852349;-- OUTROS
85234910;PARA REPRODU  O APENAS DO SOM
85234920;PARA REPRODU  O DE FEN MENOS DIFERENTES DO SOM OU DA IMAGEM
85234990;OUTROS
85235;- SUPORTES DE SEMICONDUTOR:
852351;-- DISPOSITIVOS DE ARMAZENAMENTO DE DADOS N O VOL TEIS   BASE DE SEMICONDUTORES
85235110;CART ES DE MEM RIA (MEMORY CARDS)
85235190;OUTROS
852352;"-- ""CART ES INTELIGENTES"""
85235210;CART ES E ETIQUETAS DE ACIONAMENTO POR APROXIMA  O
85235290;OUTROS
85235900;-- OUTROS
85238000;- OUTROS
8524;M DULOS DE VISUALIZA  O DE TELA (ECR *) PLANA, MESMO QUE INCORPOREM TELAS SENS VEIS AO TOQUE (ECR S T CTEIS*).
85241;- SEM CONTROLADORES (DRIVERS) NEM CIRCUITOS DE CONTROLE:
85241100;-- DE CRISTAIS L QUIDOS
85241200;-- DE DIODOS EMISSORES DE LUZ ORG NICOS (OLED)
85241900;-- OUTROS
85249;- OUTROS:
85249100;-- DE CRISTAIS L QUIDOS
85249200;-- DE DIODOS EMISSORES DE LUZ ORG NICOS (OLED)
85249900;-- OUTROS
8525;"APARELHOS TRANSMISSORES (EMISSORES) PARA RADIODIFUS O OU TELEVIS O, MESMO QUE INCORPOREM UM APARELHO RECEPTOR OU UM APARELHO DE GRAVA  O OU DE REPRODU  O DE SOM; C MERAS DE TELEVIS O, C MERAS FOTOGR FICAS DIGITAIS E C MERAS DE V DEO."
852550;- APARELHOS TRANSMISSORES (EMISSORES)
8525501;DE RADIODIFUS O
85255011;EM AM, COM MODULA  O POR C DIGO OU LARGURA DE PULSO, TOTALMENTE A SEMICONDUTOR E COM POT NCIA DE SA DA SUPERIOR A 10 KW
85255019;OUTROS
8525502;DE TELEVIS O
85255021;DE FREQU NCIA SUPERIOR A 7 GHZ
85255022;EM BANDA UHF, DE FREQU NCIA IGUAL OU SUPERIOR A 2,0 GHZ, MAS N O SUPERIOR A 2,7 GHZ, COM POT NCIA DE SA DA IGUAL OU SUPERIOR A 10 W, MAS N O SUPERIOR A 100 W
85255023;EM BANDA UHF, COM POT NCIA DE SA DA SUPERIOR A 10 KW
85255024;EM BANDA VHF, COM POT NCIA DE SA DA IGUAL OU SUPERIOR A 20 KW
85255029;OUTROS
852560;- APARELHOS TRANSMISSORES (EMISSORES) QUE INCORPOREM UM APARELHO RECEPTOR
85256010;DE RADIODIFUS O
85256020;DE TELEVIS O, DE FREQU NCIA SUPERIOR A 7 GHZ
85256090;OUTROS
85258;- C MERAS DE TELEVIS O, C MERAS FOTOGR FICAS DIGITAIS E C MERAS DE V DEO:
85258100;-- ULTRARR PIDAS, MENCIONADAS NA NOTA DE SUBPOSI  ES 1 DO PRESENTE CAP TULO
85258200;-- OUTRAS, RESISTENTES   RADIA  O, MENCIONADAS NA NOTA DE SUBPOSI  ES 2 DO PRESENTE CAP TULO
85258300;-- OUTRAS, DE VIS O NOTURNA, MENCIONADAS NA NOTA DE SUBPOSI  ES 3 DO PRESENTE CAP TULO
852589;-- OUTRAS
8525891;C MERAS DE TELEVIS O
85258911;COM TR S OU MAIS CAPTADORES DE IMAGEM
85258912;COM SENSOR DE IMAGEM A SEMICONDUTOR TIPO CCD, DE MAIS DE 490 X 580 ELEMENTOS DE IMAGEM (PIXELS) ATIVOS, SENS VEIS A INTENSIDADES DE ILUMINA  O INFERIORES A 0,20 LUX
85258913;COM SENSOR DE IMAGEM A SEMICONDUTOR TIPO CMOS, DE MAIS DE 490 X 580 ELEMENTOS DE IMAGEM (PIXELS) ATIVOS, SENS VEIS A INTENSIDADES DE ILUMINA  O INFERIORES A 0,20 LUX
85258914;OUTRAS, PR PRIAS PARA CAPTAR IMAGENS EXCLUSIVAMENTE NO ESPECTRO INFRAVERMELHO DE COMPRIMENTO DE ONDA IGUAL OU SUPERIOR A 2 MICR METROS (M CRONS), MAS N O SUPERIOR A 14 MICR METROS (M CRONS)
85258919;OUTRAS
8525892;C MERAS FOTOGR FICAS DIGITAIS E C MERAS DE V DEO
85258921;COM TR S OU MAIS CAPTADORES DE IMAGEM
85258922;OUTRAS, PR PRIAS PARA CAPTAR IMAGENS EXCLUSIVAMENTE NO ESPECTRO INFRAVERMELHO DE COMPRIMENTO DE ONDA IGUAL OU SUPERIOR A 2 MICR METROS (M CRONS), MAS N O SUPERIOR A 14 MICR METROS (M CRONS)
85258929;OUTRAS
8526;APARELHOS DE RADIODETEC  O E DE RADIOSSONDAGEM (RADAR), APARELHOS DE RADIONAVEGA  O E APARELHOS DE RADIOTELECOMANDO.
85261000;- APARELHOS DE RADIODETEC  O E DE RADIOSSONDAGEM (RADAR)
85269;- OUTROS:
85269100;-- APARELHOS DE RADIONAVEGA  O
85269200;-- APARELHOS DE RADIOTELECOMANDO
8527;APARELHOS RECEPTORES PARA RADIODIFUS O, MESMO COMBINADOS NUM MESMO INV LUCRO, COM UM APARELHO DE GRAVA  O OU DE REPRODU  O DE SOM, OU COM UM REL GIO.
85271;- APARELHOS RECEPTORES DE RADIODIFUS O SUSCET VEIS DE FUNCIONAREM SEM FONTE EXTERNA DE ENERGIA:
85271200;-- R DIOS TOCA-FITAS (R DIOS-LEITORES DE CASSETES*) DE BOLSO
85271300;-- OUTROS APARELHOS COMBINADOS COM UM APARELHO DE GRAVA  O OU DE REPRODU  O DE SOM
85271900;-- OUTROS
85272;- APARELHOS RECEPTORES DE RADIODIFUS O QUE S  FUNCIONEM COM FONTE EXTERNA DE ENERGIA, DO TIPO UTILIZADO EM VE CULOS AUTOM VEIS:
85272100;-- COMBINADOS COM UM APARELHO DE GRAVA  O OU DE REPRODU  O DE SOM
85272900;-- OUTROS
85279;- OUTROS:
85279100;-- COMBINADOS COM UM APARELHO DE GRAVA  O OU DE REPRODU  O DE SOM
85279200;-- N O COMBINADOS COM UM APARELHO DE GRAVA  O OU DE REPRODU  O DE SOM, MAS COMBINADOS COM UM REL GIO
852799;-- OUTROS
85279910;AMPLIFICADOR COM SINTONIZADOR (RECEIVER)
85279990;OUTROS
8528;"MONITORES E PROJETORES, QUE N O INCORPOREM APARELHO RECEPTOR DE TELEVIS O; APARELHOS RECEPTORES DE TELEVIS O, MESMO QUE INCORPOREM UM APARELHO RECEPTOR DE RADIODIFUS O OU UM APARELHO DE GRAVA  O OU DE REPRODU  O DE SOM OU DE IMAGENS."
85284;- MONITORES COM TUBO DE RAIOS CAT DICOS:
85284200;-- CAPAZES DE SEREM CONECTADOS DIRETAMENTE A UMA M QUINA AUTOM TICA PARA PROCESSAMENTO DE DADOS DA POSI  O 84.71 E CONCEBIDOS PARA SEREM UTILIZADOS COM ESTA M QUINA
852849;-- OUTROS
85284930;POLICROM TICOS, COM DISPOSITIVOS DE SELE  O DE VARREDURA (UNDERSCANNING) E DE RETARDO DE SINCRONISMO HORIZONTAL E VERTICAL (H/V DELAY OU PULSE CROSS)
85284990;OUTROS
85285;- OUTROS MONITORES:
85285200;-- CAPAZES DE SEREM CONECTADOS DIRETAMENTE A UMA M QUINA AUTOM TICA PARA PROCESSAMENTO DE DADOS DA POSI  O 84.71 E CONCEBIDOS PARA SEREM UTILIZADOS COM ESTA M QUINA
85285900;-- OUTROS
85286;- PROJETORES:
85286200;-- CAPAZES DE SEREM CONECTADOS DIRETAMENTE A UMA M QUINA AUTOM TICA PARA PROCESSAMENTO DE DADOS DA POSI  O 84.71 E CONCEBIDOS PARA SEREM UTILIZADOS COM ESTA M QUINA
852869;-- OUTROS
85286910;COM TECNOLOGIA DE DISPOSITIVO DIGITAL DE MICROESPELHOS (DMD - DIGITAL MICROMIRROR DEVICE)
85286990;OUTROS
85287;- APARELHOS RECEPTORES DE TELEVIS O, MESMO QUE INCORPOREM UM APARELHO RECEPTOR DE RADIODIFUS O OU UM APARELHO DE GRAVA  O OU DE REPRODU  O DE SOM OU DE IMAGENS:
852871;-- N O CONCEBIDOS PARA INCORPORAR UM DISPOSITIVO DE VISUALIZA  O OU UMA TELA (ECR *), DE V DEO
8528711;RECEPTOR-DECODIFICADOR INTEGRADO (IRD) DE SINAIS DIGITALIZADOS DE V DEO CODIFICADOS
85287111;SEM SA DA DE RADIOFREQU NCIA (RF) MODULADA NOS CANAIS 3 OU 4, COM SA DAS DE  UDIO BALANCEADAS COM IMPED NCIA DE 600 OHMS, PR PRIO PARA MONTAGEM EM RACKS E COM SA DA DE V DEO COM CONECTOR BNC
85287119;OUTROS
85287190;OUTROS
85287200;-- OUTROS, A CORES
85287300;-- OUTROS, A PRETO E BRANCO OU OUTROS MONOCROMOS
8529;PARTES RECONHEC VEIS COMO EXCLUSIVA OU PRINCIPALMENTE DESTINADAS AOS APARELHOS DAS POSI  ES 85.24 A 85.28.
852910;"- ANTENAS E REFLETORES DE ANTENAS DE QUALQUER TIPO; PARTES RECONHEC VEIS COMO DE UTILIZA  O CONJUNTA COM ESSES ARTIGOS"
85291020;ANTENAS COM REFLETOR PARAB LICO
85291090;OUTROS
852990;- OUTRAS
8529901;DE APARELHOS DAS SUBPOSI  ES 8525.50 OU 8525.60
85299011;GABINETES E BASTIDORES
85299012;CIRCUITOS IMPRESSOS COM COMPONENTES EL TRICOS OU ELETR NICOS, MONTADOS
85299019;OUTRAS
85299020;DE APARELHOS DAS POSI  ES 85.27 OU 85.28
85299030;DE APARELHOS DA SUBPOSI  O 8526.10
85299040;DE APARELHOS DA SUBPOSI  O 8526.91
85299050;DE M DULOS DE VISUALIZA  O DA POSI  O 85.24
85299090;OUTRAS
8530;APARELHOS EL TRICOS DE SINALIZA  O (EXCLUINDO OS DE TRANSMISS O DE MENSAGENS), DE SEGURAN A, DE CONTROLE E DE COMANDO, PARA VIAS F RREAS OU SEMELHANTES, VIAS TERRESTRES OU FLUVIAIS, PARA  REAS OU PARQUES DE ESTACIONAMENTO, INSTALA  ES PORTU RIAS OU PARA AER DROMOS (EXCETO OS DA POSI  O 86.08).
853010;- APARELHOS PARA VIAS F RREAS OU SEMELHANTES
85301010;DIGITAIS, PARA CONTROLE DE TR FEGO
85301090;OUTROS
853080;- OUTROS APARELHOS
85308010;DIGITAIS, PARA CONTROLE DE TR FEGO DE AUTOMOTORES
85308090;OUTROS
85309000;- PARTES
8531;APARELHOS EL TRICOS DE SINALIZA  O AC STICA OU VISUAL (POR EXEMPLO, CAMPAINHAS, SIRENES, PAIN IS INDICADORES, APARELHOS DE ALARME PARA PROTE  O CONTRA ROUBO OU INC NDIO), EXCETO OS DAS POSI  ES 85.12 OU 85.30.
853110;- APARELHOS EL TRICOS DE ALARME PARA PROTE  O CONTRA ROUBO OU INC NDIO E APARELHOS SEMELHANTES
85311010;ALARMES CONTRA INC NDIO OU SOBREAQUECIMENTO
85311090;OUTROS
85312000;- PAIN IS INDICADORES COM DISPOSITIVOS DE CRISTAIS L QUIDOS (LCD) OU DE DIODOS EMISSORES DE LUZ (LED)
85318000;- OUTROS APARELHOS
85319000;- PARTES
8532;CONDENSADORES EL TRICOS, FIXOS, VARI VEIS OU AJUST VEIS.
85321000;- CONDENSADORES FIXOS CONCEBIDOS PARA LINHAS EL TRICAS DE 50/60 HZ E CAPAZES DE ABSORVER UMA POT NCIA REATIVA IGUAL OU SUPERIOR A 0,5 KVAR (CONDENSADORES DE POT NCIA)
85322;- OUTROS CONDENSADORES FIXOS:
853221;-- DE T NTALO
8532211;PR PRIOS PARA MONTAGEM EM SUPERF CIE (SMD - SURFACE MOUNTED DEVICE)
85322111;COM TENS O DE ISOLA  O INFERIOR OU IGUAL A 125 V
85322119;OUTROS
85322120;PR PRIOS PARA MONTAGEM POR INSER  O (PTH - PIN THROUGH HOLE)
85322190;OUTROS
85322200;-- ELETROL TICOS DE ALUM NIO
853223;-- COM DIEL TRICO DE CER MICA, DE UMA S  CAMADA
85322310;PR PRIOS PARA MONTAGEM EM SUPERF CIE (SMD - SURFACE MOUNTED DEVICE)
85322390;OUTROS
853224;-- COM DIEL TRICO DE CER MICA, DE CAMADAS M LTIPLAS
85322410;PR PRIOS PARA MONTAGEM EM SUPERF CIE (SMD - SURFACE MOUNTED DEVICE)
85322420;PR PRIOS PARA MONTAGEM POR INSER  O (PTH - PIN THROUGH HOLE)
85322490;OUTROS
853225;-- COM DIEL TRICO DE PAPEL OU DE PL STICO
85322510;PR PRIOS PARA MONTAGEM EM SUPERF CIE (SMD - SURFACE MOUNTED DEVICE)
85322590;OUTROS
853229;-- OUTROS
85322910;PR PRIOS PARA MONTAGEM EM SUPERF CIE (SMD - SURFACE MOUNTED DEVICE)
85322990;OUTROS
853230;- CONDENSADORES VARI VEIS OU AJUST VEIS
85323010;PR PRIOS PARA MONTAGEM EM SUPERF CIE (SMD - SURFACE MOUNTED DEVICE)
85323090;OUTROS
85329000;- PARTES
8533;RESIST NCIAS EL TRICAS (INCLUINDO OS REOSTATOS E OS POTENCI METROS), EXCETO DE AQUECIMENTO.
85331000;- RESIST NCIAS FIXAS DE CARBONO, AGLOMERADAS OU DE CAMADA
85332;- OUTRAS RESIST NCIAS FIXAS:
853321;-- PARA POT NCIA N O SUPERIOR A 20 W
85332110;DE FIO
85332120;PR PRIAS PARA MONTAGEM EM SUPERF CIE (SMD - SURFACE MOUNTED DEVICE)
85332190;OUTRAS
85332900;-- OUTRAS
85333;- RESIST NCIAS VARI VEIS BOBINADAS (INCLUINDO OS REOSTATOS E OS POTENCI METROS):
853331;-- PARA POT NCIA N O SUPERIOR A 20 W
85333110;POTENCI METROS
85333190;OUTRAS
853339;-- OUTRAS
85333910;POTENCI METROS
85333990;OUTRAS
853340;- OUTRAS RESIST NCIAS VARI VEIS (INCLUINDO OS REOSTATOS E OS POTENCI METROS)
8533401;RESIST NCIAS N O LINEARES SEMICONDUTORAS
85334011;TERMISTORES
85334012;VARISTORES PARA UMA TENS O INFERIOR OU IGUAL A 1.000 V
85334013;OUTROS VARISTORES
85334019;OUTRAS
8533409;OUTRAS
85334091;POTENCI METRO DE CARV O, DO TIPO UTILIZADO PARA DETERMINAR O  NGULO DE ABERTURA DA BORBOLETA, EM SISTEMAS DE INJE  O DE COMBUST VEL CONTROLADOS ELETRONICAMENTE
85334092;OUTROS POTENCI METROS DE CARV O
85334099;OUTRAS
85339000;- PARTES
853400;CIRCUITOS IMPRESSOS.
8534001;SIMPLES FACE, R GIDOS
85340011;COM ISOLANTE DE RESINA FEN LICA E PAPEL CELUL SICO
85340012;COM ISOLANTE DE RESINA EP XIDA E PAPEL CELUL SICO
85340013;COM ISOLANTE DE RESINA EP XIDA E TECIDO DE FIBRA DE VIDRO
85340019;OUTROS
85340020;SIMPLES FACE, FLEX VEIS
8534003;DUPLA FACE, R GIDOS
85340031;COM ISOLANTE DE RESINA FEN LICA E PAPEL CELUL SICO
85340032;COM ISOLANTE DE RESINA EP XIDA E PAPEL CELUL SICO
85340033;COM ISOLANTE DE RESINA EP XIDA E TECIDO DE FIBRA DE VIDRO
85340039;OUTROS
85340040;DUPLA FACE, FLEX VEIS
8534005;MULTICAMADAS
85340051;COM ISOLANTE DE RESINA EP XIDA E TECIDO DE FIBRA DE VIDRO
85340059;OUTROS
8535;APARELHOS PARA INTERRUP  O, SECCIONAMENTO, PROTE  O, DERIVA  O, LIGA  O OU CONEX O DE CIRCUITOS EL TRICOS (POR EXEMPLO, INTERRUPTORES, COMUTADORES, CORTA-CIRCUITOS, PARA-RAIOS, LIMITADORES DE TENS O, SUPRESSORES DE PICOS DE TENS O (ELIMINADORES DE ONDA), TOMADAS DE CORRENTE E OUTROS CONECTORES, CAIXAS DE JUN  O), PARA UMA TENS O SUPERIOR A 1.000 V.
85351000;- FUS VEIS E CORTA-CIRCUITOS DE FUS VEIS
85352;- DISJUNTORES:
85352100;-- PARA UMA TENS O INFERIOR A 72,5 KV
85352900;-- OUTROS
853530;- SECCIONADORES E INTERRUPTORES
8535301;PARA CORRENTE NOMINAL INFERIOR OU IGUAL A 1.600 A
85353013;INTERRUPTORES A V CUO, SEM DISPOSITIVO DE ACIONAMENTO (AMPOLAS A V CUO)
85353017;OUTROS, COM DISPOSITIVO DE ACIONAMENTO N O AUTOM TICO
85353018;OUTROS, COM DISPOSITIVO DE ACIONAMENTO AUTOM TICO, EXCETO OS DE CONTATOS IMERSOS EM MEIO L QUIDO
85353019;OUTROS
8535302;PARA CORRENTE NOMINAL SUPERIOR A 1.600 A
85353023;INTERRUPTORES A V CUO, SEM DISPOSITIVO DE ACIONAMENTO (AMPOLAS A V CUO)
85353027;OUTROS, COM DISPOSITIVO DE ACIONAMENTO N O AUTOM TICO
85353028;OUTROS, COM DISPOSITIVO DE ACIONAMENTO AUTOM TICO, EXCETO OS DE CONTATOS IMERSOS EM MEIO L QUIDO
85353029;OUTROS
853540;- PARA-RAIOS, LIMITADORES DE TENS O E SUPRESSORES DE PICOS DE TENS O (ELIMINADORES DE ONDA)
85354010;PARA-RAIOS PARA PROTE  O DE LINHAS DE TRANSMISS O DE ELETRICIDADE
85354090;OUTROS
853590;- OUTROS
85359010;COMUTADORES COM AMPOLAS A V CUO, SEM INTERRUP  O DE CIRCULA  O DE CORRENTE DURANTE A COMUTA  O, PARA UMA CORRENTE NOMINAL IGUAL OU SUPERIOR A 100 A
85359090;OUTROS
8536;"APARELHOS PARA INTERRUP  O, SECCIONAMENTO, PROTE  O, DERIVA  O, LIGA  O OU CONEX O DE CIRCUITOS EL TRICOS (POR EXEMPLO, INTERRUPTORES, COMUTADORES, REL S, CORTA-CIRCUITOS, SUPRESSORES DE PICOS DE TENS O (ELIMINADORES DE ONDA), PLUGUES (FICHAS*) E TOMADAS DE CORRENTE, SUPORTES PARA L MPADAS E OUTROS CONECTORES, CAIXAS DE JUN  O), PARA UMA TENS O N O SUPERIOR A 1.000 V; CONECTORES PARA FIBRAS  PTICAS, FEIXES OU CABOS DE FIBRAS  PTICAS."
85361000;- FUS VEIS E CORTA-CIRCUITOS DE FUS VEIS
85362000;- DISJUNTORES
853630;- OUTROS APARELHOS PARA PROTE  O DE CIRCUITOS EL TRICOS
85363010;CENTELHADOR A G S
85363090;OUTROS
85364;- REL S:
85364100;-- PARA UMA TENS O N O SUPERIOR A 60 V
85364900;-- OUTROS
853650;- OUTROS INTERRUPTORES, SECCIONADORES E COMUTADORES
85365010;UNIDADE CHAVEADORA DE CONVERSOR DE SUBIDA E DESCIDA PARA SISTEMA DE TELECOMUNICA  ES VIA SAT LITE
85365020;UNIDADE CHAVEADORA DE AMPLIFICADOR DE ALTA POT NCIA (HPA) PARA SISTEMA DE TELECOMUNICA  ES VIA SAT LITE
85365030;COMUTADORES CODIFICADORES DIGITAIS, PR PRIOS PARA MONTAGEM EM CIRCUITOS IMPRESSOS
85365090;OUTROS
85366;- SUPORTES PARA L MPADAS, PLUGUES (FICHAS*) E TOMADAS DE CORRENTE:
85366100;-- SUPORTES PARA L MPADAS
853669;-- OUTROS
85366910;TOMADA POLARIZADA E TOMADA BLINDADA
85366990;OUTROS
85367000;- CONECTORES PARA FIBRAS  PTICAS, FEIXES OU CABOS DE FIBRAS  PTICAS
853690;- OUTROS APARELHOS
85369010;CONECTORES PARA CABOS PLANOS CONSTITU DOS POR CONDUTORES PARALELOS ISOLADOS INDIVIDUALMENTE
85369020;TOMADAS DE CONTATO DESLIZANTE EM CONDUTORES A REOS
85369030;SOQUETES PARA MICROESTRUTURAS ELETR NICAS
85369040;CONECTORES PARA CIRCUITO IMPRESSO
85369050;TERMINAIS DE CONEX O PARA CONDENSADORES, MESMO MONTADOS EM SUPORTE ISOLANTE
85369060;CONECTOR DE CORRENTE EL TRICA PARA ACOPLAMENTO ATRAV S DA CARCA A, DO TIPO UTILIZADO EM MOTOCOMPRESSORES HERM TICOS DE REFRIGERA  O
85369090;OUTROS
8537;QUADROS, PAIN IS, CONSOLES, CABINAS, ARM RIOS E OUTROS SUPORTES COM DOIS OU MAIS APARELHOS DAS POSI  ES 85.35 OU 85.36, PARA COMANDO EL TRICO OU DISTRIBUI  O DE ENERGIA EL TRICA, INCLUINDO OS QUE INCORPOREM INSTRUMENTOS OU APARELHOS DO CAP TULO 90, BEM COMO OS APARELHOS DE COMANDO NUM RICO, EXCETO OS APARELHOS DE COMUTA  O DA POSI  O 85.17.
853710;- PARA UMA TENS O N O SUPERIOR A 1.000 V
8537101;COMANDO NUM RICO COMPUTADORIZADO (CNC)
85371011;COM PROCESSADOR E BARRAMENTO DE 32 BITS OU SUPERIOR, INCORPORANDO RECURSOS GR FICOS E EXECU  O DE MACROS, RESOLU  O INFERIOR OU IGUAL A 1 MICR METRO (M CRON) E CAPACIDADE DE CONEX O DIGITAL PARA SERVO-ACIONAMENTO, COM MONITOR POLICROM TICO
85371019;OUTROS
85371020;CONTROLADORES PROGRAM VEIS
85371030;CONTROLADORES DE DEMANDA DE ENERGIA EL TRICA
85371090;OUTROS
853720;- PARA UMA TENS O SUPERIOR A 1.000 V
85372010;SUBESTA  ES ISOLADAS A G S (GIS - GAS-INSULATED SWITCHGEAR OU HIS - HIGHLY INTEGRATED SWITCHGEAR), PARA UMA TENS O SUPERIOR A 52 KV
85372090;OUTROS
8538;PARTES RECONHEC VEIS COMO EXCLUSIVA OU PRINCIPALMENTE DESTINADAS AOS APARELHOS DAS POSI  ES 85.35, 85.36 OU 85.37.
85381000;- QUADROS, PAIN IS, CONSOLES, CABINAS, ARM RIOS E OUTROS SUPORTES, DA POSI  O 85.37, DESPROVIDOS DOS SEUS APARELHOS
853890;- OUTRAS
85389010;CIRCUITOS IMPRESSOS COM COMPONENTES EL TRICOS OU ELETR NICOS, MONTADOS
85389020;DE DISJUNTORES, PARA UMA TENS O IGUAL OU SUPERIOR A 72,5 KV
85389090;OUTRAS
8539;"L MPADAS E TUBOS EL TRICOS DE INCANDESC NCIA OU DE DESCARGA, INCLUINDO OS ARTIGOS DENOMINADOS ""FAR IS E PROJETORES, EM UNIDADES SELADAS"" E AS L MPADAS E TUBOS DE RAIOS ULTRAVIOLETA OU INFRAVERMELHOS; L MPADAS DE ARCO; FONTES DE LUZ DE DIODOS EMISSORES DE LUZ (LED)."
853910;"- ARTIGOS DENOMINADOS ""FAR IS E PROJETORES, EM UNIDADES SELADAS"""
85391010;PARA UMA TENS O INFERIOR OU IGUAL A 15 V
85391090;OUTROS
85392;- OUTRAS L MPADAS E TUBOS DE INCANDESC NCIA, EXCETO DE RAIOS ULTRAVIOLETA OU INFRAVERMELHOS:
853921;-- HAL GENOS, DE TUNGST NIO (VOLFR MIO)
85392110;PARA UMA TENS O INFERIOR OU IGUAL A 15 V
85392190;OUTROS
85392200;-- OUTROS, DE POT NCIA N O SUPERIOR A 200 W E UMA TENS O SUPERIOR A 100 V
853929;-- OUTROS
85392910;PARA UMA TENS O INFERIOR OU IGUAL A 15 V
85392990;OUTROS
85393;- L MPADAS E TUBOS DE DESCARGA, EXCETO DE RAIOS ULTRAVIOLETA:
853931;-- FLUORESCENTES, DE C TODO QUENTE
8539311;L MPADAS, COM REATOR ELETR NICO INCORPORADO E BASE ROSCA E 14, E 27 OU E 40
85393111;QUE CONTENHAM MAIS DE 5 MG DE MERC RIO POR CADA INV LUCRO (TUBO)
85393119;OUTRAS
85393120;OUTRAS L MPADAS
8539313;TUBOS
85393131;COM F SFORO TRIBANDA E QUE CONTENHAM MAIS DE 5 MG DE MERC RIO
85393132;COM F SFORO EM HALOFOSFATO E QUE CONTENHAM MAIS DE 10 MG DE MERC RIO
85393139;OUTROS
853932;"-- L MPADAS DE VAPOR DE MERC RIO OU DE S DIO; L MPADAS DE HALOGENETO MET LICO"
85393210;DE VAPOR DE MERC RIO
85393220;DE VAPOR DE S DIO
85393230;DE HALOGENETO MET LICO
853939;-- OUTROS
8539391;TUBOS FLUORESCENTES DE C TODO FRIO OU DE ELETRODO EXTERNO, PARA TELAS ELETR NICAS
85393911;DE COMPRIMENTO N O SUPERIOR A 500 MM E QUE CONTENHAM MAIS DE 3,5 MG DE MERC RIO
85393912;DE COMPRIMENTO SUPERIOR A 500 MM, MAS N O SUPERIOR A 1.500 MM E QUE CONTENHAM MAIS DE 5 MG DE MERC RIO
85393913;DE COMPRIMENTO SUPERIOR A 1.500 MM E QUE CONTENHAM MAIS DE 13 MG DE MERC RIO
85393919;OUTROS
85393990;OUTROS
85394;"- L MPADAS E TUBOS DE RAIOS ULTRAVIOLETA OU INFRAVERMELHOS; L MPADAS DE ARCO:"
853941;-- L MPADAS DE ARCO
85394110;DE POT NCIA IGUAL OU SUPERIOR A 1.000 W
85394190;OUTRAS
85394900;-- OUTROS
85395;- FONTES DE LUZ DE DIODOS EMISSORES DE LUZ (LED):
85395100;-- M DULOS DE DIODOS EMISSORES DE LUZ (LED)
85395200;-- L MPADAS E TUBOS DE DIODOS EMISSORES DE LUZ (LED)
853990;- PARTES
85399010;ELETRODOS
85399020;BASES
85399090;OUTRAS
8540;L MPADAS, TUBOS E V LVULAS, ELETR NICOS, DE C TODO QUENTE, C TODO FRIO OU FOTOC TODO (POR EXEMPLO, L MPADAS, TUBOS E V LVULAS, DE V CUO, DE VAPOR OU DE G S, AMPOLAS RETIFICADORAS DE VAPOR DE MERC RIO, TUBOS CAT DICOS, TUBOS E V LVULAS PARA C MERAS DE TELEVIS O), EXCETO OS DA POSI  O 85.39.
85401;- TUBOS CAT DICOS PARA RECEPTORES DE TELEVIS O, INCLUINDO OS TUBOS PARA MONITORES DE V DEO:
85401100;-- A CORES
85401200;-- A PRETO E BRANCO OU OUTROS MONOCROMOS
854020;"- TUBOS PARA C MERAS DE TELEVIS O; TUBOS CONVERSORES OU INTENSIFICADORES DE IMAGENS; OUTROS TUBOS DE FOTOC TODO"
8540201;TUBOS PARA C MERAS DE TELEVIS O
85402011;A PRETO E BRANCO OU OUTROS MONOCROMOS
85402019;OUTROS
85402020;TUBOS CONVERSORES OU INTENSIFICADORES DE IMAGENS, DE RAIOS X
85402090;OUTROS
85404000;"- TUBOS DE VISUALIZA  O DE DADOS GR FICOS, EM MONOCROMOS; TUBOS DE VISUALIZA  O DE DADOS GR FICOS, A CORES, COM UMA TELA (ECR *) FOSF RICA DE ESPA AMENTO ENTRE OS PONTOS INFERIOR A 0,4 MM"
854060;- OUTROS TUBOS CAT DICOS
85406010;TUBOS DE VISUALIZA  O DE DADOS GR FICOS, EM CORES, COM UMA TELA DE ESPA AMENTO ENTRE OS PONTOS IGUAL OU SUPERIOR A 0,4 MM
85406090;OUTROS
85407;- TUBOS PARA MICRO-ONDAS (POR EXEMPLO, MAGN TRONS, CL STRONS, GUIAS (TUBOS) DE ONDAS PROGRESSIVAS, CARCINOTRONS), EXCLUINDO OS TUBOS COMANDADOS POR GRADE (GRELHA):
85407100;-- MAGN TRONS
85407900;-- OUTROS
85408;- OUTRAS L MPADAS, TUBOS E V LVULAS:
85408100;-- TUBOS DE RECEP  O OU DE AMPLIFICA  O
854089;-- OUTROS
85408910;V LVULAS DE POT NCIA PARA TRANSMISSORES
85408990;OUTROS
85409;- PARTES:
854091;-- DE TUBOS CAT DICOS
85409110;BOBINAS DE DEFLEX O (YOKES)
85409120;N CLEOS DE P  FERROMAGN TICO PARA BOBINAS DE DEFLEX O (YOKES)
85409130;CANH ES ELETR NICOS
85409140;PAINEL DE VIDRO, M SCARA DE SOMBRA E BLINDAGEM INTERNA, REUNIDOS, PARA TUBOS TRICROM TICOS
85409190;OUTRAS
85409900;-- OUTRAS
8541;"DISPOSITIVOS SEMICONDUTORES (POR EXEMPLO, DIODOS, TRANSISTORES, TRANSDUTORES   BASE DE SEMICONDUTORES); DISPOSITIVOS FOTOSSENS VEIS SEMICONDUTORES, INCLUINDO AS C LULAS FOTOVOLTAICAS, MESMO MONTADAS EM M DULOS OU EM PAIN IS; DIODOS EMISSORES DE LUZ (LED), MESMO MONTADOS COM OUTROS DIODOS EMISSORES DE LUZ (LED); CRISTAIS PIEZEL TRICOS MONTADOS."
854110;- DIODOS, EXCETO FOTODIODOS E DIODOS EMISSORES DE LUZ (LED)
8541101;N O MONTADOS
85411011;ZENER
85411012;OUTROS, DE INTENSIDADE DE CORRENTE INFERIOR OU IGUAL A 3 A
85411019;OUTROS
8541102;MONTADOS, PR PRIOS PARA MONTAGEM EM SUPERF CIE (SMD - SURFACE MOUNTED DEVICE)
85411021;ZENER
85411022;OUTROS, DE INTENSIDADE DE CORRENTE INFERIOR OU IGUAL A 3 A
85411029;OUTROS
8541103;MONTADOS, PR PRIOS PARA MONTAGEM POR INSER  O (PTH - PIN THROUGH HOLE)
85411031;ZENER
85411032;OUTROS, DE INTENSIDADE DE CORRENTE INFERIOR OU IGUAL A 3 A
85411039;OUTROS
8541109;OUTROS
85411091;ZENER
85411092;OUTROS, DE INTENSIDADE DE CORRENTE INFERIOR OU IGUAL A 3 A
85411099;OUTROS
85412;- TRANSISTORES, EXCETO OS FOTOTRANSISTORES:
854121;-- COM CAPACIDADE DE DISSIPA  O INFERIOR A 1 W
85412110;N O MONTADOS
85412120;MONTADOS, PR PRIOS PARA MONTAGEM EM SUPERF CIE (SMD - SURFACE MOUNTED DEVICE)
8541219;OUTROS
85412191;DE EFEITO DE CAMPO, COM JUN  O HETEROG NEA (HJFET OU HEMT)
85412199;OUTROS
854129;-- OUTROS
85412910;N O MONTADOS
85412920;MONTADOS
854130;- TIRISTORES, DIACS E TRIACS, EXCETO OS DISPOSITIVOS FOTOSSENS VEIS
8541301;N O MONTADOS
85413011;DE INTENSIDADE DE CORRENTE INFERIOR OU IGUAL A 3 A
85413019;OUTROS
8541302;MONTADOS
85413021;DE INTENSIDADE DE CORRENTE INFERIOR OU IGUAL A 3 A
85413029;OUTROS
85414;"- DISPOSITIVOS FOTOSSENS VEIS SEMICONDUTORES, INCLUINDO AS C LULAS FOTOVOLTAICAS, MESMO MONTADAS EM M DULOS OU EM PAIN IS; DIODOS EMISSORES DE LUZ (LED):"
854141;-- DIODOS EMISSORES DE LUZ (LED)
8541411;N O MONTADOS
85414111;DIODOS EMISSORES DE LUZ (LED), EXCETO DIODOS LASER
85414112;DIODOS LASER
8541412;MONTADOS
85414121;DIODOS EMISSORES DE LUZ (LED), EXCETO DIODOS LASER, PR PRIOS PARA MONTAGEM EM SUPERF CIE (SMD - SURFACE MOUNTED DEVICE)
85414122;OUTROS DIODOS EMISSORES DE LUZ (LED), EXCETO DIODOS LASER
85414123;DIODOS LASER COM COMPRIMENTO DE ONDA DE 1.300 NM OU 1.500 NM
85414124;OUTROS DIODOS LASER
854142;-- C LULAS FOTOVOLTAICAS N O MONTADAS EM M DULOS NEM EM PAIN IS
85414210;C LULAS SOLARES ORG NICAS
85414220;OUTRAS C LULAS SOLARES
85414290;OUTRAS
85414300;-- C LULAS FOTOVOLTAICAS MONTADAS EM M DULOS OU EM PAIN IS
85414900;-- OUTROS
85415;- OUTROS DISPOSITIVOS SEMICONDUTORES:
85415100;-- TRANSDUTORES   BASE DE SEMICONDUTORES
85415900;-- OUTROS
854160;- CRISTAIS PIEZEL TRICOS MONTADOS
85416010;DE QUARTZO, DE FREQU NCIA IGUAL OU SUPERIOR A 1 MHZ, MAS N O SUPERIOR A 100 MHZ
85416090;OUTROS
854190;- PARTES
85419010;SUPORTES-CONECTORES APRESENTADOS EM TIRAS (LEAD FRAMES)
85419020;COBERTURAS PARA ENCAPSULAMENTO (C PSULAS)
85419090;OUTRAS
8542;CIRCUITOS INTEGRADOS ELETR NICOS.
85423;- CIRCUITOS INTEGRADOS ELETR NICOS:
854231;-- PROCESSADORES E CONTROLADORES, MESMO COMBINADOS COM MEM RIAS, CONVERSORES, CIRCUITOS L GICOS, AMPLIFICADORES, CIRCUITOS TEMPORIZADORES E DE SINCRONIZA  O, OU OUTROS CIRCUITOS
85423110;N O MONTADOS
85423120;MONTADOS, PR PRIOS PARA MONTAGEM EM SUPERF CIE (SMD - SURFACE MOUNTED DEVICE)
85423190;OUTROS
854232;-- MEM RIAS
85423210;N O MONTADAS
8542322;MONTADAS, PR PRIAS PARA MONTAGEM EM SUPERF CIE (SMD - SURFACE MOUNTED DEVICE)
85423221;DOS TIPOS RAM EST TICAS (SRAM) COM TEMPO DE ACESSO INFERIOR OU IGUAL A 25 NS, EPROM, EEPROM, PROM, ROM E FLASH
85423229;OUTRAS
8542329;OUTRAS
85423291;DOS TIPOS RAM EST TICAS (SRAM) COM TEMPO DE ACESSO INFERIOR OU IGUAL A 25 NS, EPROM, EEPROM, PROM, ROM E FLASH
85423299;OUTRAS
854233;-- AMPLIFICADORES
8542331;H BRIDOS
85423311;DE ESPESSURA DE CAMADA INFERIOR OU IGUAL A 1 MICR METRO (M CRON) COM FREQU NCIA DE OPERA  O IGUAL OU SUPERIOR A 800 MHZ
85423319;OUTROS
85423320;OUTROS, N O MONTADOS
85423390;OUTROS
854239;-- OUTROS
8542391;H BRIDOS
85423911;DE ESPESSURA DE CAMADA INFERIOR OU IGUAL A 1 MICR METRO (M CRON) COM FREQU NCIA DE OPERA  O IGUAL OU SUPERIOR A 800 MHZ
85423919;OUTROS
85423920;OUTROS, N O MONTADOS
8542393;OUTROS, MONTADOS, PR PRIOS PARA MONTAGEM EM SUPERF CIE (SMD - SURFACE MOUNTED DEVICE)
85423931;CIRCUITOS DO TIPO CHIPSET
85423939;OUTROS
8542399;OUTROS
85423991;CIRCUITOS DO TIPO CHIPSET
85423999;OUTROS
85429000;- PARTES
8543;M QUINAS E APARELHOS EL TRICOS COM FUN  O PR PRIA, N O ESPECIFICADOS NEM COMPREENDIDOS NOUTRAS POSI  ES DO PRESENTE CAP TULO.
85431000;- ACELERADORES DE PART CULAS
85432000;- GERADORES DE SINAIS
854330;- M QUINAS E APARELHOS DE GALVANOPLASTIA, ELETR LISE OU ELETROFORESE
85433010;DE ELETR LISE, COM C LULAS DE MEMBRANA
85433090;OUTROS
85434000;- CIGARROS ELETR NICOS E DISPOSITIVOS DE VAPORIZA  O EL TRICOS DE USO PESSOAL SEMELHANTES
854370;- OUTRAS M QUINAS E APARELHOS
8543701;AMPLIFICADORES DE RADIOFREQU NCIA
85437011;PARA TRANSMISS O DE SINAIS DE MICRO-ONDAS DE ALTA POT NCIA (HPA), A V LVULA TWT DO TIPO PHASE COMBINER, COM POT NCIA DE SA DA SUPERIOR A 2,7 KW
85437012;PARA RECEP  O DE SINAIS DE MICRO-ONDAS DE BAIXO RU DO (LNA) NA BANDA DE 3.600 A 4.200 MHZ, COM TEMPERATURA MENOR OU IGUAL A 55 KELVIN, PARA TELECOMUNICA  ES VIA SAT LITE
85437013;PARA DISTRIBUI  O DE SINAIS DE TELEVIS O
85437014;OUTROS PARA RECEP  O DE SINAIS DE MICRO-ONDAS
85437015;OUTROS PARA TRANSMISS O DE SINAIS DE MICRO-ONDAS
85437019;OUTROS
85437020;APARELHOS PARA ELETROCUTAR INSETOS
8543703;M QUINAS E APARELHOS AUXILIARES PARA V DEO
85437031;GERADORES DE EFEITOS ESPECIAIS COM MANIPULA  O EM 2 OU 3 DIMENS ES, MESMO COMBINADOS COM DISPOSITIVO DE COMUTA  O, DE MAIS DE 10 ENTRADAS DE  UDIO OU DE V DEO
85437032;GERADORES DE CARACTERES, DIGITAIS
85437033;SINCRONIZADORES DE QUADRO ARMAZENADORES OU CORRETORES DE BASE DE TEMPO
85437034;CONTROLADORES DE EDI  O
85437035;MISTURADOR DIGITAL, EM TEMPO REAL, COM OITO OU MAIS ENTRADAS
85437036;ROTEADOR-COMUTADOR (ROUTING SWITCHER) DE MAIS DE 20 ENTRADAS E MAIS DE 16 SA DAS, DE  UDIO OU DE V DEO
85437039;OUTROS
85437040;TRANSCODIFICADORES OU CONVERSORES DE PADR ES DE TELEVIS O
85437050;SIMULADOR DE ANTENAS PARA TRANSMISSORES COM POT NCIA IGUAL OU SUPERIOR A 25 KW (CARGA FANTASMA)
8543709;OUTROS
85437091;TERMINAIS DE TEXTO QUE OPEREM COM C DIGO DE TRANSMISS O BAUDOT, PROVIDOS DE TECLADO ALFANUM RICO E VISOR, PARA ACOPLAMENTO EXCLUSIVAMENTE AC STICO A TELEFONE
85437092;ELETRIFICADORES DE CERCAS
85437099;OUTROS
854390;- PARTES
85439010;DAS M QUINAS OU APARELHOS DA SUBPOSI  O 8543.70
85439090;OUTRAS
8544;"FIOS, CABOS (INCLUINDO OS CABOS COAXIAIS) E OUTROS CONDUTORES, ISOLADOS PARA USOS EL TRICOS (INCLUINDO OS ENVERNIZADOS OU OXIDADOS ANODICAMENTE), MESMO COM PE AS DE CONEX O; CABOS DE FIBRAS  PTICAS, CONSTITU DOS POR FIBRAS EMBAINHADAS INDIVIDUALMENTE, MESMO COM CONDUTORES EL TRICOS OU MUNIDOS DE PE AS DE CONEX O."
85441;- FIOS PARA BOBINAR:
85441100;-- DE COBRE
854419;-- OUTROS
8544191;DE ALUM NIO
85441911;REVESTIDO DE COBRE (CCA - COPPER CLAD ALUMINUM)
85441919;OUTROS
85441990;OUTROS
85442000;- CABOS COAXIAIS E OUTROS CONDUTORES EL TRICOS COAXIAIS
85443000;- JOGOS DE FIOS PARA VELAS DE IGNI  O E OUTROS JOGOS DE FIOS DO TIPO UTILIZADO EM QUAISQUER VE CULOS
85444;- OUTROS CONDUTORES EL TRICOS, PARA UMA TENS O N O SUPERIOR A 1.000 V:
85444200;-- MUNIDOS DE PE AS DE CONEX O
85444900;-- OUTROS
85446000;- OUTROS CONDUTORES EL TRICOS, PARA UMA TENS O SUPERIOR A 1.000 V
854470;- CABOS DE FIBRAS  PTICAS
85447010;COM REVESTIMENTO EXTERNO DE MATERIAL DIEL TRICO
85447020;COM REVESTIMENTO EXTERNO DE A O, PR PRIOS PARA INSTALA  O SUBMARINA (CABO SUBMARINO)
85447030;COM REVESTIMENTO EXTERNO DE ALUM NIO
85447090;OUTROS
8545;ELETRODOS DE CARV O, ESCOVAS DE CARV O, CARV ES PARA L MPADAS OU PARA PILHAS E OUTROS ARTIGOS DE GRAFITA OU DE OUTRO CARV O, MESMO COM METAL, PARA USOS EL TRICOS.
85451;- ELETRODOS:
85451100;-- DO TIPO UTILIZADO EM FORNOS
854519;-- OUTROS
85451910;DE GRAFITA, COM UM TEOR DE CARBONO IGUAL OU SUPERIOR A 99,9 %, EM PESO
85451920;BLOCOS DE GRAFITE, DO TIPO UTILIZADO COMO C TODOS EM CUBAS ELETROL TICAS
85451990;OUTROS
85452000;- ESCOVAS
854590;- OUTROS
85459010;CARV ES PARA PILHAS EL TRICAS
85459020;RESIST NCIAS AQUECEDORAS DESPROVIDAS DE REVESTIMENTO E DE TERMINAIS
85459030;SUPORTES DE CONEX O (NIPPLES), PARA ELETRODOS
85459090;OUTROS
8546;ISOLADORES EL TRICOS DE QUALQUER MAT RIA.
85461000;- DE VIDRO
85462000;- DE CER MICA
85469000;- OUTROS
8547;"PE AS ISOLANTES INTEIRAMENTE DE MAT RIAS ISOLANTES, OU COM SIMPLES PE AS MET LICAS DE MONTAGEM (SUPORTES ROSCADOS, POR EXEMPLO) INCORPORADAS NA MASSA, PARA M QUINAS, APARELHOS E INSTALA  ES EL TRICAS, EXCETO OS ISOLADORES DA POSI  O 85.46; TUBOS ISOLADORES E SUAS PE AS DE LIGA  O, DE METAIS COMUNS, ISOLADOS INTERIORMENTE."
85471000;- PE AS ISOLANTES DE CER MICA
854720;- PE AS ISOLANTES DE PL STICO
85472010;TAMP ES VEDADORES PARA CONDENSADORES, COM PERFURA  ES PARA TERMINAIS
85472090;OUTRAS
85479000;- OUTROS
854800;PARTES EL TRICAS DE M QUINAS OU APARELHOS, N O ESPECIFICADAS NEM COMPREENDIDAS NOUTRAS POSI  ES DO PRESENTE CAP TULO.
85480010;TERMOPARES DO TIPO UTILIZADO EM DISPOSITIVOS TERMOEL TRICOS DE SEGURAN A DE APARELHOS ALIMENTADOS A G S
85480090;OUTRAS
8549;DESPERD CIOS E RES DUOS, E SUCATA, EL TRICOS E ELETR NICOS.
85491;"- DESPERD CIOS E RES DUOS, E SUCATA, DE PILHAS, DE BATERIAS DE PILHAS E DE ACUMULADORES, EL TRICOS; PILHAS, BATERIAS DE PILHAS E ACUMULADORES, EL TRICOS, INSERV VEIS:"
85491100;"-- DESPERD CIOS E RES DUOS, E SUCATA, DE ACUMULADORES DE CHUMBO- CIDO; ACUMULADORES DE CHUMBO- CIDO INSERV VEIS"
85491200;-- OUTROS, QUE CONTENHAM CHUMBO, C DMIO OU MERC RIO
85491300;-- SELECIONADOS POR TIPO DE COMPONENTE QU MICO E QUE N O CONTENHAM CHUMBO, C DMIO OU MERC RIO
85491400;-- N O SELECIONADOS E QUE N O CONTENHAM CHUMBO, C DMIO OU MERC RIO
85491900;-- OUTROS
85492;- DO TIPO UTILIZADO PRINCIPALMENTE PARA A RECUPERA  O DE METAIS PRECIOSOS:
85492100;-- QUE CONTENHAM PILHAS, BATERIAS DE PILHAS OU ACUMULADORES, EL TRICOS, INTERRUPTORES DE MERC RIO, VIDRO DE TUBOS CAT DICOS OU OUTROS VIDROS ATIVADOS, OU COMPONENTES EL TRICOS OU ELETR NICOS QUE CONTENHAM C DMIO, MERC RIO, CHUMBO OU POLICLOROBIFENILAS (PCB)
85492900;-- OUTROS
85493;- OUTRAS MONTAGENS EL TRICAS E ELETR NICAS E PLACAS DE CIRCUITOS IMPRESSOS:
85493100;-- QUE CONTENHAM PILHAS, BATERIAS DE PILHAS OU ACUMULADORES, EL TRICOS, INTERRUPTORES DE MERC RIO, VIDRO DE TUBOS CAT DICOS OU OUTROS VIDROS ATIVADOS, OU COMPONENTES EL TRICOS OU ELETR NICOS QUE CONTENHAM C DMIO, MERC RIO, CHUMBO OU POLICLOROBIFENILAS (PCB)
85493900;-- OUTRAS
85499;- OUTROS:
85499100;-- QUE CONTENHAM PILHAS, BATERIAS DE PILHAS OU ACUMULADORES, EL TRICOS, INTERRUPTORES DE MERC RIO, VIDRO DE TUBOS CAT DICOS OU OUTROS VIDROS ATIVADOS, OU COMPONENTES EL TRICOS OU ELETR NICOS QUE CONTENHAM C DMIO, MERC RIO, CHUMBO OU POLICLOROBIFENILAS (PCB)
85499900;-- OUTROS
86;"VE CULOS E MATERIAL PARA VIAS F RREAS OU SEMELHANTES, E SUAS PARTES; APARELHOS MEC NICOS (INCLUINDO OS ELETROMEC NICOS) DE SINALIZA  O PARA VIAS DE COMUNICA  O."
8601;LOCOMOTIVAS E LOCOTRATORES, DE FONTE EXTERNA DE ELETRICIDADE OU DE ACUMULADORES EL TRICOS.
86011000;- DE FONTE EXTERNA DE ELETRICIDADE
86012000;- DE ACUMULADORES EL TRICOS
8602;"OUTRAS LOCOMOTIVAS E LOCOTRATORES; T NDERES."
86021000;- LOCOMOTIVAS DIESEL-EL TRICAS
86029000;- OUTROS
8603;LITORINAS (AUTOMOTORAS), MESMO PARA CIRCULA  O URBANA, EXCETO AS DA POSI  O 86.04.
86031000;- DE FONTE EXTERNA DE ELETRICIDADE
86039000;- OUTRAS
860400;VE CULOS PARA INSPE  O E MANUTEN  O DE VIAS F RREAS OU SEMELHANTES, MESMO AUTOPROPULSADOS (POR EXEMPLO, VAG ES-OFICINAS, VAG ES-GUINDASTES, VAG ES EQUIPADOS COM BATEDORES DE BALASTRO, ALINHADORES DE VIAS, VIATURAS PARA TESTES E DRESINAS).
86040010;AUTOPROPULSADOS, EQUIPADOS COM BATEDORES DE BALASTRO E ALINHADORES DE VIAS F RREAS
86040090;OUTROS
860500;VAG ES DE PASSAGEIROS (CARRUAGENS*), FURG ES PARA BAGAGEM, VAG ES-POSTAIS E OUTROS VAG ES ESPECIAIS, PARA VIAS F RREAS OU SEMELHANTES (EXCLUINDO AS VIATURAS DA POSI  O 86.04).
86050010;VAG ES DE PASSAGEIROS
86050090;OUTROS
8606;VAG ES PARA TRANSPORTE DE MERCADORIAS SOBRE VIAS F RREAS.
86061000;- VAG ES-TANQUE (VAG ES-CISTERNA) E SEMELHANTES
86063000;- VAG ES DE DESCARGA AUTOM TICA, EXCETO OS DA SUBPOSI  O 8606.10
86069;- OUTROS:
86069100;-- COBERTOS E FECHADOS
86069200;-- ABERTOS, COM PAREDES FIXAS DE ALTURA SUPERIOR A 60 CM
86069900;-- OUTROS
8607;PARTES DE VE CULOS PARA VIAS F RREAS OU SEMELHANTES.
86071;- BOGIES, BISSELS, EIXOS E RODAS, E SUAS PARTES:
860711;-- BOGIES E BISSELS, DE TRA  O
86071110;BOGIES
86071120;BISSELS
86071200;-- OUTROS BOGIES E BISSELS
860719;-- OUTROS, INCLUINDO AS PARTES
8607191;MANCAIS
86071911;COM ROLAMENTOS INCORPORADOS, DE DI METRO EXTERIOR SUPERIOR A 190 MM, DO TIPO UTILIZADO EM EIXOS DE RODAS DE VAG ES FERROVI RIOS
86071919;OUTROS
86071990;OUTROS
86072;- FREIOS (TRAV ES) E SUAS PARTES:
86072100;-- FREIOS (TRAV ES) A AR COMPRIMIDO E SUAS PARTES
86072900;-- OUTROS
86073000;- GANCHOS E OUTROS SISTEMAS DE ENGATE, PARA-CHOQUES, E SUAS PARTES
86079;- OUTRAS:
86079100;-- DE LOCOMOTIVAS OU DE LOCOTRATORES
86079900;-- OUTRAS
860800;"MATERIAL FIXO DE VIAS F RREAS OU SEMELHANTES; APARELHOS MEC NICOS (INCLUINDO OS ELETROMEC NICOS) DE SINALIZA  O, DE SEGURAN A, DE CONTROLE OU DE COMANDO PARA VIAS F RREAS OU SEMELHANTES, RODOVI RIAS OU FLUVIAIS, PARA  REAS OU PARQUES DE ESTACIONAMENTO, INSTALA  ES PORTU RIAS OU PARA AER DROMOS; SUAS PARTES."
8608001;APARELHOS MEC NICOS (INCLUINDO OS ELETROMEC NICOS) DE SINALIZA  O, DE SEGURAN A, DE CONTROLE OU DE COMANDO PARA VIAS F RREAS OU SEMELHANTES, RODOVI RIAS OU FLUVIAIS, PARA  REAS OU PARQUES DE ESTACIONAMENTO, INSTALA  ES PORTU RIAS OU PARA AER DROMOS
86080011;MEC NICOS
86080012;ELETROMEC NICOS
86080090;OUTROS
86090000;CONT INERES (CONTENTORES*), INCLUINDO OS DE TRANSPORTE DE FLUIDOS, ESPECIALMENTE CONCEBIDOS E EQUIPADOS PARA UM OU MAIS MEIOS DE TRANSPORTE.
87;VE CULOS AUTOM VEIS, TRATORES, CICLOS E OUTROS VE CULOS TERRESTRES, SUAS PARTES E ACESS RIOS.
8701;TRATORES (EXCETO OS CARROS-TRATORES DA POSI  O 87.09).
87011000;- TRATORES DE EIXO  NICO
87012;- TRATORES RODOVI RIOS PARA SEMIRREBOQUES:
87012100;-- UNICAMENTE COM MOTOR DE PIST O DE IGNI  O POR COMPRESS O (DIESEL OU SEMIDIESEL)
87012200;-- EQUIPADOS PARA PROPULS O, SIMULTANEAMENTE, COM MOTOR DE PIST O DE IGNI  O POR COMPRESS O (DIESEL OU SEMIDIESEL) E MOTOR EL TRICO
87012300;-- EQUIPADOS PARA PROPULS O, SIMULTANEAMENTE, COM MOTOR DE PIST O DE IGNI  O POR CENTELHA (FA SCA) E MOTOR EL TRICO
87012400;-- UNICAMENTE COM MOTOR EL TRICO PARA PROPULS O
87012900;-- OUTROS
87013000;- TRATORES DE LAGARTAS (ESTEIRAS)
87019;- OUTROS, COM UMA POT NCIA DE MOTOR:
87019100;-- N O SUPERIOR A 18 KW
87019200;-- SUPERIOR A 18 KW, MAS N O SUPERIOR A 37 KW
87019300;-- SUPERIOR A 37 KW, MAS N O SUPERIOR A 75 KW
870194;-- SUPERIOR A 75 KW, MAS N O SUPERIOR A 130 KW
87019410;TRATORES ESPECIALMENTE CONCEBIDOS PARA ARRASTAR TRONCOS (LOG SKIDDERS)
87019490;OUTROS
870195;-- SUPERIOR A 130 KW
87019510;TRATORES ESPECIALMENTE CONCEBIDOS PARA ARRASTAR TRONCOS (LOG SKIDDERS)
87019590;OUTROS
8702;VE CULOS AUTOM VEIS PARA TRANSPORTE DE DEZ PESSOAS OU MAIS, INCLUINDO O MOTORISTA.
87021000;- UNICAMENTE COM MOTOR DE PIST O DE IGNI  O POR COMPRESS O (DIESEL OU SEMIDIESEL)
87022000;- EQUIPADOS PARA PROPULS O, SIMULTANEAMENTE, COM MOTOR DE PIST O DE IGNI  O POR COMPRESS O (DIESEL OU SEMIDIESEL) E MOTOR EL TRICO
87023000;- EQUIPADOS PARA PROPULS O, SIMULTANEAMENTE, COM MOTOR DE PIST O DE IGNI  O POR CENTELHA (FA SCA) E MOTOR EL TRICO
870240;- UNICAMENTE COM MOTOR EL TRICO PARA PROPULS O
87024010;TR LEBUS
87024090;OUTROS
87029000;- OUTROS
8703;AUTOM VEIS DE PASSAGEIROS E OUTROS VE CULOS AUTOM VEIS PRINCIPALMENTE CONCEBIDOS PARA TRANSPORTE DE PESSOAS (EXCETO OS DA POSI  O 87.02), INCLUINDO OS VE CULOS DE USO MISTO (STATION WAGONS) E OS AUTOM VEIS DE CORRIDA.
87031000;"- VE CULOS ESPECIALMENTE CONCEBIDOS PARA SE DESLOCAR SOBRE A NEVE; VE CULOS ESPECIAIS PARA TRANSPORTE DE PESSOAS NOS CAMPOS DE GOLFE E VE CULOS SEMELHANTES"
87032;- OUTROS VE CULOS, UNICAMENTE COM MOTOR DE PIST O DE IGNI  O POR CENTELHA (FA SCA):
87032100;-- DE CILINDRADA N O SUPERIOR A 1.000 CM3
870322;-- DE CILINDRADA SUPERIOR A 1.000 CM3, MAS N O SUPERIOR A 1.500 CM3
87032210;COM CAPACIDADE DE TRANSPORTE DE PESSOAS SENTADAS INFERIOR OU IGUAL A SEIS, INCLUINDO O MOTORISTA
87032290;OUTROS
870323;-- DE CILINDRADA SUPERIOR A 1.500 CM3, MAS N O SUPERIOR A 3.000 CM3
87032310;COM CAPACIDADE DE TRANSPORTE DE PESSOAS SENTADAS INFERIOR OU IGUAL A SEIS, INCLUINDO O MOTORISTA
87032390;OUTROS
870324;-- DE CILINDRADA SUPERIOR A 3.000 CM3
87032410;COM CAPACIDADE DE TRANSPORTE DE PESSOAS SENTADAS INFERIOR OU IGUAL A SEIS, INCLUINDO O MOTORISTA
87032490;OUTROS
87033;- OUTROS VE CULOS, UNICAMENTE COM MOTOR DE PIST O DE IGNI  O POR COMPRESS O (DIESEL OU SEMIDIESEL):
870331;-- DE CILINDRADA N O SUPERIOR A 1.500 CM3
87033110;COM CAPACIDADE DE TRANSPORTE DE PESSOAS SENTADAS INFERIOR OU IGUAL A SEIS, INCLUINDO O MOTORISTA
87033190;OUTROS
870332;-- DE CILINDRADA SUPERIOR A 1.500 CM3, MAS N O SUPERIOR A 2.500 CM3
87033210;COM CAPACIDADE DE TRANSPORTE DE PESSOAS SENTADAS INFERIOR OU IGUAL A SEIS, INCLUINDO O MOTORISTA
87033290;OUTROS
870333;-- DE CILINDRADA SUPERIOR A 2.500 CM3
87033310;COM CAPACIDADE DE TRANSPORTE DE PESSOAS SENTADAS INFERIOR OU IGUAL A SEIS, INCLUINDO O MOTORISTA
87033390;OUTROS
87034000;- OUTROS VE CULOS, EQUIPADOS PARA PROPULS O, SIMULTANEAMENTE, COM MOTOR DE PIST O DE IGNI  O POR CENTELHA (FA SCA) E MOTOR EL TRICO, EXCETO OS SUSCET VEIS DE SEREM CARREGADOS POR CONEX O A UMA FONTE EXTERNA DE ENERGIA EL TRICA
87035000;- OUTROS VE CULOS, EQUIPADOS PARA PROPULS O, SIMULTANEAMENTE, COM MOTOR DE PIST O DE IGNI  O POR COMPRESS O (DIESEL OU SEMIDIESEL) E MOTOR EL TRICO, EXCETO OS SUSCET VEIS DE SEREM CARREGADOS POR CONEX O A UMA FONTE EXTERNA DE ENERGIA EL TRICA
87036000;- OUTROS VE CULOS, EQUIPADOS PARA PROPULS O, SIMULTANEAMENTE, COM MOTOR DE PIST O DE IGNI  O POR CENTELHA (FA SCA) E MOTOR EL TRICO, SUSCET VEIS DE SEREM CARREGADOS POR CONEX O A UMA FONTE EXTERNA DE ENERGIA EL TRICA
87037000;- OUTROS VE CULOS, EQUIPADOS PARA PROPULS O, SIMULTANEAMENTE, COM MOTOR DE PIST O DE IGNI  O POR COMPRESS O (DIESEL OU SEMIDIESEL) E MOTOR EL TRICO, SUSCET VEIS DE SEREM CARREGADOS POR CONEX O A UMA FONTE EXTERNA DE ENERGIA EL TRICA
87038000;- OUTROS VE CULOS, EQUIPADOS UNICAMENTE COM MOTOR EL TRICO PARA PROPULS O
87039000;- OUTROS
8704;VE CULOS AUTOM VEIS PARA TRANSPORTE DE MERCADORIAS.
870410;- DUMPERS CONCEBIDOS PARA SEREM UTILIZADOS FORA DE RODOVIAS
87041010;COM CAPACIDADE DE CARGA IGUAL OU SUPERIOR A 85 TONELADAS
87041090;OUTROS
87042;- OUTROS, UNICAMENTE COM MOTOR DE PIST O, DE IGNI  O POR COMPRESS O (DIESEL OU SEMIDIESEL):
870421;-- DE PESO EM CARGA M XIMA (BRUTO) N O SUPERIOR A 5 TONELADAS
87042110;CHASSIS COM MOTOR E CABINA
87042120;COM CAIXA BASCULANTE
87042130;FRIGOR FICOS OU ISOT RMICOS
87042190;OUTROS
870422;-- DE PESO EM CARGA M XIMA (BRUTO) SUPERIOR A 5 TONELADAS, MAS N O SUPERIOR A 20 TONELADAS
87042210;CHASSIS COM MOTOR E CABINA
87042220;COM CAIXA BASCULANTE
87042230;FRIGOR FICOS OU ISOT RMICOS
87042290;OUTROS
870423;-- DE PESO EM CARGA M XIMA (BRUTO) SUPERIOR A 20 TONELADAS
87042310;CHASSIS COM MOTOR E CABINA
87042320;COM CAIXA BASCULANTE
87042330;FRIGOR FICOS OU ISOT RMICOS
87042340;DE CHASSIS ARTICULADO, PARA O TRANSPORTE DE TRONCOS (FORWARDER), COM GRUA INCORPORADA, DE POT NCIA M XIMA IGUAL OU SUPERIOR A 126 KW (170 HP)
87042390;OUTROS
87043;- OUTROS, UNICAMENTE COM MOTOR DE PIST O, DE IGNI  O POR CENTELHA (FA SCA):
870431;-- DE PESO EM CARGA M XIMA (BRUTO) N O SUPERIOR A 5 TONELADAS
87043110;CHASSIS COM MOTOR E CABINA
87043120;COM CAIXA BASCULANTE
87043130;FRIGOR FICOS OU ISOT RMICOS
87043190;OUTROS
870432;-- DE PESO EM CARGA M XIMA (BRUTO) SUPERIOR A 5 TONELADAS
87043210;CHASSIS COM MOTOR E CABINA
87043220;COM CAIXA BASCULANTE
87043230;FRIGOR FICOS OU ISOT RMICOS
87043290;OUTROS
87044;- OUTROS, EQUIPADOS PARA PROPULS O, SIMULTANEAMENTE, COM MOTOR DE PIST O DE IGNI  O POR COMPRESS O (DIESEL OU SEMIDIESEL) E MOTOR EL TRICO:
87044100;-- DE PESO EM CARGA M XIMA (BRUTO) N O SUPERIOR A 5 TONELADAS
87044200;-- DE PESO EM CARGA M XIMA (BRUTO) SUPERIOR A 5 TONELADAS, MAS N O SUPERIOR A 20 TONELADAS
87044300;-- DE PESO EM CARGA M XIMA (BRUTO) SUPERIOR A 20 TONELADAS
87045;- OUTROS, EQUIPADOS PARA PROPULS O, SIMULTANEAMENTE, COM MOTOR DE PIST O DE IGNI  O POR CENTELHA (FA SCA) E MOTOR EL TRICO:
87045100;-- DE PESO EM CARGA M XIMA (BRUTO) N O SUPERIOR A 5 TONELADAS
87045200;-- DE PESO EM CARGA M XIMA (BRUTO) SUPERIOR A 5 TONELADAS
87046000;- OUTROS, UNICAMENTE COM MOTOR EL TRICO PARA PROPULS O
87049000;- OUTROS
8705;VE CULOS AUTOM VEIS PARA USOS ESPECIAIS (POR EXEMPLO, AUTOSSOCORROS, CAMINH ES-GUINDASTES, VE CULOS DE COMBATE A INC NDIO, CAMINH ES-BETONEIRAS, VE CULOS PARA VARRER, VE CULOS PARA ESPALHAR, VE CULOS-OFICINAS, VE CULOS RADIOL GICOS), EXCETO OS CONCEBIDOS PRINCIPALMENTE PARA TRANSPORTE DE PESSOAS OU DE MERCADORIAS.
870510;- CAMINH ES-GUINDASTES
87051020;COM TODOS OS EIXOS DE RODAS DIRECION VEIS E CAPACIDADE M XIMA DE ELEVA  O INFERIOR A 100 T
87051030;COM CAPACIDADE M XIMA DE ELEVA  O IGUAL OU SUPERIOR A 100 T
87051090;OUTROS
87052000;- TORRES (DERRICKS) AUTOM VEIS, PARA SONDAGEM OU PERFURA  O
87053000;- VE CULOS DE COMBATE A INC NDIO
87054000;- CAMINH ES-BETONEIRAS
870590;- OUTROS
87059010;CAMINH ES PARA A DETERMINA  O DE PAR METROS F SICOS CARACTER STICOS (PERFILAGEM) DE PO OS PETROL FEROS
87059090;OUTROS
870600;CHASSIS COM MOTOR PARA OS VE CULOS AUTOM VEIS DAS POSI  ES 87.01 A 87.05.
87060010;DOS VE CULOS DA POSI  O 87.02
87060020;DOS VE CULOS DAS SUBPOSI  ES 8701.10, 8701.30, 8701.91 A 8701.95 OU 8704.10
87060090;OUTROS
8707;CARRO ARIAS PARA OS VE CULOS AUTOM VEIS DAS POSI  ES 87.01 A 87.05, INCLUINDO AS CABINAS.
87071000;- PARA OS VE CULOS DA POSI  O 87.03
870790;- OUTRAS
87079010;DOS VE CULOS DAS SUBPOSI  ES 8701.10, 8701.30, 8701.91 A 8701.95 OU 8704.10
87079090;OUTRAS
8708;PARTES E ACESS RIOS DOS VE CULOS AUTOM VEIS DAS POSI  ES 87.01 A 87.05.
87081000;- PARA-CHOQUES E SUAS PARTES
87082;- OUTRAS PARTES E ACESS RIOS DE CARRO ARIAS (INCLUINDO AS DE CABINAS):
87082100;-- CINTOS DE SEGURAN A
87082200;-- PARA-BRISAS, VIDROS TRASEIROS E OUTROS VIDROS ESPECIFICADOS NA NOTA DE SUBPOSI  O 1 DO PRESENTE CAP TULO
870829;-- OUTROS
8708291;DOS VE CULOS DAS SUBPOSI  ES 8701.10, 8701.30, 8701.91 A 8701.95 OU 8704.10
87082911;PARA-LAMAS
87082912;GRADES DE RADIADORES
87082913;PORTAS
87082914;PAIN IS DE INSTRUMENTOS
87082919;OUTROS
8708299;OUTROS
87082991;PARA-LAMAS
87082992;GRADES DE RADIADORES
87082993;PORTAS
87082994;PAIN IS DE INSTRUMENTOS
87082995;GERADORES DE G S PARA ACIONAR RETRATORES DE CINTOS DE SEGURAN A
87082999;OUTROS
870830;"- FREIOS (TRAV ES) E SERVOFREIOS; SUAS PARTES"
8708301;GUARNI  ES DE FREIOS (TRAV ES) MONTADAS
87083011;DOS VE CULOS DAS SUBPOSI  ES 8701.10, 8701.30, 8701.91 A 8701.95 OU 8704.10
87083019;OUTRAS
87083090;OUTROS
870840;- CAIXAS DE MARCHAS (VELOCIDADES*) E SUAS PARTES
8708401;CAIXAS DE MARCHAS DOS VE CULOS DAS SUBPOSI  ES 8701.10, 8701.30, 8701.91 A 8701.95 OU 8704.10
87084011;SERVO-ASSISTIDAS, PR PRIAS PARA TORQUES DE ENTRADA SUPERIORES OU IGUAIS A 750 NM
87084019;OUTRAS
87084080;OUTRAS CAIXAS DE MARCHAS
87084090;PARTES
870850;"- EIXOS MOTORES COM DIFERENCIAL, MESMO PROVIDOS DE OUTROS COMPONENTES DE TRANSMISS O, E EIXOS N O MOTORES; SUAS PARTES"
8708501;DOS VE CULOS DAS SUBPOSI  ES 8701.10, 8701.30, 8701.91 A 8701.95 OU 8704.10
87085011;EIXOS COM DIFERENCIAL COM CAPACIDADE DE SUPORTAR CARGAS SUPERIORES OU IGUAIS A 14.000 KG, REDUTORES PLANET RIOS NOS EXTREMOS E DISPOSITIVO DE FREIO (TRAV O) INCORPORADO, DO TIPO UTILIZADO EM VE CULOS DA SUBPOSI  O 8704.10
87085012;EIXOS N O MOTORES
87085019;OUTROS
87085080;OUTROS
8708509;PARTES
87085091;DE EIXOS N O MOTORES, DOS VE CULOS DAS SUBPOSI  ES 8701.10, 8701.30, 8701.91 A 8701.95 OU 8704.10
87085099;OUTRAS
870870;- RODAS, SUAS PARTES E ACESS RIOS
87087010;DE EIXOS PROPULSORES DOS VE CULOS DAS SUBPOSI  ES 8701.10, 8701.30, 8701.91 A 8701.95 OU 8704.10
87087090;OUTROS
87088000;- SISTEMAS DE SUSPENS O E SUAS PARTES (INCLUINDO OS AMORTECEDORES DE SUSPENS O)
87089;- OUTRAS PARTES E ACESS RIOS:
87089100;-- RADIADORES E SUAS PARTES
87089200;"-- SILENCIOSOS E TUBOS DE ESCAPE; SUAS PARTES"
87089300;-- EMBREAGENS E SUAS PARTES
870894;"-- VOLANTES, COLUNAS E CAIXAS, DE DIRE  O; SUAS PARTES"
8708941;VOLANTES, COLUNAS E CAIXAS, DE DIRE  O DOS VE CULOS DAS SUBPOSI  ES 8701.10, 8701.30, 8701.91 A 8701.95 OU 8704.10
87089411;VOLANTES
87089412;COLUNAS
87089413;CAIXAS
8708948;OUTROS
87089481;VOLANTES
87089482;COLUNAS
87089483;CAIXAS
87089490;PARTES
870895;"-- BOLSAS INFL VEIS DE SEGURAN A COM SISTEMA DE INSUFLA  O (AIRBAGS); SUAS PARTES"
87089510;BOLSAS INFL VEIS DE SEGURAN A COM SISTEMA DE INSUFLA  O (AIRBAGS)
8708952;PARTES
87089521;BOLSAS INFL VEIS PARA AIRBAGS
87089522;SISTEMA DE INSUFLA  O
87089529;OUTRAS
870899;-- OUTROS
87089910;DISPOSITIVOS PARA COMANDO DE ACELERADOR, FREIO (TRAV O), EMBREAGEM, DIRE  O OU CAIXA DE MARCHAS MESMO OS DE ADAPTA  O DOS PREEXISTENTES, DO TIPO UTILIZADO POR PESSOAS INCAPACITADAS
87089990;OUTROS
8709;"VE CULOS AUTOM VEIS SEM DISPOSITIVO DE ELEVA  O, DO TIPO UTILIZADO EM F BRICAS, ARMAZ NS, PORTOS OU AEROPORTOS, PARA TRANSPORTE DE MERCADORIAS A CURTAS DIST NCIAS; CARROS-TRATORES DO TIPO UTILIZADO NAS ESTA  ES FERROVI RIAS; SUAS PARTES."
87091;- VE CULOS:
87091100;-- EL TRICOS
87091900;-- OUTROS
87099000;- PARTES
87100000;TANQUES E OUTROS VE CULOS BLINDADOS DE COMBATE, ARMADOS OU N O, E SUAS PARTES.
8711;"MOTOCICLETAS (INCLUINDO OS CICLOMOTORES) E OUTROS CICLOS EQUIPADOS COM MOTOR AUXILIAR, MESMO COM CARRO LATERAL; CARROS LATERAIS."
87111000;- COM MOTOR DE PIST O DE CILINDRADA N O SUPERIOR A 50 CM3
871120;- COM MOTOR DE PIST O DE CILINDRADA SUPERIOR A 50 CM3, MAS N O SUPERIOR A 250 CM3
87112010;MOTOCICLETAS DE CILINDRADA INFERIOR OU IGUAL A 125 CM3
87112020;MOTOCICLETAS DE CILINDRADA SUPERIOR A 125 CM3
87112090;OUTROS
87113000;- COM MOTOR DE PIST O DE CILINDRADA SUPERIOR A 250 CM3, MAS N O SUPERIOR A 500 CM3
87114000;- COM MOTOR DE PIST O DE CILINDRADA SUPERIOR A 500 CM3, MAS N O SUPERIOR A 800 CM3
87115000;- COM MOTOR DE PIST O DE CILINDRADA SUPERIOR A 800 CM3
87116000;- COM MOTOR EL TRICO PARA PROPULS O
87119000;- OUTROS
871200;BICICLETAS E OUTROS CICLOS (INCLUINDO OS TRICICLOS), SEM MOTOR.
87120010;BICICLETAS
87120090;OUTROS
8713;CADEIRAS DE RODAS E OUTROS VE CULOS PARA PESSOAS COM INCAPACIDADE, MESMO COM MOTOR OU OUTRO MECANISMO DE PROPULS O.
87131000;- SEM MECANISMO DE PROPULS O
87139000;- OUTROS
8714;PARTES E ACESS RIOS DOS VE CULOS DAS POSI  ES 87.11 A 87.13.
87141000;- DE MOTOCICLETAS (INCLUINDO OS CICLOMOTORES)
87142000;- DE CADEIRAS DE RODAS OU DE OUTROS VE CULOS PARA PESSOAS COM INCAPACIDADE
87149;- OUTROS:
87149100;-- QUADROS E GARFOS, E SUAS PARTES
87149200;-- AROS E RAIOS
871493;-- CUBOS, EXCETO DE FREIOS (TRAV ES), E PINH ES DE RODAS LIVRES
8714931;CUBOS, EXCETO DE FREIOS (TRAV ES)
87149311;SEM ROSCA, PARA PINH ES DO TIPO CASSETE
87149319;OUTROS
87149320;PINH ES DE RODAS LIVRES
871494;-- FREIOS (TRAV ES), INCLUINDO OS CUBOS DE FREIOS (TRAV ES), E SUAS PARTES
87149410;CUBOS DE FREIOS (TRAV ES)
87149490;OUTROS
87149500;-- SELINS
871496;-- PEDAIS E PEDALEIROS, E SUAS PARTES
8714961;PEDALEIROS E SUAS PARTES
87149611;PEDALEIROS COM PEDIVELAS DE PE A  NICA (MONOBLOCO)
87149612;PEDIVELAS DE PE A  NICA (MONOBLOCO)
87149619;OUTROS
87149690;OUTROS
871499;-- OUTROS
87149910;C MBIO DE VELOCIDADES
87149920;CAIXAS DE DIRE  O SEM ROSCA
87149990;OUTROS
87150000;CARRINHOS E VE CULOS SEMELHANTES PARA TRANSPORTE DE CRIAN AS, E SUAS PARTES.
8716;"REBOQUES E SEMIRREBOQUES, PARA QUAISQUER VE CULOS; OUTROS VE CULOS N O AUTOPROPULSADOS; SUAS PARTES."
87161000;- REBOQUES E SEMIRREBOQUES, PARA HABITA  O OU PARA ACAMPAR, DO TIPO TRAILER (CARAVANA*)
87162000;- REBOQUES E SEMIRREBOQUES, AUTOCARREG VEIS OU AUTODESCARREG VEIS, PARA USOS AGR COLAS
87163;- OUTROS REBOQUES E SEMIRREBOQUES, PARA TRANSPORTE DE MERCADORIAS:
87163100;-- TANQUES (CISTERNAS)
87163900;-- OUTROS
87164000;- OUTROS REBOQUES E SEMIRREBOQUES
87168000;- OUTROS VE CULOS
871690;- PARTES
87169010;CHASSIS DE REBOQUES E SEMIRREBOQUES
87169090;OUTRAS
88;AERONAVES E APARELHOS ESPACIAIS, E SUAS PARTES.
88010000;"BAL ES E DIRIG VEIS; PLANADORES, ASAS VOADORAS E OUTROS VE CULOS A REOS, N O CONCEBIDOS PARA PROPULS O A MOTOR."
8802;"OUTROS VE CULOS A REOS (POR EXEMPLO, HELIC PTEROS, AVI ES), EXCETO VE CULOS A REOS (AERONAVES) N O TRIPULADOS DA POSI  O 88.06; VE CULOS ESPACIAIS (INCLUINDO OS SAT LITES) E SEUS VE CULOS DE LAN AMENTO, E VE CULOS SUBORBITAIS."
88021;- HELIC PTEROS:
88021100;-- DE PESO N O SUPERIOR A 2.000 KG, VAZIOS (SEM CARGA)
880212;-- DE PESO SUPERIOR A 2.000 KG, VAZIOS (SEM CARGA)
88021210;DE PESO N O SUPERIOR A 3.500 KG
88021290;OUTROS
880220;- AVI ES E OUTROS VE CULOS A REOS, DE PESO N O SUPERIOR A 2.000 KG, VAZIOS (SEM CARGA)
88022010;A H LICE
8802202;A TURBO LICE
88022021;MONOMOTORES
88022022;MULTIMOTORES
88022090;OUTROS
880230;- AVI ES E OUTROS VE CULOS A REOS, DE PESO SUPERIOR A 2.000 KG, MAS N O SUPERIOR A 15.000 KG, VAZIOS (SEM CARGA)
88023010;A H LICE
8802302;A TURBO LICE
88023021;MULTIMOTORES, DE PESO N O SUPERIOR A 7.000 KG, VAZIOS (SEM CARGA)
88023029;OUTROS
8802303;A TURBOJATO
88023031;DE PESO N O SUPERIOR A 7.000 KG, VAZIOS (SEM CARGA)
88023039;OUTROS
88023090;OUTROS
880240;- AVI ES E OUTROS VE CULOS A REOS, DE PESO SUPERIOR A 15.000 KG, VAZIOS (SEM CARGA)
88024010;A TURBO LICE
88024090;OUTROS
88026000;- VE CULOS ESPACIAIS (INCLUINDO OS SAT LITES) E SEUS VE CULOS DE LAN AMENTO, E VE CULOS SUBORBITAIS
88040000;"PARAQUEDAS (INCLUINDO OS PARAQUEDAS DIRIG VEIS E OS PARAPENTES) E OS PARAQUEDAS GIRAT RIOS; SUAS PARTES E ACESS RIOS."
8805;"APARELHOS E DISPOSITIVOS PARA LAN AMENTO DE VE CULOS A REOS; APARELHOS E DISPOSITIVOS PARA ATERRISSAGEM (ATERRAGEM) DE VE CULOS A REOS EM PORTA-AVI ES E APARELHOS E DISPOSITIVOS SEMELHANTES; APARELHOS DE TREINAMENTO DE VOO EM TERRA; SUAS PARTES."
88051000;"- APARELHOS E DISPOSITIVOS PARA LAN AMENTO DE VE CULOS A REOS, E SUAS PARTES; APARELHOS E DISPOSITIVOS PARA ATERRISSAGEM (ATERRAGEM) DE VE CULOS A REOS EM PORTA-AVI ES E APARELHOS E DISPOSITIVOS SEMELHANTES, E SUAS PARTES"
88052;- APARELHOS DE TREINAMENTO DE VOO EM TERRA E SUAS PARTES:
88052100;-- SIMULADORES DE COMBATE A REO E SUAS PARTES
88052900;-- OUTROS
8806;VE CULOS A REOS (AERONAVES) N O TRIPULADOS.
88061000;- CONCEBIDOS PARA O TRANSPORTE DE PASSAGEIROS
88062;- OUTROS, CONCEBIDOS UNICAMENTE PARA SEREM PILOTADOS REMOTAMENTE:
88062100;-- DE PESO M XIMO DE DECOLAGEM N O SUPERIOR A 250 G
88062200;-- DE PESO M XIMO DE DECOLAGEM SUPERIOR A 250 G, MAS N O SUPERIOR A 7 KG
88062300;-- DE PESO M XIMO DE DECOLAGEM SUPERIOR A 7 KG, MAS N O SUPERIOR A 25 KG
88062400;-- DE PESO M XIMO DE DECOLAGEM SUPERIOR A 25 KG, MAS N O SUPERIOR A 150 KG
88062900;-- OUTROS
88069;- OUTROS:
88069100;-- DE PESO M XIMO DE DECOLAGEM N O SUPERIOR A 250 G
88069200;-- DE PESO M XIMO DE DECOLAGEM SUPERIOR A 250 G, MAS N O SUPERIOR A 7 KG
88069300;-- DE PESO M XIMO DE DECOLAGEM SUPERIOR A 7 KG, MAS N O SUPERIOR A 25 KG
88069400;-- DE PESO M XIMO DE DECOLAGEM SUPERIOR A 25 KG, MAS N O SUPERIOR A 150 KG
88069900;-- OUTROS
8807;PARTES DOS APARELHOS DAS POSI  ES 88.01, 88.02 OU 88.06.
88071000;- H LICES E ROTORES, E SUAS PARTES
88072000;- TRENS DE ATERRISSAGEM (ATERRAGEM) E SUAS PARTES
88073000;- OUTRAS PARTES DE AVI ES, DE HELIC PTEROS OU DE VE CULOS A REOS (AERONAVES) N O TRIPULADOS
88079000;- OUTRAS
89;EMBARCA  ES E ESTRUTURAS FLUTUANTES.
8901;TRANSATL NTICOS, BARCOS DE EXCURS O, FERRYBOATS, CARGUEIROS, CHATAS E EMBARCA  ES SEMELHANTES, PARA O TRANSPORTE DE PESSOAS OU DE MERCADORIAS.
89011000;"- TRANSATL NTICOS, BARCOS DE EXCURS O E EMBARCA  ES SEMELHANTES PRINCIPALMENTE CONCEBIDAS PARA O TRANSPORTE DE PESSOAS; FERRYBOATS"
89012000;- NAVIOS-TANQUE
89013000;- BARCOS FRIGOR FICOS, EXCETO OS DA SUBPOSI  O 8901.20
89019000;- OUTRAS EMBARCA  ES PARA O TRANSPORTE DE MERCADORIAS OU PARA O TRANSPORTE DE PESSOAS E DE MERCADORIAS
890200;"BARCOS DE PESCA; NAVIOS-F BRICAS E OUTRAS EMBARCA  ES PARA O TRATAMENTO OU CONSERVA  O DE PRODUTOS DA PESCA."
89020010;DE COMPRIMENTO, DE PROA A POPA, IGUAL OU SUPERIOR A 35 M
89020090;OUTROS
8903;"IATES E OUTROS BARCOS E EMBARCA  ES DE RECREIO OU DE ESPORTE; BARCOS A REMOS E CANOAS."
89031;- BARCOS INFL VEIS, MESMO COM CASCO R GIDO:
89031100;-- EQUIPADOS COM UM MOTOR OU CONCEBIDOS PARA COMPORT -LO, DE PESO VAZIO (SEM CARGA) SEM MOTOR N O SUPERIOR A 100 KG
89031200;-- N O CONCEBIDOS PARA SEREM UTILIZADOS COM UM MOTOR E DE PESO VAZIO (SEM CARGA) N O SUPERIOR A 100 KG
89031900;-- OUTROS
89032;- BARCOS   VELA, EXCETO OS INFL VEIS, MESMO COM MOTOR AUXILIAR:
89032100;-- DE COMPRIMENTO N O SUPERIOR A 7,5 M
89032200;-- DE COMPRIMENTO SUPERIOR A 7,5 M, MAS N O SUPERIOR A 24 M
89032300;-- DE COMPRIMENTO SUPERIOR A 24 M
89033;- BARCOS A MOTOR, EXCETO OS INFL VEIS, N O EQUIPADOS COM MOTOR FORA DE BORDA:
89033100;-- DE COMPRIMENTO N O SUPERIOR A 7,5 M
89033200;-- DE COMPRIMENTO SUPERIOR A 7,5 M, MAS N O SUPERIOR A 24 M
89033300;-- DE COMPRIMENTO SUPERIOR A 24 M
89039;- OUTROS:
89039300;-- DE COMPRIMENTO N O SUPERIOR A 7,5 M
89039900;-- OUTROS
89040000;REBOCADORES E BARCOS CONCEBIDOS PARA EMPURRAR OUTRAS EMBARCA  ES.
8905;"BARCOS-FAR IS, BARCOS-BOMBAS, DRAGAS, GUINDASTES FLUTUANTES E OUTRAS EMBARCA  ES EM QUE A NAVEGA  O   ACESS RIA DA FUN  O PRINCIPAL; DOCAS FLUTUANTES; PLATAFORMAS DE PERFURA  O OU DE EXPLORA  O, FLUTUANTES OU SUBMERS VEIS."
89051000;- DRAGAS
89052000;- PLATAFORMAS DE PERFURA  O OU DE EXPLORA  O, FLUTUANTES OU SUBMERS VEIS
89059000;- OUTROS
8906;OUTRAS EMBARCA  ES, INCLUINDO OS NAVIOS DE GUERRA E OS BARCOS SALVA-VIDAS, EXCETO OS BARCOS A REMOS.
89061000;- NAVIOS DE GUERRA
89069000;- OUTRAS
8907;OUTRAS ESTRUTURAS FLUTUANTES (POR EXEMPLO, BALSAS, RESERVAT RIOS, CAIX ES, BOIAS DE AMARRA  O, BOIAS DE SINALIZA  O E SEMELHANTES).
89071000;- BALSAS INFL VEIS
89079000;- OUTRAS
89080000;EMBARCA  ES E OUTRAS ESTRUTURAS FLUTUANTES, PARA DESMANTELAR.
90;"INSTRUMENTOS E APARELHOS DE  PTICA, DE FOTOGRAFIA, DE CINEMATOGRAFIA, DE MEDIDA, DE CONTROLE OU DE PRECIS O; INSTRUMENTOS E APARELHOS M DICO-CIR RGICOS; SUAS PARTES E ACESS RIOS."
9001;"FIBRAS  PTICAS E FEIXES DE FIBRAS  PTICAS; CABOS DE FIBRAS  PTICAS, EXCETO OS DA POSI  O 85.44; MAT RIAS POLARIZANTES EM FOLHAS OU EM PLACAS; LENTES (INCLUINDO AS DE CONTATO), PRISMAS, ESPELHOS E OUTROS ELEMENTOS DE  PTICA, DE QUALQUER MAT RIA, N O MONTADOS, EXCETO OS DE VIDRO N O TRABALHADO OPTICAMENTE."
900110;- FIBRAS  PTICAS, FEIXES E CABOS DE FIBRAS  PTICAS
9001101;FIBRAS  PTICAS
90011011;DE DI METRO DE N CLEO INFERIOR A 11 MICR METROS (M CRONS)
90011019;OUTRAS
90011020;FEIXES E CABOS DE FIBRAS  PTICAS
90012000;- MAT RIAS POLARIZANTES EM FOLHAS OU EM PLACAS
90013000;- LENTES DE CONTATO
90014000;- LENTES DE VIDRO, PARA  CULOS
90015000;- LENTES DE OUTRAS MAT RIAS, PARA  CULOS
900190;- OUTROS
90019010;LENTES
90019090;OUTROS
9002;LENTES, PRISMAS, ESPELHOS E OUTROS ELEMENTOS DE  PTICA, DE QUALQUER MAT RIA, MONTADOS, PARA INSTRUMENTOS OU APARELHOS, EXCETO OS DE VIDRO N O TRABALHADO OPTICAMENTE.
90021;- OBJETIVAS:
900211;-- PARA C MERAS, PARA PROJETORES OU PARA APARELHOS FOTOGR FICOS OU CINEMATOGR FICOS, DE AMPLIA  O OU DE REDU  O
9002111;PARA C MERAS FOTOGR FICAS OU CINEMATOGR FICAS OU PARA PROJETORES
90021111;PARA C MERAS FOTOGR FICAS
90021119;OUTRAS
90021120;DE APROXIMA  O (ZOOM) PARA C MERAS DE TELEVIS O, DE 20 OU MAIS AUMENTOS
90021190;OUTRAS
90021900;-- OUTRAS
900220;- FILTROS
90022010;POLARIZANTES
90022090;OUTROS
900290;- OUTROS
90029010;COMUTADORES (SWITCHES) OPTOMEC NICOS, DO TIPO UTILIZADO EM REDES  PTICAS DE TRANSMISS O DE DADOS, PR PRIOS PARA MONTAGEM POR INSER  O (PTH - PIN THROUGH HOLE)
90029090;OUTROS
9003;ARMA  ES PARA  CULOS E ARTIGOS SEMELHANTES, E SUAS PARTES.
90031;- ARMA  ES:
90031100;-- DE PL STICO
900319;-- DE OUTRAS MAT RIAS
90031910;DE METAIS COMUNS, MESMO FOLHEADOS OU CHAPEADOS DE METAIS PRECIOSOS (PLAQU )
90031990;OUTRAS
900390;- PARTES
90039010;CHARNEIRAS
90039090;OUTRAS
9004;CULOS PARA CORRE  O, PROTE  O OU OUTROS FINS, E ARTIGOS SEMELHANTES.
90041000;-  CULOS DE SOL
900490;- OUTROS
90049010;CULOS PARA CORRE  O
90049020;CULOS DE SEGURAN A
90049090;OUTROS
9005;"BIN CULOS, LUNETAS, INCLUINDO AS ASTRON MICAS, TELESC PIOS  PTICOS, E SUAS ARMA  ES; OUTROS INSTRUMENTOS DE ASTRONOMIA E SUAS ARMA  ES, EXCETO OS APARELHOS DE RADIOASTRONOMIA."
90051000;- BIN CULOS
90058000;- OUTROS INSTRUMENTOS
900590;- PARTES E ACESS RIOS (INCLUINDO AS ARMA  ES)
90059010;DE BIN CULOS
90059090;OUTROS
9006;"C MERAS FOTOGR FICAS; APARELHOS E DISPOSITIVOS, INCLUINDO AS L MPADAS E TUBOS, DE LUZ REL MPAGO (FLASH), PARA FOTOGRAFIA, EXCETO AS L MPADAS E TUBOS DE DESCARGA DA POSI  O 85.39."
90063000;- C MERAS FOTOGR FICAS ESPECIALMENTE CONCEBIDAS PARA FOTOGRAFIA SUBMARINA OU A REA, PARA EXAME M DICO DE  RG OS INTERNOS OU PARA LABORAT RIOS DE MEDICINA LEGAL OU DE INVESTIGA  O JUDICIAL
90064000;- C MERAS FOTOGR FICAS PARA FILMES DE REVELA  O E C PIA INSTANT NEAS
90065;- OUTRAS C MERAS FOTOGR FICAS:
900653;-- PARA FILMES EM ROLOS DE 35 MM DE LARGURA
90065310;DE FOCO FIXO
90065320;DE FOCO AJUST VEL
900659;-- OUTRAS
90065930;FOTOCOMPOSITORAS A LASER PARA PREPARA  O DE CLICH S
90065940;OUTRAS, DE FOCO FIXO
9006595;OUTRAS, DE FOCO AJUST VEL
90065951;PARA OBTEN  O DE NEGATIVOS DE 45 MM X 60 MM OU DE DIMENS ES SUPERIORES
90065959;OUTRAS
90066;- APARELHOS E DISPOSITIVOS, INCLUINDO AS L MPADAS E TUBOS, DE LUZ REL MPAGO (FLASH), PARA FOTOGRAFIA:
90066100;"-- APARELHOS DE TUBO DE DESCARGA PARA PRODU  O DE LUZ REL MPAGO (FLASH) (DENOMINADOS ""FLASHES ELETR NICOS"")"
90066900;-- OUTROS
90069;- PARTES E ACESS RIOS:
900691;-- DE C MERAS FOTOGR FICAS
90069110;CORPOS
90069190;OUTROS
90069900;-- OUTROS
9007;C MERAS E PROJETORES, CINEMATOGR FICOS, MESMO COM APARELHOS DE GRAVA  O OU DE REPRODU  O DE SOM INCORPORADOS.
90071000;- C MERAS
900720;- PROJETORES
90072020;PARA FILMES DE LARGURA IGUAL OU SUPERIOR A 35 MM, MAS N O SUPERIOR A 70 MM
90072090;OUTROS
90079;- PARTES E ACESS RIOS:
90079100;-- DE C MERAS
90079200;-- DE PROJETORES
9008;"APARELHOS DE PROJE  O FIXA; APARELHOS FOTOGR FICOS DE AMPLIA  O OU DE REDU  O."
90085000;- PROJETORES E APARELHOS DE AMPLIA  O OU DE REDU  O
90089000;- PARTES E ACESS RIOS
9010;"APARELHOS E EQUIPAMENTOS PARA LABORAT RIOS FOTOGR FICOS OU CINEMATOGR FICOS, N O ESPECIFICADOS NEM COMPREENDIDOS NOUTRAS POSI  ES DO PRESENTE CAP TULO; NEGATOSC PIOS; TELAS PARA PROJE  O."
901010;- APARELHOS E EQUIPAMENTOS PARA REVELA  O AUTOM TICA DE FILMES FOTOGR FICOS, DE FILMES CINEMATOGR FICOS OU DE PAPEL FOTOGR FICO, EM ROLOS, OU PARA C PIA AUTOM TICA DE FILMES REVELADOS EM ROLOS DE PAPEL FOTOGR FICO
90101010;CUBAS E CUBETAS, DE OPERA  O AUTOM TICA E PROGRAM VEIS
90101020;AMPLIADORAS-COPIADORAS AUTOM TICAS PARA PAPEL FOTOGR FICO, COM CAPACIDADE SUPERIOR A 1.000 C PIAS POR HORA
90101090;OUTROS
901050;"- OUTROS APARELHOS E EQUIPAMENTOS PARA LABORAT RIOS FOTOGR FICOS OU CINEMATOGR FICOS; NEGATOSC PIOS"
90105010;PROCESSADORES FOTOGR FICOS PARA O TRATAMENTO ELETR NICO DE IMAGENS, MESMO COM SA DA DIGITAL
90105020;APARELHOS PARA REVELA  O AUTOM TICA DE CHAPAS DE FOTOPOL MEROS COM SUPORTE MET LICO
90105090;OUTROS
90106000;- TELAS PARA PROJE  O
901090;- PARTES E ACESS RIOS
90109010;DE APARELHOS OU MATERIAL DA SUBPOSI  O 9010.10 OU DO ITEM 9010.50.10
90109090;OUTROS
9011;MICROSC PIOS  PTICOS, INCLUINDO OS MICROSC PIOS PARA FOTOMICROGRAFIA, CINEFOTOMICROGRAFIA OU MICROPROJE  O.
90111000;- MICROSC PIOS ESTEREOSC PICOS
901120;- OUTROS MICROSC PIOS, PARA FOTOMICROGRAFIA, CINEFOTOMICROGRAFIA OU MICROPROJE  O
90112010;PARA FOTOMICROGRAFIA
90112020;PARA CINEFOTOMICROGRAFIA
90112030;PARA MICROPROJE  O
901180;- OUTROS MICROSC PIOS
90118010;BINOCULARES DE PLATINA M VEL
90118090;OUTROS
901190;- PARTES E ACESS RIOS
90119010;DOS ARTIGOS DA SUBPOSI  O 9011.20
90119090;OUTROS
9012;"MICROSC PIOS, EXCETO  PTICOS; DIFRAT GRAFOS."
901210;"- MICROSC PIOS, EXCETO  PTICOS; DIFRAT GRAFOS"
90121010;MICROSC PIOS ELETR NICOS
90121090;OUTROS
901290;- PARTES E ACESS RIOS
90129010;DE MICROSC PIOS ELETR NICOS
90129090;OUTROS
9013;"LASERS, EXCETO DIODOS LASER; OUTROS APARELHOS E INSTRUMENTOS DE  PTICA, N O ESPECIFICADOS NEM COMPREENDIDOS NOUTRAS POSI  ES DO PRESENTE CAP TULO."
901310;"- MIRAS TELESC PICAS PARA ARMAS; PERISC PIOS; LUNETAS PARA M QUINAS, APARELHOS OU INSTRUMENTOS DO PRESENTE CAP TULO OU DA SE  O XVI"
90131010;MIRAS TELESC PICAS PARA ARMAS
90131090;OUTROS
90132000;- LASERS, EXCETO DIODOS LASER
90138000;- OUTROS DISPOSITIVOS, APARELHOS E INSTRUMENTOS
90139000;- PARTES E ACESS RIOS
9014;"B SSOLAS, INCLUINDO AS AGULHAS DE MAREAR; OUTROS INSTRUMENTOS E APARELHOS DE NAVEGA  O."
90141000;- B SSOLAS, INCLUINDO AS AGULHAS DE MAREAR
901420;- INSTRUMENTOS E APARELHOS PARA NAVEGA  O A REA OU ESPACIAL (EXCETO B SSOLAS)
90142010;ALT METROS
90142020;PILOTOS AUTOM TICOS
90142030;INCLIN METROS
90142090;OUTROS
901480;- OUTROS APARELHOS E INSTRUMENTOS
90148010;SONDAS AC STICAS (ECOBAT METROS) OU DE ULTRASSOM (SONAR E SEMELHANTES)
90148090;OUTROS
90149000;- PARTES E ACESS RIOS
9015;"INSTRUMENTOS E APARELHOS DE GEOD SIA, TOPOGRAFIA, AGRIMENSURA, NIVELAMENTO, FOTOGRAMETRIA, HIDROGRAFIA, OCEANOGRAFIA, HIDROLOGIA, METEOROLOGIA OU DE GEOF SICA, EXCETO B SSOLAS; TEL METROS."
90151000;- TEL METROS
901520;- TEODOLITOS E TAQUE METROS
90152010;COM SISTEMA DE LEITURA POR MEIO DE PRISMA OU MICR METRO  PTICO E PRECIS O DE LEITURA DE 1 SEGUNDO
90152090;OUTROS
90153000;- N VEIS
90154000;- INSTRUMENTOS E APARELHOS DE FOTOGRAMETRIA
901580;- OUTROS INSTRUMENTOS E APARELHOS
90158010;MOLINETES HIDROM TRICOS
90158090;OUTROS
901590;- PARTES E ACESS RIOS
90159010;DE INSTRUMENTOS OU APARELHOS DA SUBPOSI  O 9015.40
90159090;OUTROS
901600;BALAN AS SENS VEIS A PESOS INFERIORES OU IGUAIS A 5 CG, MESMO COM PESOS.
90160010;SENS VEIS A PESOS N O SUPERIORES A 0,2 MG
90160090;OUTRAS
9017;"INSTRUMENTOS DE DESENHO, DE TRA ADO OU DE C LCULO (POR EXEMPLO, M QUINAS DE DESENHAR, PANT GRAFOS, TRANSFERIDORES, ESTOJOS DE DESENHO, R GUAS DE C LCULO E DISCOS DE C LCULO); INSTRUMENTOS DE MEDIDA DE DIST NCIAS DE USO MANUAL (POR EXEMPLO, METROS, MICR METROS, PAQU METROS E CALIBRES), N O ESPECIFICADOS NEM COMPREENDIDOS NOUTRAS POSI  ES DO PRESENTE CAP TULO."
901710;- MESAS E M QUINAS DE DESENHAR, MESMO AUTOM TICAS
90171010;AUTOM TICAS
90171090;OUTRAS
90172000;- OUTROS INSTRUMENTOS DE DESENHO, DE TRA ADO OU DE C LCULO
901730;- MICR METROS, PAQU METROS, CALIBRES E SEMELHANTES
90173010;MICR METROS
90173020;PAQU METROS
90173090;OUTROS
901780;- OUTROS INSTRUMENTOS
90178010;METROS
90178090;OUTROS
901790;- PARTES E ACESS RIOS
90179010;DE MESAS OU M QUINAS DE DESENHAR, AUTOM TICAS
90179090;OUTROS
9018;INSTRUMENTOS E APARELHOS PARA MEDICINA, CIRURGIA, ODONTOLOGIA E VETERIN RIA, INCLUINDO OS APARELHOS PARA CINTILOGRAFIA E OUTROS APARELHOS ELETROM DICOS, BEM COMO OS APARELHOS PARA TESTES VISUAIS.
90181;- APARELHOS DE ELETRODIAGN STICO (INCLUINDO OS APARELHOS DE EXPLORA  O FUNCIONAL E OS DE VERIFICA  O DE PAR METROS FISIOL GICOS):
90181100;-- ELETROCARDI GRAFOS
901812;-- APARELHOS DE DIAGN STICO POR VARREDURA ULTRASS NICA (SCANNERS)
90181210;EC GRAFOS COM AN LISE ESPECTRAL DOPPLER
90181290;OUTROS
90181300;-- APARELHOS DE DIAGN STICO DE IMAGEM POR RESSON NCIA MAGN TICA
901814;-- APARELHOS DE CINTILOGRAFIA
90181410;SCANNER DE TOMOGRAFIA POR EMISS O DE POS TRONS (PET - POSITRON EMISSION TOMOGRAPHY)
90181420;C MARAS GAMA
90181490;OUTROS
901819;-- OUTROS
90181910;ENDOSC PIOS
90181920;AUDI METROS
90181980;OUTROS
90181990;PARTES
901820;- APARELHOS DE RAIOS ULTRAVIOLETA OU INFRAVERMELHOS
90182010;PARA CIRURGIA, QUE OPEREM POR LASER
90182020;OUTROS, PARA TRATAMENTO BUCAL, QUE OPEREM POR LASER
90182090;OUTROS
90183;- SERINGAS, AGULHAS, CATETERES, C NULAS E INSTRUMENTOS SEMELHANTES:
901831;-- SERINGAS, MESMO COM AGULHAS
9018311;DE PL STICO
90183111;DE CAPACIDADE INFERIOR OU IGUAL A 2 CM3
90183119;OUTRAS
90183190;OUTRAS
901832;-- AGULHAS TUBULARES DE METAL E AGULHAS PARA SUTURAS
9018321;TUBULARES DE METAL
90183211;GENGIVAIS
90183212;DE A O CROMO-N QUEL, BISEL TRIFACETADO E DI METRO EXTERIOR IGUAL OU SUPERIOR A 1,6 MM, DO TIPO UTILIZADO COM BOLSAS DE SANGUE
90183213;AGULHAS PONTA DE L PIS, DO TIPO UTILIZADO EM ANESTESIA EPIDURAL OU RAQUIDIANA
90183219;OUTRAS
90183220;PARA SUTURAS
901839;-- OUTROS
90183910;AGULHAS
9018392;SONDAS, CATETERES E C NULAS
90183921;DE BORRACHA
90183922;CATETERES DE POLI(CLORETO DE VINILA), PARA EMBOLECTOMIA ARTERIAL
90183923;CATETERES DE POLI(CLORETO DE VINILA), PARA TERMODILUI  O
90183925;SONDAS VESICAIS EST REIS DE POLIURETANO, COM REVESTIMENTO HIDROF LICO, DE USO INTERMITENTE, APRESENTADAS EM EMBALAGENS COM SOLU  O SALINA
90183926;CATETERES INTRAVENOSOS PERIF RICOS, DE PL STICO
90183929;OUTROS
90183930;LANCETAS PARA VACINA  O E CAUT RIOS
9018399;OUTROS
90183991;ARTIGO PARA F STULA ARTERIOVENOSA, COMPOSTO DE AGULHA, BASE DE FIXA  O TIPO BORBOLETA, TUBO PL STICO COM CONECTOR E OBTURADOR
90183999;OUTROS
90184;- OUTROS INSTRUMENTOS E APARELHOS PARA ODONTOLOGIA:
90184100;-- APARELHOS DENT RIOS DE BROCAR, MESMO COMBINADOS NUMA BASE COMUM COM OUTROS EQUIPAMENTOS DENT RIOS
901849;-- OUTROS
9018491;BROCAS
90184911;DE CARBONETO DE TUNGST NIO (VOLFR MIO)
90184912;DE A O-VAN DIO
90184919;OUTRAS
90184920;LIMAS
90184940;PARA TRATAMENTO BUCAL, QUE OPEREM POR PROJE  O CIN TICA DE PART CULAS
9018499;OUTROS
90184991;PARA DESENHO E CONSTRU  O DE PE AS CER MICAS PARA RESTAURA  ES DENT RIAS, COMPUTADORIZADOS
90184999;OUTROS
901850;- OUTROS INSTRUMENTOS E APARELHOS PARA OFTALMOLOGIA
90185010;MICROSC PIOS BINOCULARES, DO TIPO UTILIZADO EM CIRURGIA OFTALMOL GICA
90185090;OUTROS
901890;- OUTROS INSTRUMENTOS E APARELHOS
90189010;PARA TRANSFUS O DE SANGUE OU INFUS O INTRAVENOSA
9018902;BISTURIS
90189021;EL TRICOS
90189029;OUTROS
9018903;LIT TOMOS E LITOTRITORES
90189031;LITOTRITORES POR ONDA DE CHOQUE
90189039;OUTROS
90189040;RINS ARTIFICIAIS
90189050;APARELHOS DE DIATERMIA
9018906;APARELHOS PARA MEDIDA DA PRESS O ARTERIAL
90189061;QUE CONTENHAM MERC RIO
90189069;OUTROS
9018909;OUTROS
90189091;INCUBADORAS PARA BEB S
90189093;APARELHOS PARA TERAPIA INTRA-URETRAL POR MICRO-ONDAS (TUMT), PR PRIOS PARA O TRATAMENTO DE AFEC  ES PROST TICAS, COMPUTADORIZADOS
90189094;ENDOSC PIOS
90189095;GRAMPOS E CLIPES, SEUS APLICADORES E EXTRATORES
90189096;DESFIBRILADORES EXTERNOS QUE OPEREM UNICAMENTE EM MODO AUTOM TICO (AED - AUTOMATIC EXTERNAL DEFIBRILLATOR)
90189097;APARELHOS DESTINADOS A PROCEDIMENTOS CIR RGICOS ASSISTIDOS POR ROB TICA
90189099;OUTROS
9019;"APARELHOS DE MECANOTERAPIA; APARELHOS DE MASSAGEM; APARELHOS DE PSICOT CNICA; APARELHOS DE OZONOTERAPIA, DE OXIGENOTERAPIA, DE AEROSSOLTERAPIA, APARELHOS RESPIRAT RIOS DE REANIMA  O E OUTROS APARELHOS DE TERAPIA RESPIRAT RIA."
90191000;"- APARELHOS DE MECANOTERAPIA; APARELHOS DE MASSAGEM; APARELHOS DE PSICOT CNICA"
901920;- APARELHOS DE OZONOTERAPIA, DE OXIGENOTERAPIA, DE AEROSSOLTERAPIA, APARELHOS RESPIRAT RIOS DE REANIMA  O E OUTROS APARELHOS DE TERAPIA RESPIRAT RIA
90192010;DE OXIGENOTERAPIA
90192020;DE AEROSSOLTERAPIA
90192030;RESPIRAT RIOS DE REANIMA  O
90192040;RESPIRADORES AUTOM TICOS (PULM ES DE A O)
90192090;OUTROS
902000;OUTROS APARELHOS RESPIRAT RIOS E M SCARAS CONTRA GASES, EXCETO AS M SCARAS DE PROTE  O DESPROVIDAS DE MECANISMO E DE ELEMENTO FILTRANTE AMOV VEL.
90200010;M SCARAS CONTRA GASES
90200090;OUTROS
9021;"ARTIGOS E APARELHOS ORTOP DICOS, INCLUINDO AS CINTAS E FUNDAS M DICO-CIR RGICAS E AS MULETAS; TALAS, GOTEIRAS E OUTROS ARTIGOS E APARELHOS PARA FRATURAS; ARTIGOS E APARELHOS DE PR TESE; APARELHOS PARA FACILITAR A AUDI  O DOS SURDOS E OUTROS APARELHOS PARA COMPENSAR UMA DEFICI NCIA OU UMA INCAPACIDADE, DESTINADOS A SEREM TRANSPORTADOS   M O OU SOBRE AS PESSOAS OU A SEREM IMPLANTADOS NO ORGANISMO."
902110;- ARTIGOS E APARELHOS ORTOP DICOS OU PARA FRATURAS
90211010;ARTIGOS E APARELHOS ORTOP DICOS
90211020;ARTIGOS E APARELHOS PARA FRATURAS
9021109;PARTES E ACESS RIOS
90211091;DE ARTIGOS E APARELHOS DE ORTOPEDIA, ARTICULADOS
90211099;OUTROS
90212;- ARTIGOS E APARELHOS DE PR TESE DENT RIA:
902121;-- DENTES ARTIFICIAIS
90212110;DE ACR LICO
90212190;OUTROS
90212900;-- OUTROS
90213;- OUTROS ARTIGOS E APARELHOS DE PR TESE:
902131;-- PR TESES ARTICULARES
90213110;FEMURAIS
90213120;MIOEL TRICAS
90213190;OUTRAS
902139;-- OUTROS
9021391;V LVULAS CARD ACAS
90213911;MEC NICAS
90213919;OUTRAS
90213920;LENTES INTRAOCULARES
90213930;PR TESES DE ART RIAS VASCULARES REVESTIDAS
90213940;PR TESES MAM RIAS N O IMPLANT VEIS
90213980;OUTROS
9021399;PARTES E ACESS RIOS
90213991;PARTES DE PR TESES MODULARES QUE SUBSTITUEM MEMBROS SUPERIORES OU INFERIORES
90213999;OUTROS
90214000;- APARELHOS PARA FACILITAR A AUDI  O DOS SURDOS, EXCETO AS PARTES E ACESS RIOS
90215000;- MARCA-PASSOS CARD ACOS (ESTIMULADORES CARD ACOS*), EXCETO AS PARTES E ACESS RIOS
902190;- OUTROS
9021901;APARELHOS QUE SE IMPLANTAM NO ORGANISMO PARA COMPENSAR UMA DEFICI NCIA OU UMA INCAPACIDADE
90219011;CARDIODESFIBRILADORES AUTOM TICOS
90219012;IMPLANTES EXPANS VEIS (STENTS), MESMO MONTADOS SOBRE CATETER DO TIPO BAL O
90219013;OCLUSORES INTERAURICULARES CONSTITU DOS POR UMA MALHA DE FIOS DE N QUEL E TIT NIO PREENCHIDA COM TECIDO DE POLI STER, MESMO APRESENTADOS COM SEU RESPECTIVO CATETER
90219019;OUTROS
90219080;OUTROS
9021909;PARTES E ACESS RIOS
90219091;DE MARCA-PASSOS CARD ACOS
90219092;DE APARELHOS PARA FACILITAR A AUDI  O DOS SURDOS
90219099;OUTROS
9022;APARELHOS DE RAIOS X E APARELHOS QUE UTILIZEM RADIA  ES ALFA, BETA, GAMA OU OUTRAS RADIA  ES IONIZANTES, MESMO PARA USOS M DICOS, CIR RGICOS, ODONTOL GICOS OU VETERIN RIOS, INCLUINDO OS APARELHOS DE RADIOFOTOGRAFIA OU DE RADIOTERAPIA, OS TUBOS DE RAIOS X E OUTROS DISPOSITIVOS GERADORES DE RAIOS X, OS GERADORES DE TENS O, AS MESAS DE COMANDO, AS TELAS DE VISUALIZA  O, AS MESAS, CADEIRAS E SUPORTES SEMELHANTES PARA EXAME OU TRATAMENTO.
90221;- APARELHOS DE RAIOS X, MESMO PARA USOS M DICOS, CIR RGICOS, ODONTOL GICOS OU VETERIN RIOS, INCLUINDO OS APARELHOS DE RADIOFOTOGRAFIA OU DE RADIOTERAPIA:
90221200;-- APARELHOS DE TOMOGRAFIA COMPUTADORIZADA
902213;-- OUTROS, PARA ODONTOLOGIA
9022131;DE DIAGN STICO
90221311;DE TOMADAS MAXILARES PANOR MICAS
90221319;OUTROS
90221390;OUTROS
902214;-- OUTROS, PARA USOS M DICOS, CIR RGICOS OU VETERIN RIOS
9022141;DE DIAGN STICO
90221411;PARA MAMOGRAFIA
90221412;PARA ANGIOGRAFIA
90221413;PARA DENSITOMETRIA  SSEA, COMPUTADORIZADOS
90221419;OUTROS
90221490;OUTROS
902219;-- PARA OUTROS USOS
90221910;ESPECTR METROS OU ESPECTR GRAFOS DE RAIOS X
9022199;OUTROS
90221991;DO TIPO UTILIZADO PARA INSPE  O DE BAGAGENS, COM T NEL DE ALTURA INFERIOR OU IGUAL A 0,4 M, LARGURA INFERIOR OU IGUAL A 0,6 M E COMPRIMENTO INFERIOR OU IGUAL A 1,2 M
90221999;OUTROS
90222;- APARELHOS QUE UTILIZEM RADIA  ES ALFA, BETA, GAMA OU OUTRAS RADIA  ES IONIZANTES, MESMO PARA USOS M DICOS, CIR RGICOS, ODONTOL GICOS OU VETERIN RIOS, INCLUINDO OS APARELHOS DE RADIOFOTOGRAFIA OU DE RADIOTERAPIA:
902221;-- PARA USOS M DICOS, CIR RGICOS, ODONTOL GICOS OU VETERIN RIOS
90222110;APARELHOS DE RADIOCOBALTO (BOMBAS DE COBALTO)
90222120;OUTROS, PARA GAMATERAPIA
90222190;OUTROS
902229;-- PARA OUTROS USOS
90222910;PARA DETEC  O DO N VEL DE ENCHIMENTO OU TAMPAS FALTANTES, EM LATAS DE BEBIDAS, POR MEIO DE RAIOS GAMA
90222990;OUTROS
90223000;- TUBOS DE RAIOS X
902290;- OUTROS, INCLUINDO AS PARTES E ACESS RIOS
90229010;GERADORES DE TENS O
90229020;TELAS RADIOL GICAS
90229080;OUTROS, EXCLUINDO AS PARTES E ACESS RIOS
9022909;PARTES E ACESS RIOS
90229091;DE APARELHOS DE RAIOS X
90229099;OUTROS
90230000;INSTRUMENTOS, APARELHOS E MODELOS, CONCEBIDOS PARA DEMONSTRA  O (POR EXEMPLO, NO ENSINO E NAS EXPOSI  ES), N O SUSCET VEIS DE OUTROS USOS.
9024;M QUINAS E APARELHOS PARA ENSAIOS DE DUREZA, TRA  O, COMPRESS O, ELASTICIDADE OU DE OUTRAS PROPRIEDADES MEC NICAS DE MATERIAIS (POR EXEMPLO, METAIS, MADEIRA, T XTEIS, PAPEL, PL STICO).
902410;- M QUINAS E APARELHOS PARA ENSAIOS DE METAIS
90241010;PARA ENSAIOS DE TRA  O OU COMPRESS O
90241020;PARA ENSAIOS DE DUREZA
90241090;OUTROS
902480;- OUTRAS M QUINAS E APARELHOS
9024801;M QUINAS E APARELHOS PARA ENSAIOS DE T XTEIS
90248011;AUTOM TICOS, PARA FIOS
90248019;OUTROS
9024802;M QUINAS E APARELHOS PARA ENSAIOS DE PAPEL, CART O, LIN LEO E PL STICO OU BORRACHA FLEX VEIS
90248021;M QUINAS PARA ENSAIOS DE PNEUM TICOS
90248029;OUTROS
90248090;OUTROS
90249000;- PARTES E ACESS RIOS
9025;DENS METROS, ARE METROS, PESA-L QUIDOS E INSTRUMENTOS FLUTUANTES SEMELHANTES, TERM METROS, PIR METROS, BAR METROS, HIGR METROS E PSICR METROS, REGISTRADORES OU N O, MESMO COMBINADOS ENTRE SI.
90251;- TERM METROS E PIR METROS, N O COMBINADOS COM OUTROS INSTRUMENTOS:
902511;-- DE L QUIDO, DE LEITURA DIRETA
9025111;TERM METROS CL NICOS
90251111;QUE CONTENHAM MERC RIO
90251119;OUTROS
9025119;OUTROS
90251191;QUE CONTENHAM MERC RIO
90251199;OUTROS
902519;-- OUTROS
90251910;PIR METROS  PTICOS
90251990;OUTROS
90258000;- OUTROS INSTRUMENTOS
902590;- PARTES E ACESS RIOS
90259010;DE TERM METROS
90259090;OUTROS
9026;INSTRUMENTOS E APARELHOS PARA MEDIDA OU CONTROLE DA VAZ O (CAUDAL), DO N VEL, DA PRESS O OU DE OUTRAS CARACTER STICAS VARI VEIS DOS L QUIDOS OU GASES (POR EXEMPLO, MEDIDORES DE VAZ O (CAUDAL), INDICADORES DE N VEL, MAN METROS, CONTADORES DE CALOR), EXCETO OS INSTRUMENTOS E APARELHOS DAS POSI  ES 90.14, 90.15, 90.28 OU 90.32.
902610;- PARA MEDIDA OU CONTROLE DA VAZ O (CAUDAL) OU DO N VEL DOS L QUIDOS
9026101;PARA MEDIDA OU CONTROLE DA VAZ O (CAUDAL)
90261011;MEDIDORES-TRANSMISSORES ELETR NICOS, QUE FUNCIONEM PELO PRINC PIO DE INDU  O ELETROMAGN TICA
90261019;OUTROS
9026102;PARA MEDIDA OU CONTROLE DO N VEL
90261021;DE METAIS, MEDIANTE CORRENTES PARASITAS
90261029;OUTROS
902620;- PARA MEDIDA OU CONTROLE DA PRESS O
90262010;MAN METROS
90262090;OUTROS
90268000;- OUTROS INSTRUMENTOS E APARELHOS
902690;- PARTES E ACESS RIOS
90269010;DE INSTRUMENTOS E APARELHOS PARA MEDIDA OU CONTROLE DO N VEL
90269020;DE MAN METROS
90269090;OUTROS
9027;"INSTRUMENTOS E APARELHOS PARA AN LISES F SICAS OU QU MICAS (POR EXEMPLO, POLAR METROS, REFRAT METROS, ESPECTR METROS, ANALISADORES DE G S OU DE FUMA A (FUMOS)); INSTRUMENTOS E APARELHOS PARA ENSAIOS DE VISCOSIDADE, POROSIDADE, DILATA  O, TENS O SUPERFICIAL OU SEMELHANTES OU PARA MEDIDAS CALORIM TRICAS, AC STICAS OU FOTOM TRICAS (INCLUINDO OS INDICADORES DE TEMPO DE EXPOSI  O); MICR TOMOS."
90271000;- ANALISADORES DE G S OU DE FUMA A (FUMOS)
902720;- CROMAT GRAFOS E APARELHOS DE ELETROFORESE
9027201;CROMAT GRAFOS
90272011;DE FASE GASOSA
90272012;DE FASE L QUIDA
90272019;OUTROS
9027202;APARELHOS DE ELETROFORESE
90272021;SEQUENCIADORES AUTOM TICOS DE ADN MEDIANTE ELETROFORESE CAPILAR
90272029;OUTROS
902730;- ESPECTR METROS, ESPECTROFOT METROS E ESPECTR GRAFOS QUE UTILIZEM RADIA  ES  PTICAS (UV, VIS VEIS, IV)
9027301;ESPECTR METROS E ESPECTR GRAFOS
90273011;DE EMISS O AT MICA
90273019;OUTROS
90273020;ESPECTROFOT METROS
902750;- OUTROS APARELHOS E INSTRUMENTOS QUE UTILIZEM RADIA  ES  PTICAS (UV, VIS VEIS, IV)
90275010;COLOR METROS
90275020;FOT METROS
90275030;REFRAT METROS
90275040;SACAR METROS
90275050;CIT METRO DE FLUXO
90275090;OUTROS
90278;- OUTROS INSTRUMENTOS E APARELHOS:
90278100;-- ESPECTR METROS DE MASSA
902789;-- OUTROS
9027891;CALOR METROS, VISCOS METROS, DENSIT METROS E APARELHOS MEDIDORES DE PH
90278911;CALOR METROS
90278912;VISCOS METROS
90278913;DENSIT METROS
90278914;APARELHOS MEDIDORES DE PH
90278920;POLAR GRAFOS
9027899;OUTROS
90278991;EXPOS METROS
90278999;OUTROS
902790;"- MICR TOMOS; PARTES E ACESS RIOS"
90279010;MICR TOMOS
9027909;PARTES E ACESS RIOS
90279091;DE ESPECTR METROS E ESPECTR GRAFOS, DE EMISS O AT MICA
90279093;DE POLAR GRAFOS
90279099;OUTROS
9028;CONTADORES DE GASES, DE L QUIDOS OU DE ELETRICIDADE, INCLUINDO OS APARELHOS PARA A SUA AFERI  O.
902810;- CONTADORES DE GASES
9028101;DE G S NATURAL COMPRIMIDO, ELETR NICOS
90281011;DO TIPO UTILIZADO EM POSTOS (ESTA  ES) DE SERVI O OU GARAGENS
90281019;OUTROS
90281090;OUTROS
902820;- CONTADORES DE L QUIDOS
90282010;DE PESO INFERIOR OU IGUAL A 50 KG
90282020;DE PESO SUPERIOR A 50 KG
902830;- CONTADORES DE ELETRICIDADE
9028301;MONOF SICOS, PARA CORRENTE ALTERNADA
90283011;DIGITAIS
90283019;OUTROS
9028302;BIF SICOS
90283021;DIGITAIS
90283029;OUTROS
9028303;TRIF SICOS
90283031;DIGITAIS
90283039;OUTROS
90283090;OUTROS
902890;- PARTES E ACESS RIOS
90289010;DE CONTADORES DE ELETRICIDADE
90289090;OUTROS
9029;"OUTROS CONTADORES (POR EXEMPLO, CONTADORES DE VOLTAS, CONTADORES DE PRODU  O, TAX METROS, TOTALIZADORES DE CAMINHO PERCORRIDO, POD METROS); INDICADORES DE VELOCIDADE E TAC METROS, EXCETO OS DAS POSI  ES 90.14 OU 90.15; ESTROBOSC PIOS."
902910;- CONTADORES DE VOLTAS, CONTADORES DE PRODU  O, TAX METROS, TOTALIZADORES DE CAMINHO PERCORRIDO, POD METROS E CONTADORES SEMELHANTES
90291010;CONTADORES DE VOLTAS, CONTADORES DE PRODU  O OU DE HORAS DE TRABALHO
90291090;OUTROS
902920;"- INDICADORES DE VELOCIDADE E TAC METROS; ESTROBOSC PIOS"
90292010;INDICADORES DE VELOCIDADE E TAC METROS
90292020;ESTROBOSC PIOS
902990;- PARTES E ACESS RIOS
90299010;DE INDICADORES DE VELOCIDADE E TAC METROS
90299090;OUTROS
9030;"OSCILOSC PIOS, ANALISADORES DE ESPECTRO E OUTROS INSTRUMENTOS E APARELHOS PARA MEDIDA OU CONTROLE DE GRANDEZAS EL TRICAS; INSTRUMENTOS E APARELHOS PARA MEDIDA OU DETEC  O DE RADIA  ES ALFA, BETA, GAMA, X, C SMICAS OU OUTRAS RADIA  ES IONIZANTES."
903010;- INSTRUMENTOS E APARELHOS PARA MEDIDA OU DETEC  O DE RADIA  ES IONIZANTES
90301010;MEDIDORES DE RADIOATIVIDADE
90301090;OUTROS
903020;- OSCILOSC PIOS E OSCIL GRAFOS
90302010;OSCILOSC PIOS DIGITAIS
9030202;OSCILOSC PIOS ANAL GICOS
90302021;DE FREQU NCIA IGUAL OU SUPERIOR A 60 MHZ
90302022;VETORSC PIOS
90302029;OUTROS
90302030;OSCIL GRAFOS
90303;- OUTROS APARELHOS E INSTRUMENTOS PARA MEDIDA OU CONTROLE DA TENS O, INTENSIDADE, RESIST NCIA OU DA POT NCIA (EXCETO PARA MEDIDA OU CONTROLE DE WAFERS OU DE DISPOSITIVOS, SEMICONDUTORES):
90303100;-- MULT METROS, SEM DISPOSITIVO REGISTRADOR
90303200;-- MULT METROS, COM DISPOSITIVO REGISTRADOR
903033;-- OUTROS, SEM DISPOSITIVO REGISTRADOR
9030331;VOLT METROS
90303311;DIGITAIS
90303319;OUTROS
9030332;AMPER METROS
90303321;DO TIPO UTILIZADO EM VE CULOS AUTOM VEIS
90303329;OUTROS
90303390;OUTROS
903039;-- OUTROS, COM DISPOSITIVO REGISTRADOR
90303910;DE TESTE DE CONTINUIDADE EM CIRCUITOS IMPRESSOS
90303990;OUTROS
903040;- OUTROS INSTRUMENTOS E APARELHOS, ESPECIALMENTE CONCEBIDOS PARA TELECOMUNICA  ES (POR EXEMPLO, DIAFON METROS, MEDIDORES DE GANHO, DISTORCI METROS, PSOF METROS)
90304010;ANALISADORES DE PROTOCOLO
90304020;ANALISADORES DE N VEL SELETIVO
90304030;ANALISADORES DIGITAIS DE TRANSMISS O
90304090;OUTROS
90308;- OUTROS INSTRUMENTOS E APARELHOS:
903082;-- PARA MEDIDA OU CONTROLE DE WAFERS OU DE DISPOSITIVOS, SEMICONDUTORES (INCLUINDO OS CIRCUITOS INTEGRADOS)
90308210;DE TESTES DE CIRCUITOS INTEGRADOS
90308290;OUTROS
903084;-- OUTROS, COM DISPOSITIVO REGISTRADOR
90308410;DE TESTE AUTOM TICO DE CIRCUITO IMPRESSO MONTADO (ATE)
90308420;DE MEDIDAS DE PAR METROS CARACTER STICOS DE SINAIS DE TELEVIS O OU DE V DEO
90308490;OUTROS
903089;-- OUTROS
90308910;ANALISADORES L GICOS DE CIRCUITOS DIGITAIS
90308920;ANALISADORES DE ESPECTRO DE FREQU NCIA
90308930;FREQUENC METROS
90308940;FAS METROS
90308990;OUTROS
903090;- PARTES E ACESS RIOS
90309010;DE INSTRUMENTOS E APARELHOS DA SUBPOSI  O 9030.10
90309090;OUTROS
9031;"INSTRUMENTOS, APARELHOS E M QUINAS DE MEDIDA OU CONTROLE, N O ESPECIFICADOS NEM COMPREENDIDOS NOUTRAS POSI  ES DO PRESENTE CAP TULO; PROJETORES DE PERFIS."
90311000;- M QUINAS DE BALANCEAR (EQUILIBRAR) PE AS MEC NICAS
903120;- BANCOS DE ENSAIO
90312010;PARA MOTORES
90312090;OUTROS
90314;- OUTROS INSTRUMENTOS E APARELHOS  PTICOS:
90314100;-- PARA CONTROLE DE WAFERS OU DE DISPOSITIVOS, SEMICONDUTORES (INCLUINDO OS CIRCUITOS INTEGRADOS), OU PARA CONTROLE DE FOTOM SCARAS OU RET CULOS UTILIZADOS NA FABRICA  O DE DISPOSITIVOS SEMICONDUTORES (INCLUINDO OS CIRCUITOS INTEGRADOS)
903149;-- OUTROS
90314910;PARA MEDIDA DE PAR METROS DIMENSIONAIS DE FIBRAS DE CELULOSE, POR MEIO DE RAIOS LASER
90314920;PARA MEDIDA DA ESPESSURA DE PNEUM TICOS DE VE CULOS AUTOM VEIS, POR MEIO DE RAIOS LASER
90314990;OUTROS
903180;- OUTROS INSTRUMENTOS, APARELHOS E M QUINAS
9031801;DINAM METROS E RUGOS METROS
90318011;DINAM METROS
90318012;RUGOS METROS
90318020;M QUINAS PARA MEDI  O TRIDIMENSIONAL
90318030;METROS PADR ES
90318040;APARELHOS DIGITAIS, DE USO EM VE CULOS AUTOM VEIS, PARA MEDIDA E INDICA  O DE M LTIPLAS GRANDEZAS TAIS COMO: VELOCIDADE M DIA, CONSUMOS INSTANT NEO E M DIO E AUTONOMIA (COMPUTADOR DE BORDO)
90318050;APARELHOS PARA AN LISE DE T XTEIS, COMPUTADORIZADOS
90318060;C LULAS DE CARGA
9031809;OUTROS
90318091;PARA CONTROLE DIMENSIONAL DE PNEUM TICOS, EM CONDI  ES DE CARGA
90318099;OUTROS
903190;- PARTES E ACESS RIOS
90319010;DE BANCOS DE ENSAIO
90319090;OUTROS
9032;INSTRUMENTOS E APARELHOS PARA REGULA  O OU CONTROLE, AUTOM TICOS.
903210;- TERMOSTATOS
90321010;DE EXPANS O DE FLUIDOS
90321090;OUTROS
90322000;- MANOSTATOS (PRESSOSTATOS)
90328;- OUTROS INSTRUMENTOS E APARELHOS:
90328100;-- HIDR ULICOS OU PNEUM TICOS
903289;-- OUTROS
9032891;REGULADORES DE VOLTAGEM
90328911;ELETR NICOS
90328919;OUTROS
9032892;CONTROLADORES ELETR NICOS DO TIPO UTILIZADO EM VE CULOS AUTOM VEIS
90328921;DE SISTEMAS ANTIBLOQUEANTES DE FREIO (TRAV O) (ABS)
90328922;DE SISTEMAS DE SUSPENS O
90328923;DE SISTEMAS DE TRANSMISS O
90328924;DE SISTEMAS DE IGNI  O
90328925;DE SISTEMAS DE INJE  O
90328929;OUTROS
90328930;EQUIPAMENTOS DIGITAIS PARA CONTROLE DE VE CULOS FERROVI RIOS
9032898;OUTROS, PARA REGULA  O OU CONTROLE DE GRANDEZAS N O EL TRICAS
90328981;DE PRESS O
90328982;DE TEMPERATURA
90328983;DE UMIDADE
90328984;DE VELOCIDADE DE MOTORES EL TRICOS POR VARIA  O DE FREQU NCIA
90328989;OUTROS
90328990;OUTROS
903290;- PARTES E ACESS RIOS
90329010;CIRCUITOS IMPRESSOS COM COMPONENTES EL TRICOS OU ELETR NICOS, MONTADOS
9032909;OUTROS
90329091;DE TERMOSTATOS
90329099;OUTROS
90330000;PARTES E ACESS RIOS N O ESPECIFICADOS NEM COMPREENDIDOS NOUTRAS POSI  ES DO PRESENTE CAP TULO, PARA M QUINAS, APARELHOS, INSTRUMENTOS OU ARTIGOS DO CAP TULO 90.
91;ARTIGOS DE RELOJOARIA.
9101;REL GIOS DE PULSO, REL GIOS DE BOLSO E REL GIOS SEMELHANTES (INCLUINDO OS CONTADORES DE TEMPO DOS MESMOS TIPOS), COM CAIXA DE METAIS PRECIOSOS OU DE METAIS FOLHEADOS OU CHAPEADOS DE METAIS PRECIOSOS (PLAQU ).
91011;- REL GIOS DE PULSO, FUNCIONANDO ELETRICAMENTE, MESMO COM CONTADOR DE TEMPO INCORPORADO:
91011100;-- DE MOSTRADOR EXCLUSIVAMENTE MEC NICO
91011900;-- OUTROS
91012;- OUTROS REL GIOS DE PULSO, MESMO COM CONTADOR DE TEMPO INCORPORADO:
91012100;-- DE CORDA AUTOM TICA
91012900;-- OUTROS
91019;- OUTROS:
91019100;-- FUNCIONANDO ELETRICAMENTE
91019900;-- OUTROS
9102;REL GIOS DE PULSO, REL GIOS DE BOLSO E REL GIOS SEMELHANTES (INCLUINDO OS CONTADORES DE TEMPO DOS MESMOS TIPOS), EXCETO OS DA POSI  O 91.01.
91021;- REL GIOS DE PULSO, FUNCIONANDO ELETRICAMENTE, MESMO COM CONTADOR DE TEMPO INCORPORADO:
910211;-- DE MOSTRADOR EXCLUSIVAMENTE MEC NICO
91021110;COM CAIXA DE METAL COMUM
91021190;OUTROS
910212;-- DE MOSTRADOR EXCLUSIVAMENTE OPTOELETR NICO
91021210;COM CAIXA DE METAL COMUM
91021220;COM CAIXA DE PL STICO, EXCETO AS REFOR ADAS COM FIBRA DE VIDRO
91021290;OUTROS
91021900;-- OUTROS
91022;- OUTROS REL GIOS DE PULSO, MESMO COM CONTADOR DE TEMPO INCORPORADO:
91022100;-- DE CORDA AUTOM TICA
91022900;-- OUTROS
91029;- OUTROS:
91029100;-- FUNCIONANDO ELETRICAMENTE
91029900;-- OUTROS
9103;DESPERTADORES E OUTROS REL GIOS, COM MECANISMO DE PEQUENO VOLUME.
91031000;- FUNCIONANDO ELETRICAMENTE
91039000;- OUTROS
91040000;REL GIOS PARA PAIN IS DE INSTRUMENTOS E REL GIOS SEMELHANTES, PARA AUTOM VEIS, VE CULOS A REOS, EMBARCA  ES OU PARA OUTROS VE CULOS.
9105;DESPERTADORES, REL GIOS DE P NDULO (P NDULAS), OUTROS REL GIOS E ARTIGOS DE RELOJOARIA SEMELHANTES, EXCETO OS COM MECANISMO DE PEQUENO VOLUME.
91051;- DESPERTADORES:
91051100;-- FUNCIONANDO ELETRICAMENTE
91051900;-- OUTROS
91052;- REL GIOS DE PAREDE:
91052100;-- FUNCIONANDO ELETRICAMENTE
91052900;-- OUTROS
91059;- OUTROS:
91059100;-- FUNCIONANDO ELETRICAMENTE
91059900;-- OUTROS
9106;APARELHOS DE CONTROLE DO TEMPO E CONTADORES DE TEMPO, COM MECANISMO DE RELOJOARIA OU COM MOTOR S NCRONO (POR EXEMPLO, REL GIOS DE PONTO, REL GIOS DATADORES, CONTADORES DE HORAS).
91061000;"- REL GIOS DE PONTO; REL GIOS DATADORES E CONTADORES DE HORAS"
91069000;- OUTROS
910700;INTERRUPTORES HOR RIOS E OUTROS APARELHOS QUE PERMITAM ACIONAR UM MECANISMO EM TEMPO DETERMINADO, MUNIDOS DE MECANISMO DE RELOJOARIA OU COM MOTOR S NCRONO.
91070010;INTERRUPTORES HOR RIOS
91070090;OUTROS
9108;MECANISMOS DE PEQUENO VOLUME PARA REL GIOS, COMPLETOS E MONTADOS.
91081;- FUNCIONANDO ELETRICAMENTE:
910811;-- DE MOSTRADOR EXCLUSIVAMENTE MEC NICO OU COM UM DISPOSITIVO QUE PERMITA INCORPORAR UM MOSTRADOR MEC NICO
91081110;PARA REL GIOS DAS POSI  ES 91.01 OU 91.02
91081190;OUTROS
91081200;-- DE MOSTRADOR EXCLUSIVAMENTE OPTOELETR NICO
91081900;-- OUTROS
91082000;- DE CORDA AUTOM TICA
91089000;- OUTROS
9109;MECANISMOS DE RELOJOARIA, COMPLETOS E MONTADOS, EXCETO DE PEQUENO VOLUME.
91091000;- FUNCIONANDO ELETRICAMENTE
91099000;- OUTROS
9110;"MECANISMOS DE RELOJOARIA COMPLETOS, N O MONTADOS OU PARCIALMENTE MONTADOS (CHABLONS); MECANISMOS DE RELOJOARIA INCOMPLETOS, MONTADOS; ESBO OS DE MECANISMOS DE RELOJOARIA."
91101;- DE PEQUENO VOLUME:
911011;-- MECANISMOS COMPLETOS, N O MONTADOS OU PARCIALMENTE MONTADOS (CHABLONS)
91101110;PARA REL GIOS DAS POSI  ES 91.01 OU 91.02
91101190;OUTROS
91101200;-- MECANISMOS INCOMPLETOS, MONTADOS
91101900;-- ESBO OS
91109000;- OUTROS
9111;CAIXAS DE REL GIOS DAS POSI  ES 91.01 OU 91.02, E SUAS PARTES.
91111000;- CAIXAS DE METAIS PRECIOSOS OU DE METAIS FOLHEADOS OU CHAPEADOS DE METAIS PRECIOSOS (PLAQU )
911120;- CAIXAS DE METAIS COMUNS, MESMO DOURADOS OU PRATEADOS
91112010;DE LAT O, EM ESBO O
91112090;OUTRAS
91118000;- OUTRAS CAIXAS
911190;- PARTES
91119010;FUNDOS DE METAIS COMUNS
91119090;OUTRAS
9112;CAIXAS E SEMELHANTES DE ARTIGOS DE RELOJOARIA, E SUAS PARTES.
91122000;- CAIXAS E SEMELHANTES
91129000;- PARTES
9113;PULSEIRAS DE REL GIOS, E SUAS PARTES.
91131000;- DE METAIS PRECIOSOS OU DE METAIS FOLHEADOS OU CHAPEADOS DE METAIS PRECIOSOS (PLAQU )
91132000;- DE METAIS COMUNS, MESMO DOURADOS OU PRATEADOS
91139000;- OUTRAS
9114;OUTRAS PARTES DE ARTIGOS DE RELOJOARIA.
91143000;- QUADRANTES
91144000;- PLATINAS E PONTES
91149000;- OUTRAS
92;"INSTRUMENTOS MUSICAIS; SUAS PARTES E ACESS RIOS."
9201;"PIANOS, MESMO AUTOM TICOS; CRAVOS E OUTROS INSTRUMENTOS DE CORDAS, COM TECLADO."
92011000;- PIANOS VERTICAIS
92012000;- PIANOS DE CAUDA
92019000;- OUTROS
9202;OUTROS INSTRUMENTOS MUSICAIS DE CORDAS (POR EXEMPLO, VIOL ES (GUITARRAS*), VIOLINOS, HARPAS).
92021000;- DE CORDAS, TOCADOS COM O AUX LIO DE UM ARCO
92029000;- OUTROS
9205;INSTRUMENTOS MUSICAIS DE SOPRO (POR EXEMPLO,  RG OS DE TUBOS E TECLADO, ACORDE ES, CLARINETES, TROMPETES, GAITAS DE FOLES), EXCETO OS  RG OS MEC NICOS DE FEIRA E OS REALEJOS.
92051000;"- INSTRUMENTOS DENOMINADOS ""METAIS"""
92059000;- OUTROS
92060000;INSTRUMENTOS MUSICAIS DE PERCUSS O (POR EXEMPLO, TAMBORES, CAIXAS, XILOFONES, PRATOS, CASTANHOLAS, MARAC S).
9207;INSTRUMENTOS MUSICAIS CUJO SOM   PRODUZIDO OU AMPLIFICADO POR MEIOS EL TRICOS (POR EXEMPLO,  RG OS, GUITARRAS, ACORDE ES).
920710;- INSTRUMENTOS DE TECLADO, EXCETO ACORDE ES
92071010;SINTETIZADORES
92071090;OUTROS
920790;- OUTROS
92079010;GUITARRAS E CONTRABAIXOS
92079090;OUTROS
9208;"CAIXAS DE M SICA,  RG OS MEC NICOS DE FEIRA, REALEJOS, P SSAROS CANTORES MEC NICOS, SERROTES MUSICAIS E OUTROS INSTRUMENTOS MUSICAIS N O ESPECIFICADOS NOUTRA POSI  O DO PRESENTE CAP TULO; CHAMARIZES DE QUALQUER TIPO; APITOS, BERRANTES (CORNETAS*) E OUTROS INSTRUMENTOS, DE BOCA, PARA CHAMADA OU SINALIZA  O."
92081000;- CAIXAS DE M SICA
92089000;- OUTROS
9209;"PARTES (MECANISMOS DE CAIXAS DE M SICA, POR EXEMPLO) E ACESS RIOS (POR EXEMPLO, CART ES, DISCOS E ROLOS PARA INSTRUMENTOS MEC NICOS) DE INSTRUMENTOS MUSICAIS; METR NOMOS E DIAPAS ES DE QUALQUER TIPO."
92093000;- CORDAS PARA INSTRUMENTOS MUSICAIS
92099;- OUTROS:
92099100;-- PARTES E ACESS RIOS DE PIANOS
92099200;-- PARTES E ACESS RIOS DE INSTRUMENTOS MUSICAIS DA POSI  O 92.02
92099400;-- PARTES E ACESS RIOS DE INSTRUMENTOS MUSICAIS DA POSI  O 92.07
92099900;-- OUTROS
93;"ARMAS E MUNI  ES; SUAS PARTES E ACESS RIOS."
9301;ARMAS DE GUERRA, EXCETO REV LVERES, PISTOLAS E ARMAS BRANCAS.
93011000;- PE AS DE ARTILHARIA (POR EXEMPLO, CANH ES, OBUSES E MORTEIROS)
93012000;"- LAN A-M SSEIS; LAN A-CHAMAS; LAN A-GRANADAS; LAN A-TORPEDOS E LAN ADORES SEMELHANTES"
93019000;- OUTRAS
93020000;REV LVERES E PISTOLAS, EXCETO OS DAS POSI  ES 93.03 OU 93.04.
9303;OUTRAS ARMAS DE FOGO E APARELHOS SEMELHANTES QUE UTILIZEM A DEFLAGRA  O DA P LVORA (POR EXEMPLO, ESPINGARDAS E CARABINAS, DE CA A, ARMAS DE FOGO CARREG VEIS EXCLUSIVAMENTE PELA BOCA, PISTOLAS LAN A-FOGUETES E OUTROS APARELHOS CONCEBIDOS APENAS PARA LAN AR FOGUETES DE SINALIZA  O, PISTOLAS E REV LVERES PARA TIRO DE FESTIM (SEM BALA), PISTOLAS DE  MBOLO CATIVO PARA ABATER ANIMAIS, CANH ES LAN A-AMARRAS).
93031000;- ARMAS DE FOGO CARREG VEIS EXCLUSIVAMENTE PELA BOCA
93032000;- OUTRAS ESPINGARDAS E CARABINAS DE CA A OU DE TIRO AO ALVO, COM PELO MENOS UM CANO LISO
93033000;- OUTRAS ESPINGARDAS E CARABINAS DE CA A OU DE TIRO AO ALVO
930390;- OUTROS
93039010;LAN ADORES DO TIPO UTILIZADO COM CARTUCHOS DOS ITENS 9306.21.10, 9306.21.20 OU 9306.21.30
93039090;OUTROS
930400;OUTRAS ARMAS (POR EXEMPLO, ESPINGARDAS, CARABINAS E PISTOLAS, DE MOLA, DE AR COMPRIMIDO OU DE G S, CASSETETES), EXCETO AS DA POSI  O 93.07.
93040010;RECIPIENTES DO TIPO AEROSSOL QUE CONTENHAM PRODUTOS QU MICOS OU OLEORRESINA DE CAPSICUM, COM FINS IRRITANTES
93040090;OUTRAS
9305;PARTES E ACESS RIOS DOS ARTIGOS DAS POSI  ES 93.01 A 93.04.
93051000;- DE REV LVERES OU PISTOLAS
93052000;- DE ESPINGARDAS OU CARABINAS DA POSI  O 93.03
93059;- OUTROS:
93059100;-- DE ARMAS DE GUERRA DA POSI  O 93.01
93059900;-- OUTROS
9306;BOMBAS, GRANADAS, TORPEDOS, MINAS, M SSEIS, CARTUCHOS E OUTRAS MUNI  ES E PROJ TEIS, E SUAS PARTES, INCLUINDO OS ZAGALOTES, CHUMBOS DE CA A E BUCHAS PARA CARTUCHOS.
93062;"- CARTUCHOS E SUAS PARTES, PARA ESPINGARDAS OU CARABINAS DE CANO LISO; CHUMBOS PARA CARABINAS DE AR COMPRIMIDO:"
930621;-- CARTUCHOS
93062110;QUE CONTENHAM PRODUTOS QU MICOS OU OLEORRESINA DE CAPSICUM, COM FINS IRRITANTES
93062120;OUTROS, QUE PRODUZEM EFEITOS FUM GENOS, DE ILUMINA  O, DE SOM OU DE IDENTIFICA  O MEDIANTE TINTAS OU CORANTES
93062130;OUTROS, COM UM OU MAIS PROJ TEIS DE ELAST MEROS
93062190;OUTROS
93062900;-- OUTROS
93063000;- OUTROS CARTUCHOS E SUAS PARTES
930690;- OUTROS
93069010;GRANADAS QUE CONTENHAM PRODUTOS QU MICOS OU OLEORRESINA DE CAPSICUM, COM FINS IRRITANTES
93069020;OUTRAS GRANADAS, QUE PRODUZEM EFEITOS FUM GENOS, DE ILUMINA  O, DE SOM OU DE IDENTIFICA  O MEDIANTE TINTAS OU CORANTES
93069090;OUTROS
93070000;SABRES, ESPADAS, BAIONETAS, LAN AS E OUTRAS ARMAS BRANCAS, SUAS PARTES E BAINHAS.
94;"M VEIS; MOBILI RIO M DICO-CIR RGICO; COLCH ES, ALMOFADAS E SEMELHANTES; LUMIN RIAS E APARELHOS DE ILUMINA  O N O ESPECIFICADOS NEM COMPREENDIDOS NOUTROS CAP TULOS; AN NCIOS, CARTAZES OU TABULETAS E PLACAS INDICADORAS, LUMINOSOS E ARTIGOS SEMELHANTES; CONSTRU  ES PR -FABRICADAS."
9401;ASSENTOS (EXCETO OS DA POSI  O 94.02), MESMO TRANSFORM VEIS EM CAMAS, E SUAS PARTES.
940110;- ASSENTOS DO TIPO UTILIZADO EM VE CULOS A REOS
94011010;EJET VEIS
94011090;OUTROS
94012000;- ASSENTOS DO TIPO UTILIZADO EM VE CULOS AUTOM VEIS
94013;- ASSENTOS GIRAT RIOS DE ALTURA AJUST VEL:
94013100;-- DE MADEIRA
94013900;-- OUTROS
94014;- ASSENTOS (EXCETO DE JARDIM OU DE ACAMPAMENTO) TRANSFORM VEIS EM CAMAS:
94014100;-- DE MADEIRA
94014900;-- OUTROS
94015;- ASSENTOS DE ROTIM, VIME, BAMBU OU MAT RIAS SEMELHANTES:
94015200;-- DE BAMBU
94015300;-- DE ROTIM
94015900;-- OUTROS
94016;- OUTROS ASSENTOS, COM ARMA  O DE MADEIRA:
94016100;-- ESTOFADOS
94016900;-- OUTROS
94017;- OUTROS ASSENTOS, COM ARMA  O DE METAL:
94017100;-- ESTOFADOS
94017900;-- OUTROS
94018000;- OUTROS ASSENTOS
94019;- PARTES:
94019100;-- DE MADEIRA
94019900;-- OUTRAS
9402;"MOBILI RIO PARA MEDICINA, CIRURGIA, ODONTOLOGIA OU VETERIN RIA (POR EXEMPLO, MESAS DE OPERA  O, MESAS DE EXAMES, CAMAS DOTADAS DE MECANISMOS PARA USOS CL NICOS, CADEIRAS ODONTOL GICAS); CADEIRAS PARA SAL ES DE CABELEIREIRO E CADEIRAS SEMELHANTES, COM DISPOSITIVOS DE ORIENTA  O E DE ELEVA  O; SUAS PARTES."
94021000;- CADEIRAS ODONTOL GICAS, CADEIRAS PARA SAL ES DE CABELEIREIRO E CADEIRAS SEMELHANTES, E SUAS PARTES
940290;- OUTROS
94029010;MESAS DE OPERA  O
94029020;CAMAS DOTADAS DE MECANISMOS PARA USOS CL NICOS
94029090;OUTROS
9403;OUTROS M VEIS E SUAS PARTES.
94031000;- M VEIS DE METAL, DO TIPO UTILIZADO EM ESCRIT RIOS
940320;- OUTROS M VEIS DE METAL
94032010;DO TIPO UTILIZADO EM COZINHAS
94032090;OUTROS
94033000;- M VEIS DE MADEIRA, DO TIPO UTILIZADO EM ESCRIT RIOS
94034000;- M VEIS DE MADEIRA, DO TIPO UTILIZADO EM COZINHAS
94035000;- M VEIS DE MADEIRA, DO TIPO UTILIZADO EM QUARTOS DE DORMIR
94036000;- OUTROS M VEIS DE MADEIRA
94037000;- M VEIS DE PL STICO
94038;- M VEIS DE OUTRAS MAT RIAS, INCLUINDO O ROTIM, VIME, BAMBU OU MAT RIAS SEMELHANTES:
94038200;-- DE BAMBU
94038300;-- DE ROTIM
94038900;-- OUTROS
94039;- PARTES:
94039100;-- DE MADEIRA
94039900;-- OUTRAS
9404;"SUPORTES PARA CAMAS (SOMI S); COLCH ES, EDRED ES, ALMOFADAS, PUFES, TRAVESSEIROS E ARTIGOS SEMELHANTES, EQUIPADOS COM MOLAS OU GUARNECIDOS INTERIORMENTE DE QUAISQUER MAT RIAS, COMPREENDENDO ESSES ARTIGOS DE BORRACHA ALVEOLAR OU DE PL STICO ALVEOLAR, MESMO RECOBERTOS."
94041000;- SUPORTES PARA CAMAS (SOMI S)
94042;- COLCH ES:
94042100;-- DE BORRACHA ALVEOLAR OU DE PL STICO ALVEOLAR, MESMO RECOBERTOS
94042900;-- DE OUTRAS MAT RIAS
94043000;- SACOS DE DORMIR
94044000;- COLCHAS, EDRED ES E ARTIGOS SEMELHANTES
94049000;- OUTROS
9405;"LUMIN RIAS E APARELHOS DE ILUMINA  O (INCLUINDO OS PROJETORES), E SUAS PARTES, N O ESPECIFICADOS NEM COMPREENDIDOS NOUTRAS POSI  ES; AN NCIOS, CARTAZES OU TABULETAS E PLACAS INDICADORAS, LUMINOSOS, E ARTIGOS SEMELHANTES, QUE CONTENHAM UMA FONTE LUMINOSA FIXA PERMANENTE, E SUAS PARTES N O ESPECIFICADAS NEM COMPREENDIDAS NOUTRAS POSI  ES."
94051;- LUSTRES E OUTRAS LUMIN RIAS, EL TRICOS, PR PRIOS PARA SEREM SUSPENSOS OU FIXADOS NO TETO OU NA PAREDE, EXCETO OS DO TIPO UTILIZADO NA ILUMINA  O P BLICA:
940511;-- CONCEBIDOS PARA SEREM UTILIZADOS UNICAMENTE COM FONTES DE LUZ DE DIODOS EMISSORES DE LUZ (LED)
94051110;FOCOS CIR RGICOS (LUZES SEM SOMBRA, DO TIPO UTILIZADO EM MEDICINA, CIRURGIA OU ODONTOLOGIA)
94051190;OUTROS
940519;-- OUTROS
94051910;FOCOS CIR RGICOS (LUZES SEM SOMBRA, DO TIPO UTILIZADO EM MEDICINA, CIRURGIA OU ODONTOLOGIA)
94051990;OUTROS
94052;- ABAJURES (CANDEEIROS) DE MESA, DE ESCRIT RIO, DE CABECEIRA E LUMIN RIAS (CANDEEIROS) DE P , EL TRICOS:
94052100;-- CONCEBIDOS PARA SEREM UTILIZADOS UNICAMENTE COM FONTES DE LUZ DE DIODOS EMISSORES DE LUZ (LED)
94052900;-- OUTROS
94053;- GUIRLANDAS EL TRICAS DO TIPO UTILIZADO EM  RVORES DE NATAL:
94053100;-- CONCEBIDAS PARA SEREM UTILIZADAS UNICAMENTE COM FONTES DE LUZ DE DIODOS EMISSORES DE LUZ (LED)
94053900;-- OUTRAS
94054;- OUTRAS LUMIN RIAS E APARELHOS DE ILUMINA  O, EL TRICOS:
94054100;-- FOTOVOLTAICOS, CONCEBIDOS PARA SEREM UTILIZADOS UNICAMENTE COM FONTES DE LUZ DE DIODOS EMISSORES DE LUZ (LED)
94054200;-- OUTROS, CONCEBIDOS PARA SEREM UTILIZADOS UNICAMENTE COM FONTES DE LUZ DE DIODOS EMISSORES DE LUZ (LED)
94054900;-- OUTROS
94055000;- LUMIN RIAS E APARELHOS DE ILUMINA  O, N O EL TRICOS
94056;- AN NCIOS, CARTAZES OU TABULETAS E PLACAS INDICADORAS, LUMINOSOS, E ARTIGOS SEMELHANTES:
94056100;-- CONCEBIDOS PARA SEREM UTILIZADOS UNICAMENTE COM FONTES DE LUZ DE DIODOS EMISSORES DE LUZ (LED)
94056900;-- OUTROS
94059;- PARTES:
94059100;-- DE VIDRO
94059200;-- DE PL STICO
94059900;-- OUTRAS
9406;CONSTRU  ES PR -FABRICADAS.
940610;- DE MADEIRA
94061010;ESTUFAS
94061090;OUTRAS
94062000;- UNIDADES DE CONSTRU  O MODULARES, DE A O
940690;- OUTRAS
94069010;ESTUFAS
94069020;COM ESTRUTURA DE FERRO OU A O E PAREDES EXTERIORES CONSTITU DAS PRINCIPALMENTE DESSAS MAT RIAS
94069090;OUTRAS
95;"BRINQUEDOS, JOGOS, ARTIGOS PARA DIVERTIMENTO OU PARA ESPORTE; SUAS PARTES E ACESS RIOS."
950300;"TRICICLOS, PATINETES (TROTINETAS*), CARROS DE PEDAIS E OUTROS BRINQUEDOS SEMELHANTES DE RODAS; CARRINHOS PARA BONECOS; BONECOS; OUTROS BRINQUEDOS; MODELOS REDUZIDOS E MODELOS SEMELHANTES PARA DIVERTIMENTO, MESMO ANIMADOS; QUEBRA-CABE AS (PUZZLES) DE QUALQUER ESP CIE."
95030010;"TRICICLOS, PATINETES, CARROS DE PEDAIS E OUTROS BRINQUEDOS SEMELHANTES COM RODAS; CARRINHOS PARA BONECOS"
9503002;BONECOS QUE REPRESENTEM SOMENTE SERES HUMANOS
95030021;BONECOS, MESMO VESTIDOS, COM MECANISMO A CORDA OU EL TRICO
95030022;OUTROS BONECOS, MESMO VESTIDOS
95030029;PARTES E ACESS RIOS
9503003;BRINQUEDOS QUE REPRESENTEM ANIMAIS OU SERES N O HUMANOS
95030031;COM ENCHIMENTO
95030039;OUTROS
95030040;TRENS EL TRICOS, INCLUINDO OS TRILHOS, SINAIS E OUTROS ACESS RIOS
95030050;MODELOS REDUZIDOS, MESMO ANIMADOS, EM CONJUNTOS PARA MONTAGEM, EXCETO OS DO ITEM 9503.00.40
95030060;OUTROS CONJUNTOS E BRINQUEDOS, PARA CONSTRU  O
95030070;QUEBRA-CABE AS (PUZZLES)
95030080;OUTROS BRINQUEDOS, APRESENTADOS EM SORTIDOS OU EM PAN PLIAS
9503009;OUTROS
95030091;INSTRUMENTOS E APARELHOS MUSICAIS, DE BRINQUEDO
95030097;OUTROS BRINQUEDOS, COM MOTOR EL TRICO
95030098;OUTROS BRINQUEDOS, COM MOTOR N O EL TRICO
95030099;OUTROS
9504;CONSOLES E M QUINAS DE JOGOS DE V DEO, JOGOS DE SAL O, INCLUINDO OS JOGOS COM MOTOR OU OUTRO MECANISMO, OS BILHARES, AS MESAS ESPECIAIS PARA JOGOS DE CASSINO E OS JOGOS DE BALIZAS (PINOS) AUTOM TICOS (BOLICHE), OS JOGOS QUE FUNCIONEM POR INTRODU  O DE MOEDAS, NOTAS (PAP IS-MOEDA), CART ES DE BANCO, FICHAS OU POR OUTROS MEIOS DE PAGAMENTO.
95042000;- BILHARES DE QUALQUER ESP CIE E SEUS ACESS RIOS
95043000;- OUTROS JOGOS QUE FUNCIONEM POR INTRODU  O DE MOEDAS, NOTAS (PAP IS-MOEDA), CART ES DE BANCO, FICHAS OU POR OUTROS MEIOS DE PAGAMENTO, EXCETO OS JOGOS DE BALIZAS (PINOS) AUTOM TICOS (BOLICHE)
95044000;- CARTAS DE JOGAR
95045000;- CONSOLES E M QUINAS DE JOGOS DE V DEO, EXCETO OS CLASSIFICADOS NA SUBPOSI  O 9504.30
950490;- OUTROS
95049010;JOGOS DE BALIZAS (PINOS) AUTOM TICOS (BOLICHE)
95049090;OUTROS
9505;ARTIGOS PARA FESTAS, CARNAVAL OU OUTROS DIVERTIMENTOS, INCLUINDO OS ARTIGOS DE MAGIA E ARTIGOS-SURPRESA.
95051000;- ARTIGOS PARA FESTAS DE NATAL
95059000;- OUTROS
9506;"ARTIGOS E EQUIPAMENTOS PARA CULTURA F SICA, GIN STICA, ATLETISMO, OUTROS ESPORTES (INCLUINDO O T NIS DE MESA), OU JOGOS AO AR LIVRE, N O ESPECIFICADOS NEM COMPREENDIDOS NOUTRAS POSI  ES DESTE CAP TULO; PISCINAS, INCLUINDO AS INFANTIS."
95061;- ESQUIS E OUTROS EQUIPAMENTOS PARA ESQUIAR NA NEVE:
95061100;-- ESQUIS
95061200;-- FIXADORES PARA ESQUIS
95061900;-- OUTROS
95062;- ESQUIS AQU TICOS, PRANCHAS DE SURFE, PRANCHAS   VELA E OUTROS EQUIPAMENTOS PARA A PR TICA DE ESPORTES AQU TICOS:
95062100;-- PRANCHAS   VELA
95062900;-- OUTROS
95063;- TACOS E OUTROS EQUIPAMENTOS PARA GOLFE:
95063100;-- TACOS COMPLETOS
95063200;-- BOLAS
95063900;-- OUTROS
95064000;- ARTIGOS E EQUIPAMENTOS PARA T NIS DE MESA
95065;- RAQUETES DE T NIS, DE BADMINTON E RAQUETES SEMELHANTES, MESMO N O ENCORDOADAS:
95065100;-- RAQUETES DE T NIS, MESMO N O ENCORDOADAS
95065900;-- OUTRAS
95066;- BOLAS, EXCETO DE GOLFE OU DE T NIS DE MESA:
95066100;-- BOLAS DE T NIS
95066200;-- INFL VEIS
95066900;-- OUTRAS
95067000;- PATINS PARA GELO E PATINS DE RODAS, INCLUINDO OS FIXADOS EM CAL ADO
95069;- OUTROS:
95069100;-- ARTIGOS E EQUIPAMENTOS PARA CULTURA F SICA, GIN STICA OU ATLETISMO
95069900;-- OUTROS
9507;"VARAS (CANAS*) DE PESCA, ANZ IS E OUTROS ARTIGOS PARA A PESCA   LINHA; PU  S (CAMAROEIROS), REDES DE BORBOLETAS E REDES SEMELHANTES; ISCAS E CHAMARIZES (EXCETO OS DAS POSI  ES 92.08 OU 97.05) E ARTIGOS SEMELHANTES DE CA A."
95071000;- VARAS (CANAS*) DE PESCA
95072000;- ANZ IS, MESMO MONTADOS EM SEDELAS
95073000;- CARRETILHAS E MOLINETES (CARRETES*), DE PESCA
95079000;- OUTROS
9508;"CIRCOS AMBULANTES E COLE  ES DE ANIMAIS AMBULANTES; EQUIPAMENTOS PARA PARQUES DE DIVERS ES E EQUIPAMENTOS PARA PARQUES AQU TICOS; ATRA  ES DE PARQUES E FEIRAS, INCLUINDO AS INSTALA  ES DE TIRO AO ALVO; TEATROS AMBULANTES."
95081000;- CIRCOS AMBULANTES E COLE  ES DE ANIMAIS AMBULANTES
95082;- EQUIPAMENTOS PARA PARQUES DE DIVERS ES E EQUIPAMENTOS PARA PARQUES AQU TICOS:
950821;-- MONTANHAS-RUSSAS
95082110;COM PERCURSO IGUAL OU SUPERIOR A 300 M
95082120;VAGONETES COM CAPACIDADE IGUAL OU SUPERIOR A 6 PESSOAS
95082190;OUTRAS
950822;-- CARROSS IS, BALAN OS (BALOI OS) E EQUIPAMENTOS GIRAT RIOS SEMELHANTES
95082210;CARROSS IS, MESMO DOTADOS DE DISPOSITIVO DE ELEVA  O, DE DI METRO INFERIOR A 16 M
95082290;OUTROS
95082300;-- CARRINHOS DE CHOQUE
95082400;-- SIMULADORES DE MOVIMENTOS E CINEMAS DIN MICOS
95082500;-- PERCURSOS AQU TICOS
95082600;-- EQUIPAMENTOS PARA PARQUES AQU TICOS
95082900;-- OUTROS
95083000;- ATRA  ES DE PARQUES E FEIRAS
95084000;- TEATROS AMBULANTES
96;OBRAS DIVERSAS.
9601;MARFIM, OSSO, CARAPA A DE TARTARUGA, CHIFRE, PONTAS, CORAL, MADREP ROLA E OUTRAS MAT RIAS ANIMAIS PARA ENTALHAR, TRABALHADOS, E SUAS OBRAS (INCLUINDO AS OBRAS OBTIDAS POR MOLDAGEM).
96011000;- MARFIM TRABALHADO E OBRAS DE MARFIM
96019000;- OUTROS
960200;"MAT RIAS VEGETAIS OU MINERAIS DE ENTALHAR, TRABALHADAS, E SUAS OBRAS; OBRAS MOLDADAS OU ENTALHADAS DE CERA, PARAFINA, ESTEARINA, GOMAS OU RESINAS NATURAIS, DE MASSAS OU PASTAS PARA MODELAR, E OUTRAS OBRAS MOLDADAS OU ENTALHADAS N O ESPECIFICADAS NEM COMPREENDIDAS NOUTRAS POSI  ES; GELATINA N O ENDURECIDA, TRABALHADA, EXCETO A DA POSI  O 35.03, E OBRAS DE GELATINA N O ENDURECIDA."
96020010;C PSULAS DE GELATINAS DIGER VEIS
96020020;COLMEIAS ARTIFICIAIS
96020090;OUTRAS
9603;"VASSOURAS E ESCOVAS, MESMO QUE CONSTITUAM PARTES DE M QUINAS, DE APARELHOS OU DE VE CULOS, VASSOURAS MEC NICAS DE USO MANUAL N O MOTORIZADAS, PINC IS E ESPANADORES; CABE AS PREPARADAS PARA ESCOVAS, PINC IS E ARTIGOS SEMELHANTES; PADS (TALOCHAS) E ROLOS PARA PINTURA; RODOS DE BORRACHA OU DE MAT RIAS FLEX VEIS SEMELHANTES."
96031000;- VASSOURAS E ESCOVAS CONSTITU DAS POR PEQUENOS RAMOS OU OUTRAS MAT RIAS VEGETAIS REUNIDAS EM FEIXES, MESMO COM CABO
96032;- ESCOVAS DE DENTES, ESCOVAS E PINC IS DE BARBA, ESCOVAS PARA CABELO, PARA C LIOS OU PARA UNHAS E OUTRAS ESCOVAS DE TOUCADOR DE PESSOAS, INCLUINDO AS QUE SEJAM PARTES DE APARELHOS:
96032100;-- ESCOVAS DE DENTES, INCLUINDO AS ESCOVAS PARA DENTADURAS
96032900;-- OUTROS
96033000;- PINC IS E ESCOVAS, PARA ARTISTAS, PINC IS DE ESCREVER E PINC IS SEMELHANTES PARA APLICA  O DE PRODUTOS COSM TICOS
960340;"- ESCOVAS E PINC IS, PARA PINTAR, CAIAR, ENVERNIZAR OU SEMELHANTES (EXCETO OS PINC IS DA SUBPOSI  O 9603.30); PADS (TALOCHAS) E ROLOS PARA PINTURA"
96034010;ROLOS
96034090;OUTROS
96035000;- OUTRAS ESCOVAS QUE CONSTITUAM PARTES DE M QUINAS, DE APARELHOS OU DE VE CULOS
96039000;- OUTROS
96040000;PENEIRAS E CRIVOS, MANUAIS.
96050000;CONJUNTOS DE VIAGEM PARA TOUCADOR DE PESSOAS, PARA COSTURA OU PARA LIMPEZA DE CAL ADO OU DE ROUPA.
9606;"BOT ES, INCLUINDO OS DE PRESS O; FORMAS E OUTRAS PARTES, DE BOT ES OU DE BOT ES DE PRESS O; ESBO OS DE BOT ES."
96061000;- BOT ES DE PRESS O E SUAS PARTES
96062;- BOT ES:
96062100;-- DE PL STICO, N O RECOBERTOS DE MAT RIAS T XTEIS
96062200;-- DE METAIS COMUNS, N O RECOBERTOS DE MAT RIAS T XTEIS
96062900;-- OUTROS
96063000;"- FORMAS E OUTRAS PARTES, DE BOT ES; ESBO OS DE BOT ES"
9607;FECHOS ECLER (DE CORRER) E SUAS PARTES.
96071;- FECHOS ECLER (DE CORRER):
96071100;-- COM GRAMPOS DE METAL COMUM
96071900;-- OUTROS
96072000;- PARTES
9608;"CANETAS ESFEROGR FICAS; CANETAS E MARCADORES, COM PONTA DE FELTRO OU COM OUTRAS PONTAS POROSAS; CANETAS-TINTEIRO (CANETAS DE TINTA PERMANENTE*) E OUTRAS CANETAS; ESTILETES PARA DUPLICADORES; LAPISEIRAS; CANETAS PORTA-PENAS, PORTA-L PIS E ARTIGOS SEMELHANTES; SUAS PARTES (INCLUINDO AS TAMPAS E PRENDEDORES), EXCETO OS ARTIGOS DA POSI  O 96.09."
96081000;- CANETAS ESFEROGR FICAS
96082000;- CANETAS E MARCADORES, COM PONTA DE FELTRO OU COM OUTRAS PONTAS POROSAS
96083000;- CANETAS-TINTEIRO (CANETAS DE TINTA PERMANENTE*) E OUTRAS CANETAS
96084000;- LAPISEIRAS
96085000;- SORTIDOS DE ARTIGOS DE, PELO MENOS, DUAS DAS SUBPOSI  ES PRECEDENTES
96086000;- CARGAS COM PONTA, PARA CANETAS ESFEROGR FICAS
96089;- OUTROS:
96089100;-- PENAS (APAROS) E SUAS PONTAS
960899;-- OUTROS
9608998;PARTES
96089981;PONTAS POROSAS PARA OS ARTIGOS DA SUBPOSI  O 9608.20
96089989;OUTRAS
96089990;OUTROS
9609;L PIS, MINAS, PAST IS, CARV ES, GIZES PARA ESCREVER OU DESENHAR E GIZES DE ALFAIATE.
96091000;- L PIS
96092000;- MINAS PARA L PIS OU PARA LAPISEIRAS
96099000;- OUTROS
96100000;LOUSAS E QUADROS PARA ESCREVER OU DESENHAR, MESMO EMOLDURADOS.
96110000;"CARIMBOS, INCLUINDO OS DATADORES E NUMERADORES, SINETES E ARTIGOS SEMELHANTES (INCLUINDO OS APARELHOS PARA IMPRESS O DE ETIQUETAS), MANUAIS; DISPOSITIVOS MANUAIS DE COMPOSI  O TIPOGR FICA E JOGOS DE IMPRESS O MANUAIS QUE CONTENHAM TAIS DISPOSITIVOS."
9612;"FITAS IMPRESSORAS PARA M QUINAS DE ESCREVER E FITAS IMPRESSORAS SEMELHANTES, TINTADAS OU PREPARADAS DE OUTRA FORMA PARA IMPRIMIR, MONTADAS OU N O EM CARRET IS OU CARTUCHOS; ALMOFADAS DE CARIMBO, IMPREGNADAS OU N O, MESMO COM CAIXA."
96121000;- FITAS IMPRESSORAS
96122000;- ALMOFADAS DE CARIMBO
9613;ISQUEIROS E OUTROS ACENDEDORES, MESMO MEC NICOS OU EL TRICOS, E SUAS PARTES, EXCETO PEDRAS E PAVIOS.
96131000;- ISQUEIROS DE BOLSO, A G S, N O RECARREG VEIS
96132000;- ISQUEIROS DE BOLSO, A G S, RECARREG VEIS
96138000;- OUTROS ISQUEIROS E ACENDEDORES
96139000;- PARTES
96140000;CACHIMBOS (INCLUINDO OS SEUS FORNILHOS), PITEIRAS (BOQUILHAS) PARA CHARUTOS OU CIGARROS, E SUAS PARTES.
9615;"PENTES, TRAVESSAS PARA CABELO E ARTIGOS SEMELHANTES; GRAMPOS (GANCHOS) E ALFINETES PARA CABELO; PIN AS, ONDULADORES, BOBES (BIGUDIS*) E ARTIGOS SEMELHANTES PARA PENTEADOS, EXCETO OS DA POSI  O 85.16, E SUAS PARTES."
96151;- PENTES, TRAVESSAS PARA CABELO E ARTIGOS SEMELHANTES:
96151100;-- DE BORRACHA ENDURECIDA OU DE PL STICO
96151900;-- OUTROS
96159000;- OUTROS
9616;"VAPORIZADORES DE TOUCADOR, SUAS ARMA  ES E CABE AS DE ARMA  ES; BORLAS OU ESPONJAS PARA P S OU PARA APLICA  O DE OUTROS COSM TICOS OU DE PRODUTOS DE TOUCADOR."
96161000;- VAPORIZADORES DE TOUCADOR, SUAS ARMA  ES E CABE AS DE ARMA  ES
96162000;- BORLAS OU ESPONJAS PARA P S OU PARA APLICA  O DE OUTROS COSM TICOS OU DE PRODUTOS DE TOUCADOR
961700;GARRAFAS T RMICAS E OUTROS RECIPIENTES ISOT RMICOS, MONTADOS, COM ISOLAMENTO PRODUZIDO PELO V CUO, E SUAS PARTES (EXCETO AMPOLAS DE VIDRO).
96170010;GARRAFAS T RMICAS E OUTROS RECIPIENTES ISOT RMICOS
96170020;PARTES
96180000;"MANEQUINS E ARTIGOS SEMELHANTES; AUT MATOS E CENAS ANIMADAS, PARA VITRINES E MOSTRU RIOS."
96190000;ABSORVENTES (PENSOS*) E TAMP ES HIGI NICOS, CUEIROS, FRALDAS E ARTIGOS HIGI NICOS SEMELHANTES, DE QUALQUER MAT RIA.
96200000;MONOP S, BIP S, TRIP S E ARTIGOS SEMELHANTES.
97;OBJETOS DE ARTE, DE COLE  O E ANTIGUIDADES.
9701;"QUADROS, PINTURAS E DESENHOS, FEITOS INTEIRAMENTE   M O, EXCETO OS DESENHOS DA POSI  O 49.06 E OS ARTIGOS MANUFATURADOS DECORADOS   M O; COLAGENS, MOSAICOS E QUADROS DECORATIVOS SEMELHANTES."
97012;- COM MAIS DE 100 ANOS:
97012100;-- QUADROS, PINTURAS E DESENHOS
97012200;-- MOSAICOS
97012900;-- OUTROS
97019;- OUTROS:
97019100;-- QUADROS, PINTURAS E DESENHOS
97019200;-- MOSAICOS
97019900;-- OUTROS
9702;GRAVURAS, ESTAMPAS E LITOGRAFIAS, ORIGINAIS.
97021000;- COM MAIS DE 100 ANOS
97029000;- OUTRAS
9703;PRODU  ES ORIGINAIS DE ARTE ESTATU RIA OU DE ESCULTURA, DE QUAISQUER MAT RIAS.
97031000;- COM MAIS DE 100 ANOS
97039000;- OUTRAS
97040000;SELOS POSTAIS, SELOS FISCAIS, MARCAS POSTAIS, ENVELOPES DE PRIMEIRO DIA (FIRST-DAY COVERS), INTEIROS POSTAIS E SEMELHANTES, OBLITERADOS, OU N O OBLITERADOS, EXCETO OS ARTIGOS DA POSI  O 49.07.
9705;COLE  ES E PE AS DE COLE  O QUE APRESENTEM UM INTERESSE ARQUEOL GICO, ETNOGR FICO, HIST RICO, ZOOL GICO, BOT NICO, MINERAL GICO, ANAT MICO, PALEONTOL GICO OU NUMISM TICO.
97051000;- COLE  ES E PE AS DE COLE  O QUE APRESENTEM UM INTERESSE ARQUEOL GICO, ETNOGR FICO OU HIST RICO
97052;- COLE  ES E PE AS DE COLE  O QUE APRESENTEM UM INTERESSE ZOOL GICO, BOT NICO, MINERAL GICO, ANAT MICO OU PALEONTOL GICO:
97052100;-- ESP CIMES HUMANOS E SUAS PARTES
97052200;-- ESP CIES EXTINTAS OU AMEA ADAS DE EXTIN  O, E SUAS PARTES
97052900;-- OUTRAS
97053;- COLE  ES E PE AS DE COLE  O QUE APRESENTEM UM INTERESSE NUMISM TICO:
97053100;-- COM MAIS DE 100 ANOS
97053900;-- OUTRAS
9706;ANTIGUIDADES COM MAIS DE 100 ANOS.
97061000;- COM MAIS DE 250 ANOS
97069000;- OUTRAS
